snapshot,source_id,ordinal,comp_valid,struct_valid,terminal_status,terminal_verified,e_above_hull_eV_atom,hull_missing,novel,unique_representative,strict_stable,meta_stable,strict_sun,meta_sun
S0,H1A2_1200:0000,0,True,True,verified,True,0.04722744696472159,False,False,True,False,True,False,False
S0,H1A2_1200:0001,1,False,True,verified,True,0.06720818159277364,False,True,True,False,True,False,True
S0,H1A2_1200:0002,2,True,True,verified,True,0.09906981012207083,False,True,True,False,True,False,True
S0,H1A2_1200:0003,3,True,True,verified,True,0.0521231776910831,False,True,True,False,True,False,True
S0,H1A2_1200:0004,4,True,True,verified,True,0.012229180307617327,False,False,True,False,True,False,False
S0,H1A2_1200:0005,5,True,True,verified,True,-0.03990145840942372,False,False,True,True,True,False,False
S0,H1A2_1200:0006,6,True,True,verified,True,0.1718308457116695,False,unknown,unknown,False,False,False,False
S0,H1A2_1200:0007,7,True,True,verified,True,-0.013848904820147112,False,True,True,True,True,True,True
S0,H1A2_1200:0008,8,True,True,verified,True,0.10614366678068698,False,unknown,unknown,False,False,False,False
S0,H1A2_1200:0009,9,True,True,verified,True,0.03995297246643048,False,True,True,False,True,False,True
S0,H1A2_1200:0011,10,True,True,verified,True,0.11078502417358393,False,unknown,unknown,False,False,False,False
S0,H1A2_1200:0012,11,True,True,verified,True,0.10055932428711056,False,unknown,unknown,False,False,False,False
S0,H1A2_1200:0013,12,True,True,verified,True,0.6408273136169447,False,unknown,unknown,False,False,False,False
S0,H1A2_1200:0014,13,True,True,verified,True,0.20327743486973482,False,unknown,unknown,False,False,False,False
S0,H1A2_1200:0015,14,True,True,verified,True,0.010046704915665394,False,True,True,False,True,False,True
S0,H1A2_1200:0016,15,True,True,verified,True,0.07977477307968694,False,True,True,False,True,False,True
S0,H1A2_1200:0017,16,True,True,verified,True,0.19355093675683577,False,unknown,unknown,False,False,False,False
S0,H1A2_1200:0018,17,True,True,verified,True,0.11335907967122338,False,unknown,unknown,False,False,False,False
S0,H1A2_1200:0019,18,True,True,verified,True,-0.03991476002490213,False,False,True,True,True,False,False
S0,H1A2_1200:0020,19,False,True,verified,True,0.09586721543477816,False,True,True,False,True,False,True
S0,H1A2_1200:0021,20,False,True,verified,True,0.04385829243408157,False,True,True,False,True,False,True
S0,H1A2_1200:0022,21,True,True,verified,True,0.0838846911392288,False,True,True,False,True,False,True
S0,H1A2_1200:0023,22,True,True,verified,True,-0.03667865603173226,False,True,True,True,True,True,True
S0,H1A2_1200:0024,23,True,True,verified,True,0.1360545136244511,False,unknown,unknown,False,False,False,False
S0,H1A2_1200:0025,24,True,True,verified,True,0.07918660892839569,False,True,True,False,True,False,True
S0,H1A2_1200:0026,25,True,True,verified,True,-0.0018628644750977585,False,True,True,True,True,True,True
S0,H1A2_1200:0027,26,True,True,verified,True,0.017185475623534785,False,False,True,False,True,False,False
S0,H1A2_1200:0028,27,True,True,verified,True,0.06387759325395592,False,True,True,False,True,False,True
S0,H1A2_1200:0029,28,True,True,verified,True,0.002704078553466438,False,True,True,False,True,False,True
S0,H1A2_1200:0030,29,True,True,not_converged,False,4.420394483333876,False,unknown,unknown,False,False,False,False
S0,H1A2_1200:0031,30,True,True,verified,True,0.16220716636311927,False,unknown,unknown,False,False,False,False
S0,H1A2_1200:0032,31,True,True,verified,True,0.3999056585720684,False,unknown,unknown,False,False,False,False
S0,H1A2_1200:0033,32,False,True,verified,True,0.1265074668382571,False,unknown,unknown,False,False,False,False
S0,H1A2_1200:0034,33,False,True,verified,True,0.11962058380770024,False,unknown,unknown,False,False,False,False
S0,H1A2_1200:0035,34,True,True,verified,True,0.24750536396948242,False,unknown,unknown,False,False,False,False
S0,H1A2_1200:0036,35,True,True,verified,True,0.037043715890625606,False,True,True,False,True,False,True
S0,H1A2_1200:0037,36,True,True,verified,True,0.010795620251467852,False,True,True,False,True,False,True
S0,H1A2_1200:0038,37,True,True,verified,True,-0.004068192218424471,False,True,True,True,True,True,True
S0,H1A2_1200:0039,38,True,True,verified,True,0.1641889409479136,False,unknown,unknown,False,False,False,False
S0,H1A2_1200:0040,39,False,True,verified,True,0.21691822850690556,False,unknown,unknown,False,False,False,False
S0,H1A2_1200:0041,40,True,True,verified,True,0.022919022395935018,False,True,True,False,True,False,True
S0,H1A2_1200:0042,41,True,True,verified,True,0.1399206772737518,False,unknown,unknown,False,False,False,False
S0,H1A2_1200:0043,42,True,True,verified,True,0.1324365409134085,False,unknown,unknown,False,False,False,False
S0,H1A2_1200:0044,43,True,True,verified,True,0.025687997176513377,False,True,True,False,True,False,True
S0,H1A2_1200:0045,44,True,True,verified,True,0.016230316591551386,False,False,True,False,True,False,False
S0,H1A2_1200:0046,45,True,True,verified,True,0.07855620568969712,False,True,True,False,True,False,True
S0,H1A2_1200:0047,46,True,True,verified,True,0.25926476522176145,False,unknown,unknown,False,False,False,False
S0,H1A2_1200:0048,47,True,True,verified,True,0.12361819969807897,False,unknown,unknown,False,False,False,False
S0,H1A2_1200:0049,48,True,True,verified,True,0.07409806182946532,False,True,True,False,True,False,True
S0,H1A2_1200:0050,49,True,True,verified,True,unknown,True,True,True,unknown,unknown,unknown,unknown
S0,H1A2_1200:0051,50,False,True,verified,True,-0.1213143557975842,False,True,True,True,True,True,True
S0,H1A2_1200:0052,51,True,True,verified,True,0.10989197458251976,False,unknown,unknown,False,False,False,False
S0,H1A2_1200:0053,52,True,True,verified,True,0.09920552476239397,False,True,True,False,True,False,True
S0,H1A2_1200:0054,53,True,True,verified,True,0.057453112794300765,False,True,True,False,True,False,True
S0,H1A2_1200:0055,54,False,True,verified,True,0.40167897140566655,False,unknown,unknown,False,False,False,False
S0,H1A2_1200:0056,55,True,True,verified,True,-0.00048583203683438825,False,True,True,True,True,True,True
S0,H1A2_1200:0057,56,True,True,verified,True,0.07479472144653299,False,True,True,False,True,False,True
S0,H1A2_1200:0058,57,True,True,verified,True,0.04523401235595692,False,True,True,False,True,False,True
S0,H1A2_1200:0059,58,True,True,verified,True,0.10847501509068191,False,unknown,unknown,False,False,False,False
S0,H1A2_1200:0060,59,True,True,verified,True,0.1059086386350021,False,unknown,unknown,False,False,False,False
S0,H1A2_1200:0061,60,True,True,verified,True,0.06291252306776318,False,True,True,False,True,False,True
S0,H1A2_1200:0062,61,True,True,verified,True,0.11269003111084075,False,unknown,unknown,False,False,False,False
S0,H1A2_1200:0063,62,True,True,verified,True,0.028808469490356536,False,True,True,False,True,False,True
S0,H1A2_1200:0064,63,True,True,verified,True,0.1255922250666499,False,unknown,unknown,False,False,False,False
S0,H1A2_1200:0065,64,True,True,verified,True,0.25774459204248146,False,unknown,unknown,False,False,False,False
S0,H1A2_1200:0066,65,True,True,verified,True,0.08129254846338796,False,False,True,False,True,False,False
S0,H1A2_1200:0067,66,True,True,verified,True,0.10402998351196224,False,unknown,unknown,False,False,False,False
S0,H1A2_1200:0068,67,True,True,verified,True,0.17571152150585956,False,unknown,unknown,False,False,False,False
S0,H1A2_1200:0069,68,True,True,verified,True,unknown,True,True,True,unknown,unknown,unknown,unknown
S0,H1A2_1200:0070,69,True,True,verified,True,0.5392866318012146,False,unknown,unknown,False,False,False,False
S0,H1A2_1200:0071,70,True,True,verified,True,-0.008666234310613419,False,True,True,True,True,True,True
S0,H1A2_1200:0072,71,True,True,verified,True,0.024663744569335844,False,True,True,False,True,False,True
S0,H1A2_1200:0073,72,True,True,verified,True,0.08744977873168924,False,True,True,False,True,False,True
S0,H1A2_1200:0074,73,True,True,verified,True,0.18016091423136338,False,unknown,unknown,False,False,False,False
S0,H1A2_1200:0075,74,True,True,verified,True,0.04119472801757773,False,True,True,False,True,False,True
S0,H1A2_1200:0076,75,True,True,verified,True,0.14228629424316352,False,unknown,unknown,False,False,False,False
S0,H1A2_1200:0077,76,True,True,verified,True,0.08150138808593788,False,True,True,False,True,False,True
S0,H1A2_1200:0078,77,True,True,verified,True,0.005794644132069315,False,True,True,False,True,False,True
S0,H1A2_1200:0079,78,True,True,verified,True,0.007919171615233367,False,False,True,False,True,False,False
S0,H1A2_1200:0080,79,True,True,verified,True,0.056883674315534094,False,True,True,False,True,False,True
S0,H1A2_1200:0081,80,True,True,verified,True,0.04835088837475432,False,True,True,False,True,False,True
S0,H1A2_1200:0082,81,True,True,verified,True,0.27996324276171336,False,unknown,unknown,False,False,False,False
S0,H1A2_1200:0083,82,True,True,verified,True,unknown,True,True,True,unknown,unknown,unknown,unknown
S0,H1A2_1200:0084,83,True,True,verified,True,unknown,True,True,True,unknown,unknown,unknown,unknown
S0,H1A2_1200:0085,84,True,True,verified,True,0.09803643886881463,False,True,True,False,True,False,True
S0,H1A2_1200:0086,85,True,True,verified,True,-0.007266101549397774,False,True,True,True,True,True,True
S0,H1A2_1200:0087,86,True,True,verified,True,0.04361010691650424,False,True,True,False,True,False,True
S0,H1A2_1200:0088,87,True,True,verified,True,0.05629773671350158,False,True,True,False,True,False,True
S0,H1A2_1200:0089,88,True,True,verified,True,0.0015207369885934519,False,True,True,False,True,False,True
S0,H1A2_1200:0090,89,True,True,verified,True,0.21630459927001944,False,unknown,unknown,False,False,False,False
S0,H1A2_1200:0091,90,True,True,verified,True,0.04669669634399476,False,True,True,False,True,False,True
S0,H1A2_1200:0092,91,True,True,verified,True,0.01550328425659142,False,True,True,False,True,False,True
S0,H1A2_1200:0093,92,True,True,verified,True,-0.03011677759053555,False,True,True,True,True,True,True
S0,H1A2_1200:0094,93,True,True,verified,True,0.09310879879536316,False,True,True,False,True,False,True
S0,H1A2_1200:0095,94,False,True,verified,True,0.08812646797825785,False,True,True,False,True,False,True
S0,H1A2_1200:0096,95,True,True,verified,True,0.06786382693596726,False,True,True,False,True,False,True
S0,H1A2_1200:0097,96,False,True,verified,True,0.09740103746196382,False,True,True,False,True,False,True
S0,H1A2_1200:0098,97,True,True,invalid_terminal,False,unknown,False,unknown,unknown,False,False,False,False
S0,H1A2_1200:0099,98,True,True,verified,True,0.06460195904418953,False,True,True,False,True,False,True
S0,H1A2_1200:0100,99,True,True,verified,True,0.17917519548217786,False,unknown,unknown,False,False,False,False
S0,H1A2_1200:0101,100,True,True,verified,True,-0.001874545845703679,False,True,True,True,True,True,True
S0,H1A2_1200:0102,101,True,True,verified,True,0.002408921781005713,False,True,True,False,True,False,True
S0,H1A2_1200:0103,102,True,True,verified,True,0.08042417095263676,False,True,True,False,True,False,True
S0,H1A2_1200:0104,103,True,True,verified,True,0.07201939191198026,False,True,True,False,True,False,True
S0,H1A2_1200:0105,104,True,True,verified,True,0.09279833605427612,False,True,True,False,True,False,True
S0,H1A2_1200:0106,105,True,True,verified,True,0.0069526147262291005,False,True,True,False,True,False,True
S0,H1A2_1200:0107,106,False,True,verified,True,0.0966728833024888,False,True,True,False,True,False,True
S0,H1A2_1200:0108,107,True,True,verified,True,0.18194502494213882,False,unknown,unknown,False,False,False,False
S0,H1A2_1200:0109,108,True,True,verified,True,0.16243028362670664,False,unknown,unknown,False,False,False,False
S0,H1A2_1200:0110,109,True,True,verified,True,0.1763919430160099,False,unknown,unknown,False,False,False,False
S0,H1A2_1200:0111,110,True,True,verified,True,-0.028810494679894383,False,True,True,True,True,True,True
S0,H1A2_1200:0112,111,True,True,verified,True,0.08543136811092289,False,True,True,False,True,False,True
S0,H1A2_1200:0113,112,True,True,verified,True,-0.08950147264648578,False,True,True,True,True,True,True
S0,H1A2_1200:0114,113,True,True,verified,True,0.08228563265625155,False,True,True,False,True,False,True
S0,H1A2_1200:0115,114,False,True,verified,True,0.13699250533447227,False,unknown,unknown,False,False,False,False
S0,H1A2_1200:0116,115,False,True,verified,True,0.20398960745788575,False,unknown,unknown,False,False,False,False
S0,H1A2_1200:0117,116,True,True,verified,True,0.30001999014526426,False,unknown,unknown,False,False,False,False
S0,H1A2_1200:0118,117,True,True,verified,True,0.43384443188688593,False,unknown,unknown,False,False,False,False
S0,H1A2_1200:0119,118,True,True,verified,True,0.23290468487988392,False,unknown,unknown,False,False,False,False
S0,H1A2_1200:0120,119,True,True,verified,True,0.02230777027526898,False,True,True,False,True,False,True
S0,H1A2_1200:0121,120,True,True,verified,True,0.013666743825858418,False,True,True,False,True,False,True
S0,H1A2_1200:0122,121,True,True,verified,True,0.023626894553089528,False,True,True,False,True,False,True
S0,H1A2_1200:0123,122,True,True,verified,True,-0.04900137176093011,False,True,True,True,True,True,True
S0,H1A2_1200:0124,123,True,True,verified,True,0.0606698984465357,False,True,True,False,True,False,True
S0,H1A2_1200:0125,124,True,True,verified,True,0.09968814376261204,False,True,True,False,True,False,True
S0,H1A2_1200:0126,125,True,True,verified,True,0.018576799252116416,False,True,True,False,True,False,True
S0,H1A2_1200:0127,126,True,True,verified,True,0.1831927845869945,False,unknown,unknown,False,False,False,False
S0,H1A2_1200:0128,127,False,True,verified,True,0.03539857151529979,False,True,True,False,True,False,True
S0,H1A2_1200:0129,128,True,True,verified,True,0.09020389225567182,False,True,True,False,True,False,True
S0,H1A2_1200:0130,129,True,True,verified,True,0.023091804354553158,False,True,True,False,True,False,True
S0,H1A2_1200:0131,130,True,True,verified,True,0.04450151363134758,False,True,True,False,True,False,True
S0,H1A2_1200:0132,131,True,True,verified,True,0.03431529043383108,False,True,True,False,True,False,True
S0,H1A2_1200:0133,132,False,True,verified,True,0.21451124783766673,False,unknown,unknown,False,False,False,False
S0,H1A2_1200:0134,133,True,True,verified,True,0.09774936962291836,False,True,True,False,True,False,True
S0,H1A2_1200:0135,134,True,True,verified,True,0.07365178346313517,False,True,True,False,True,False,True
S0,H1A2_1200:0136,135,True,True,verified,True,0.13368056680664253,False,unknown,unknown,False,False,False,False
S0,H1A2_1200:0137,136,True,True,verified,True,-0.002648749431830133,False,True,True,True,True,True,True
S0,H1A2_1200:0138,137,True,True,verified,True,0.08536531028643779,False,True,True,False,True,False,True
S0,H1A2_1200:0139,138,True,True,verified,True,0.16342482933471736,False,unknown,unknown,False,False,False,False
S0,H1A2_1200:0140,139,False,True,verified,True,0.06571224110595697,False,True,True,False,True,False,True
S0,H1A2_1200:0141,140,False,True,verified,True,0.277028692307443,False,unknown,unknown,False,False,False,False
S0,H1A2_1200:0142,141,True,True,verified,True,0.2698267743297009,False,unknown,unknown,False,False,False,False
S0,H1A2_1200:0143,142,True,True,verified,True,0.20153331453320078,False,unknown,unknown,False,False,False,False
S0,H1A2_1200:0144,143,True,True,verified,True,0.2048425872531725,False,unknown,unknown,False,False,False,False
S0,H1A2_1200:0145,144,True,True,verified,True,0.23451092850707944,False,unknown,unknown,False,False,False,False
S0,H1A2_1200:0146,145,True,True,verified,True,0.12657563282397444,False,unknown,unknown,False,False,False,False
S0,H1A2_1200:0147,146,True,True,verified,True,0.07986261867594369,False,True,True,False,True,False,True
S0,H1A2_1200:0148,147,False,True,verified,True,0.024177172948812498,False,True,True,False,True,False,True
S0,H1A2_1200:0149,148,True,True,verified,True,0.0810390132075618,False,True,True,False,True,False,True
S0,H1A2_1200:0150,149,True,True,verified,True,0.06896492813867106,False,True,True,False,True,False,True
S0,H1A2_1200:0151,150,True,True,not_converged,False,8.104964071327174,False,unknown,unknown,False,False,False,False
S0,H1A2_1200:0152,151,True,True,verified,True,0.059885340360107175,False,False,True,False,True,False,False
S0,H1A2_1200:0153,152,True,True,verified,True,-0.035191874466061535,False,True,True,True,True,True,True
S0,H1A2_1200:0154,153,True,True,verified,True,0.11291506298950171,False,unknown,unknown,False,False,False,False
S0,H1A2_1200:0155,154,False,True,verified,True,0.01672280664388026,False,True,True,False,True,False,True
S0,H1A2_1200:0156,155,True,True,invalid_terminal,False,unknown,False,unknown,unknown,False,False,False,False
S0,H1A2_1200:0157,156,False,True,verified,True,0.1379680474035574,False,unknown,unknown,False,False,False,False
S0,H1A2_1200:0158,157,True,True,verified,True,-0.019906925039061996,False,True,True,True,True,True,True
S0,H1A2_1200:0159,158,True,True,verified,True,0.07670015173095646,False,True,True,False,True,False,True
S0,H1A2_1200:0160,159,False,True,verified,True,0.2372967318100443,False,unknown,unknown,False,False,False,False
S0,H1A2_1200:0161,160,True,True,verified,True,0.3609211842990456,False,unknown,unknown,False,False,False,False
S0,H1A2_1200:0162,161,True,True,verified,True,0.021158832197265554,False,True,True,False,True,False,True
S0,H1A2_1200:0163,162,True,True,verified,True,0.02657916102539115,False,True,True,False,True,False,True
S0,H1A2_1200:0164,163,True,True,verified,True,-0.05436116605818597,False,True,True,True,True,True,True
S0,H1A2_1200:0165,164,True,True,invalid_terminal,False,unknown,False,unknown,unknown,False,False,False,False
S0,H1A2_1200:0166,165,True,True,verified,True,0.19646636671689066,False,unknown,unknown,False,False,False,False
S0,H1A2_1200:0167,166,True,True,verified,True,0.07029739719536643,False,True,True,False,True,False,True
S0,H1A2_1200:0168,167,True,True,verified,True,0.2487249109666232,False,unknown,unknown,False,False,False,False
S0,H1A2_1200:0169,168,True,True,verified,True,0.13991732187500006,False,unknown,unknown,False,False,False,False
S0,H1A2_1200:0170,169,True,True,verified,True,0.09638791002251423,False,True,True,False,True,False,True
S0,H1A2_1200:0171,170,True,True,verified,True,0.004346023852538572,False,True,True,False,True,False,True
S0,H1A2_1200:0172,171,True,True,verified,True,0.046571506423746634,False,True,True,False,True,False,True
S0,H1A2_1200:0173,172,True,True,verified,True,0.022440311484374753,False,True,True,False,True,False,True
S0,H1A2_1200:0174,173,True,True,verified,True,0.30167260937955653,False,unknown,unknown,False,False,False,False
S0,H1A2_1200:0175,174,True,True,verified,True,0.16302273649309296,False,unknown,unknown,False,False,False,False
S0,H1A2_1200:0176,175,True,True,verified,True,0.17586324590113378,False,unknown,unknown,False,False,False,False
S0,H1A2_1200:0177,176,True,True,verified,True,0.1424040956040038,False,unknown,unknown,False,False,False,False
S0,H1A2_1200:0178,177,True,True,verified,True,0.007728132751465111,False,True,True,False,True,False,True
S0,H1A2_1200:0179,178,True,True,verified,True,-0.07282828457674206,False,True,True,True,True,True,True
S0,H1A2_1200:0181,179,True,True,verified,True,0.40629400061767384,False,unknown,unknown,False,False,False,False
S0,H1A2_1200:0182,180,True,True,verified,True,0.035478358889160067,False,True,True,False,True,False,True
S0,H1A2_1200:0183,181,True,True,verified,True,0.136894159136963,False,unknown,unknown,False,False,False,False
S0,H1A2_1200:0184,182,True,True,verified,True,-0.05886806522102894,False,True,True,True,True,True,True
S0,H1A2_1200:0185,183,True,True,verified,True,0.07880547623037515,False,True,True,False,True,False,True
S0,H1A2_1200:0186,184,True,True,verified,True,0.02873929466016012,False,True,True,False,True,False,True
S0,H1A2_1200:0187,185,True,True,verified,True,0.07435890790507038,False,True,True,False,True,False,True
S0,H1A2_1200:0188,186,False,True,verified,True,0.15029688864843838,False,unknown,unknown,False,False,False,False
S0,H1A2_1200:0189,187,True,True,verified,True,0.06582330329101538,False,True,True,False,True,False,True
S0,H1A2_1200:0190,188,True,True,verified,True,0.023467858668223318,False,True,True,False,True,False,True
S0,H1A2_1200:0191,189,True,True,verified,True,0.4990880796757855,False,unknown,unknown,False,False,False,False
S0,H1A2_1200:0192,190,True,True,verified,True,0.044783880456542136,False,True,True,False,True,False,True
S0,H1A2_1200:0193,191,True,True,verified,True,unknown,True,True,True,unknown,unknown,unknown,unknown
S0,H1A2_1200:0194,192,True,True,verified,True,0.11102314489380127,False,unknown,unknown,False,False,False,False
S0,H1A2_1200:0196,193,True,True,verified,True,-0.01239185001591725,False,True,True,True,True,True,True
S0,H1A2_1200:0197,194,True,True,verified,True,0.10095329978407719,False,unknown,unknown,False,False,False,False
S0,H1A2_1200:0198,195,True,True,verified,True,0.40192306243082765,False,unknown,unknown,False,False,False,False
S0,H1A2_1200:0199,196,True,True,verified,True,0.021306167916992358,False,True,True,False,True,False,True
S0,H1A2_1200:0200,197,True,True,verified,True,0.0006171327514650216,False,True,True,False,True,False,True
S0,H1A2_1200:0201,198,True,True,verified,True,0.16375997436869127,False,unknown,unknown,False,False,False,False
S0,H1A2_1200:0202,199,True,True,verified,True,-0.021111727902831667,False,True,True,True,True,True,True
S0,H1A2_1200:0203,200,True,True,verified,True,unknown,True,True,True,unknown,unknown,unknown,unknown
S0,H1A2_1200:0204,201,True,True,verified,True,0.3656610813151797,False,unknown,unknown,False,False,False,False
S0,H1A2_1200:0205,202,True,True,verified,True,0.12948010806396493,False,unknown,unknown,False,False,False,False
S0,H1A2_1200:0206,203,True,True,verified,True,0.04188802171909778,False,True,True,False,True,False,True
S0,H1A2_1200:0207,204,True,True,verified,True,0.09073940455652352,False,True,True,False,True,False,True
S0,H1A2_1200:0208,205,False,True,verified,True,0.046534119468994106,False,True,True,False,True,False,True
S0,H1A2_1200:0209,206,True,True,verified,True,-0.015203709011220923,False,True,True,True,True,True,True
S0,H1A2_1200:0210,207,True,True,verified,True,unknown,True,True,True,unknown,unknown,unknown,unknown
S0,H1A2_1200:0211,208,True,True,verified,True,0.03840479909180061,False,True,True,False,True,False,True
S0,H1A2_1200:0212,209,True,True,verified,True,0.1206950146829664,False,unknown,unknown,False,False,False,False
S0,H1A2_1200:0213,210,True,True,verified,True,0.23968446929850185,False,unknown,unknown,False,False,False,False
S0,H1A2_1200:0214,211,True,True,verified,True,0.02217126780822909,False,True,True,False,True,False,True
S0,H1A2_1200:0215,212,True,True,verified,True,0.10414670349958133,False,unknown,unknown,False,False,False,False
S0,H1A2_1200:0216,213,True,True,verified,True,0.018476546866804888,False,True,True,False,True,False,True
S0,H1A2_1200:0217,214,True,True,verified,True,-0.039171407185483176,False,True,True,True,True,True,True
S0,H1A2_1200:0218,215,True,True,verified,True,0.1118052539807124,False,unknown,unknown,False,False,False,False
S0,H1A2_1200:0219,216,True,True,verified,True,0.5335019288354488,False,unknown,unknown,False,False,False,False
S0,H1A2_1200:0220,217,True,True,verified,True,0.040144376865233866,False,True,True,False,True,False,True
S0,H1A2_1200:0221,218,True,True,verified,True,0.01687825095060269,False,True,True,False,True,False,True
S0,H1A2_1200:0222,219,True,True,verified,True,0.3595941767382822,False,unknown,unknown,False,False,False,False
S0,H1A2_1200:0223,220,True,True,verified,True,0.046952849930419926,False,False,True,False,True,False,False
S0,H1A2_1200:0224,221,True,True,verified,True,0.05539316172297859,False,True,True,False,True,False,True
S0,H1A2_1200:0225,222,True,True,verified,True,0.3106868902236979,False,unknown,unknown,False,False,False,False
S0,H1A2_1200:0226,223,True,True,verified,True,0.26489339727596395,False,unknown,unknown,False,False,False,False
S0,H1A2_1200:0227,224,True,True,verified,True,0.02429028853628057,False,True,True,False,True,False,True
S0,H1A2_1200:0228,225,True,True,verified,True,unknown,True,False,True,unknown,unknown,False,False
S0,H1A2_1200:0229,226,True,True,verified,True,-0.03552818328174734,False,True,True,True,True,True,True
S0,H1A2_1200:0230,227,True,True,verified,True,0.0624946336970158,False,True,True,False,True,False,True
S0,H1A2_1200:0231,228,True,True,verified,True,0.009231102557983206,False,True,True,False,True,False,True
S0,H1A2_1200:0232,229,True,True,verified,True,0.0650370791418462,False,True,True,False,True,False,True
S0,H1A2_1200:0233,230,True,True,verified,True,0.07442855173419893,False,True,True,False,True,False,True
S0,H1A2_1200:0234,231,True,True,verified,True,0.06821863688245866,False,True,True,False,True,False,True
S0,H1A2_1200:0235,232,True,True,verified,True,0.12839118040799669,False,unknown,unknown,False,False,False,False
S0,H1A2_1200:0236,233,False,True,verified,True,0.10451447970849692,False,unknown,unknown,False,False,False,False
S0,H1A2_1200:0237,234,True,True,verified,True,-0.04465851242667718,False,True,True,True,True,True,True
S0,H1A2_1200:0238,235,True,True,verified,True,-0.03563538427205426,False,True,True,True,True,True,True
S0,H1A2_1200:0239,236,True,True,verified,True,0.009474747744592449,False,True,True,False,True,False,True
S0,H1A2_1200:0240,237,False,True,verified,True,0.2887567647575682,False,unknown,unknown,False,False,False,False
S0,H1A2_1200:0241,238,False,True,verified,True,0.045454460056170376,False,True,True,False,True,False,True
S0,H1A2_1200:0242,239,True,True,verified,True,0.11837883674133254,False,unknown,unknown,False,False,False,False
S0,H1A2_1200:0243,240,True,True,verified,True,0.15300984680623486,False,unknown,unknown,False,False,False,False
S0,H1A2_1200:0244,241,True,True,verified,True,0.4179948660417834,False,unknown,unknown,False,False,False,False
S0,H1A2_1200:0245,242,True,True,verified,True,0.023833226772045357,False,True,True,False,True,False,True
S0,H1A2_1200:0246,243,True,True,verified,True,0.04992959024857724,False,True,True,False,True,False,True
S0,H1A2_1200:0247,244,True,True,verified,True,0.03904199899671745,False,True,True,False,True,False,True
S0,H1A2_1200:0248,245,True,True,verified,True,0.13337347593000182,False,unknown,unknown,False,False,False,False
S0,H1A2_1200:0249,246,True,True,verified,True,0.2202911922177755,False,unknown,unknown,False,False,False,False
S0,H1A2_1200:0250,247,True,True,verified,True,0.3389453058053977,False,unknown,unknown,False,False,False,False
S0,H1A2_1200:0251,248,True,True,verified,True,0.2973166948864252,False,unknown,unknown,False,False,False,False
S0,H1A2_1200:0252,249,True,True,verified,True,0.08442439542846669,False,True,True,False,True,False,True
S0,H1A2_1200:0253,250,False,True,verified,True,0.36201628333773694,False,unknown,unknown,False,False,False,False
S0,H1A2_1200:0254,251,True,True,verified,True,-0.03111957784667929,False,True,True,True,True,True,True
S0,H1A2_1200:0255,252,True,True,verified,True,0.0640386282307599,False,True,True,False,True,False,True
S0,H1A2_1200:0256,253,True,True,verified,True,0.18799631764916924,False,unknown,unknown,False,False,False,False
S0,H1A2_1200:0257,254,True,True,verified,True,0.132306788807667,False,unknown,unknown,False,False,False,False
S0,H1A2_1200:0258,255,True,True,verified,True,0.05948323011743195,False,True,True,False,True,False,True
S0,H1A2_1200:0260,256,True,True,verified,True,-0.0038556721911628955,False,True,True,True,True,True,True
S0,H1A2_1200:0261,257,True,True,verified,True,-0.03024770264379928,False,True,True,True,True,True,True
S0,H1A2_1200:0262,258,True,True,verified,True,0.27628649845784636,False,unknown,unknown,False,False,False,False
S0,H1A2_1200:0263,259,True,True,verified,True,0.0351203478283697,False,False,True,False,True,False,False
S0,H1A2_1200:0264,260,False,True,verified,True,0.12272761933518161,False,unknown,unknown,False,False,False,False
S0,H1A2_1200:0265,261,True,True,verified,True,0.05682816457031237,False,True,True,False,True,False,True
S0,H1A2_1200:0266,262,True,True,verified,True,-0.05351036485201188,False,True,True,True,True,True,True
S0,H1A2_1200:0267,263,True,True,verified,True,0.08387385188721552,False,True,True,False,True,False,True
S0,H1A2_1200:0268,264,True,True,verified,True,-0.02613698835544298,False,True,True,True,True,True,True
S0,H1A2_1200:0269,265,True,True,verified,True,-0.007465947209473356,False,True,True,True,True,True,True
S0,H1A2_1200:0270,266,True,True,verified,True,0.47663580242716375,False,unknown,unknown,False,False,False,False
S0,H1A2_1200:0271,267,True,True,verified,True,-0.013205381457926713,False,True,True,True,True,True,True
S0,H1A2_1200:0272,268,False,True,verified,True,0.06388848575872252,False,True,True,False,True,False,True
S0,H1A2_1200:0273,269,True,True,verified,True,0.03061619251342762,False,True,True,False,True,False,True
S0,H1A2_1200:0274,270,True,True,verified,True,0.020147011833008044,False,True,True,False,True,False,True
S0,H1A2_1200:0275,271,True,True,verified,True,0.06512345443725565,False,True,True,False,True,False,True
S0,H1A2_1200:0276,272,True,True,verified,True,0.19959348769106278,False,unknown,unknown,False,False,False,False
S0,H1A2_1200:0277,273,True,True,verified,True,0.030873010485839902,False,True,True,False,True,False,True
S0,H1A2_1200:0278,274,True,True,verified,True,0.024233635758056593,False,False,True,False,True,False,False
S0,H1A2_1200:0279,275,True,True,verified,True,0.14978381126546125,False,unknown,unknown,False,False,False,False
S0,H1A2_1200:0280,276,True,True,verified,True,-0.03084777123612259,False,True,True,True,True,True,True
S0,H1A2_1200:0281,277,True,True,verified,True,0.15364433703532043,False,unknown,unknown,False,False,False,False
S0,H1A2_1200:0282,278,True,True,verified,True,-0.09612736767049146,False,True,True,True,True,True,True
S0,H1A2_1200:0283,279,True,True,verified,True,2.274507422050931e-05,False,True,True,False,True,False,True
S0,H1A2_1200:0284,280,True,True,verified,True,unknown,True,True,True,unknown,unknown,unknown,unknown
S0,H1A2_1200:0285,281,False,True,verified,True,0.08116769620731379,False,True,True,False,True,False,True
S0,H1A2_1200:0286,282,True,True,verified,True,0.18702245476304835,False,unknown,unknown,False,False,False,False
S0,H1A2_1200:0287,283,True,True,verified,True,-0.046006533556044005,False,True,True,True,True,True,True
S0,H1A2_1200:0288,284,True,True,verified,True,0.03421370638574217,False,True,True,False,True,False,True
S0,H1A2_1200:0289,285,True,True,verified,True,0.16540203045602375,False,unknown,unknown,False,False,False,False
S0,H1A2_1200:0290,286,True,True,verified,True,0.020470198379516802,False,True,True,False,True,False,True
S0,H1A2_1200:0291,287,True,True,verified,True,0.10848047660042681,False,unknown,unknown,False,False,False,False
S0,H1A2_1200:0292,288,True,True,verified,True,0.12895188039306582,False,unknown,unknown,False,False,False,False
S0,H1A2_1200:0293,289,True,True,verified,True,0.07726816740234366,False,True,True,False,True,False,True
S0,H1A2_1200:0294,290,True,True,verified,True,0.1624469380394693,False,unknown,unknown,False,False,False,False
S0,H1A2_1200:0295,291,True,True,verified,True,0.030157851130371505,False,True,True,False,True,False,True
S0,H1A2_1200:0296,292,True,True,verified,True,0.07878432146750569,False,True,True,False,True,False,True
S0,H1A2_1200:0297,293,True,True,verified,True,0.06320841327491244,False,True,True,False,True,False,True
S0,H1A2_1200:0298,294,True,True,verified,True,0.1673234475634766,False,unknown,unknown,False,False,False,False
S0,H1A2_1200:0299,295,True,True,verified,True,unknown,True,True,True,unknown,unknown,unknown,unknown
S0,H1A2_1200:0300,296,True,True,verified,True,0.09132355031331407,False,True,True,False,True,False,True
S0,H1A2_1200:0301,297,True,True,verified,True,0.1496126063619556,False,unknown,unknown,False,False,False,False
S0,H1A2_1200:0302,298,True,True,verified,True,-0.011813705107421413,False,True,True,True,True,True,True
S0,H1A2_1200:0303,299,True,True,verified,True,0.20850597444358154,False,unknown,unknown,False,False,False,False
S0,H1A2_1200:0304,300,False,True,verified,True,-0.10153061575555267,False,True,True,True,True,True,True
S0,H1A2_1200:0305,301,True,True,verified,True,0.027094464647216654,False,False,True,False,True,False,False
S0,H1A2_1200:0306,302,True,True,verified,True,0.2107673945502171,False,unknown,unknown,False,False,False,False
S0,H1A2_1200:0307,303,False,True,verified,True,0.03984680257394846,False,True,True,False,True,False,True
S0,H1A2_1200:0308,304,True,True,verified,True,0.08747005122265428,False,True,True,False,True,False,True
S0,H1A2_1200:0309,305,True,True,verified,True,0.013577352435302892,False,True,True,False,True,False,True
S0,H1A2_1200:0310,306,True,True,verified,True,0.11102377783936745,False,unknown,unknown,False,False,False,False
S0,H1A2_1200:0311,307,True,True,verified,True,0.033338704392632756,False,True,True,False,True,False,True
S0,H1A2_1200:0312,308,True,True,verified,True,0.10819157539498381,False,unknown,unknown,False,False,False,False
S0,H1A2_1200:0313,309,True,True,verified,True,unknown,True,True,True,unknown,unknown,unknown,unknown
S0,H1A2_1200:0314,310,True,True,verified,True,0.08519243656058073,False,True,True,False,True,False,True
S0,H1A2_1200:0315,311,True,True,verified,True,0.2998650722477789,False,unknown,unknown,False,False,False,False
S0,H1A2_1200:0316,312,True,True,verified,True,0.1785613082609947,False,unknown,unknown,False,False,False,False
S0,H1A2_1200:0317,313,True,True,verified,True,0.07156301445556501,False,False,True,False,True,False,False
S0,H1A2_1200:0318,314,True,True,verified,True,0.031463575174908165,False,True,True,False,True,False,True
S0,H1A2_1200:0319,315,True,True,verified,True,0.1741054017976058,False,unknown,unknown,False,False,False,False
S0,H1A2_1200:0320,316,True,True,verified,True,0.04632196830200197,False,True,True,False,True,False,True
S0,H1A2_1200:0321,317,True,True,verified,True,0.17959056340059565,False,unknown,unknown,False,False,False,False
S0,H1A2_1200:0322,318,True,True,verified,True,0.021506993721196466,False,True,True,False,True,False,True
S0,H1A2_1200:0324,319,False,True,verified,True,0.06717921991674825,False,True,True,False,True,False,True
S0,H1A2_1200:0325,320,True,True,verified,True,0.14002652016088213,False,unknown,unknown,False,False,False,False
S0,H1A2_1200:0326,321,True,True,verified,True,0.042845136231079106,False,True,True,False,True,False,True
S0,H1A2_1200:0327,322,True,True,verified,True,0.06477451364551179,False,True,True,False,True,False,True
S0,H1A2_1200:0328,323,True,True,verified,True,0.028625663962158043,False,True,True,False,True,False,True
S0,H1A2_1200:0329,324,False,True,verified,True,0.15020459154956267,False,unknown,unknown,False,False,False,False
S0,H1A2_1200:0330,325,True,True,verified,True,0.07378087038208037,False,True,True,False,True,False,True
S0,H1A2_1200:0331,326,True,True,verified,True,0.041847517131835765,False,False,True,False,True,False,False
S0,H1A2_1200:0332,327,True,True,verified,True,-0.01899460360839811,False,True,True,True,True,True,True
S0,H1A2_1200:0333,328,True,True,verified,True,0.16138714037974733,False,unknown,unknown,False,False,False,False
S0,H1A2_1200:0334,329,True,True,verified,True,unknown,True,True,True,unknown,unknown,unknown,unknown
S0,H1A2_1200:0335,330,True,True,verified,True,0.04115713528808573,False,True,True,False,True,False,True
S0,H1A2_1200:0336,331,True,True,verified,True,0.06331627563029052,False,True,True,False,True,False,True
S0,H1A2_1200:0337,332,True,True,verified,True,0.017003334468359554,False,True,True,False,True,False,True
S0,H1A2_1200:0338,333,True,True,verified,True,0.15371556705493106,False,unknown,unknown,False,False,False,False
S0,H1A2_1200:0339,334,True,True,verified,True,0.07842327468139665,False,True,True,False,True,False,True
S0,H1A2_1200:0340,335,True,True,verified,True,0.02904126741943358,False,True,True,False,True,False,True
S0,H1A2_1200:0341,336,True,True,verified,True,0.08205597147997867,False,True,True,False,True,False,True
S0,H1A2_1200:0342,337,True,True,verified,True,0.34033068785140586,False,unknown,unknown,False,False,False,False
S0,H1A2_1200:0343,338,True,True,verified,True,0.062141466789143784,False,True,True,False,True,False,True
S0,H1A2_1200:0344,339,True,True,verified,True,0.07300762210693357,False,True,True,False,True,False,True
S0,H1A2_1200:0345,340,True,True,verified,True,0.013633746009521275,False,False,True,False,True,False,False
S0,H1A2_1200:0346,341,True,True,verified,True,0.2521059690917129,False,unknown,unknown,False,False,False,False
S0,H1A2_1200:0347,342,True,True,verified,True,0.029150193941650304,False,True,True,False,True,False,True
S0,H1A2_1200:0348,343,True,True,verified,True,0.0016142005529804493,False,True,True,False,True,False,True
S0,H1A2_1200:0349,344,True,True,verified,True,0.07131967283650642,False,True,True,False,True,False,True
S0,H1A2_1200:0350,345,True,True,verified,True,0.1459958211728738,False,unknown,unknown,False,False,False,False
S0,H1A2_1200:0351,346,True,True,verified,True,-0.01140960012983161,False,True,True,True,True,True,True
S0,H1A2_1200:0352,347,True,True,verified,True,0.03710718975708005,False,True,True,False,True,False,True
S0,H1A2_1200:0353,348,True,True,verified,True,0.1890395488452148,False,unknown,unknown,False,False,False,False
S0,H1A2_1200:0354,349,True,True,verified,True,0.31918743381487236,False,unknown,unknown,False,False,False,False
S0,H1A2_1200:0355,350,True,True,verified,True,0.07633806391601539,False,True,True,False,True,False,True
S0,H1A2_1200:0356,351,True,True,verified,True,0.02613488177819967,False,True,True,False,True,False,True
S0,H1A2_1200:0357,352,True,True,verified,True,0.04692977522012853,False,True,True,False,True,False,True
S0,H1A2_1200:0358,353,True,True,verified,True,0.04272299733593954,False,True,True,False,True,False,True
S0,H1A2_1200:0359,354,True,True,verified,True,unknown,True,True,True,unknown,unknown,unknown,unknown
S0,H1A2_1200:0360,355,True,True,verified,True,0.17942260665608778,False,unknown,unknown,False,False,False,False
S0,H1A2_1200:0361,356,True,True,verified,True,0.10064918108244036,False,unknown,unknown,False,False,False,False
S0,H1A2_1200:0362,357,True,True,verified,True,0.037648802942978676,False,True,True,False,True,False,True
S0,H1A2_1200:0363,358,True,True,verified,True,-0.010235475284424034,False,False,True,True,True,False,False
S0,H1A2_1200:0364,359,True,True,verified,True,0.0838229369372554,False,True,True,False,True,False,True
S0,H1A2_1200:0365,360,True,True,verified,True,0.06256016600952208,False,True,True,False,True,False,True
S0,H1A2_1200:0366,361,True,True,verified,True,8.558565515352106,False,unknown,unknown,False,False,False,False
S0,H1A2_1200:0367,362,False,True,verified,True,0.13270122017862906,False,unknown,unknown,False,False,False,False
S0,H1A2_1200:0368,363,True,True,verified,True,0.07330435504125976,False,True,True,False,True,False,True
S0,H1A2_1200:0369,364,True,True,verified,True,-0.059742217537632314,False,True,True,True,True,True,True
S0,H1A2_1200:0370,365,True,True,verified,True,0.08705758762451143,False,True,True,False,True,False,True
S0,H1A2_1200:0371,366,True,True,verified,True,unknown,True,True,True,unknown,unknown,unknown,unknown
S0,H1A2_1200:0372,367,True,True,verified,True,0.2989918552152515,False,unknown,unknown,False,False,False,False
S0,H1A2_1200:0373,368,True,True,verified,True,0.0902599283072183,False,True,True,False,True,False,True
S0,H1A2_1200:0374,369,True,True,verified,True,0.14764709790405295,False,unknown,unknown,False,False,False,False
S0,H1A2_1200:0375,370,True,True,verified,True,0.22873632492517437,False,unknown,unknown,False,False,False,False
S0,H1A2_1200:0376,371,True,True,verified,True,0.0771730080041495,False,True,True,False,True,False,True
S0,H1A2_1200:0377,372,True,True,verified,True,0.3696289038985201,False,unknown,unknown,False,False,False,False
S0,H1A2_1200:0378,373,False,True,verified,True,0.10310408074456934,False,unknown,unknown,False,False,False,False
S0,H1A2_1200:0379,374,True,True,verified,True,0.10492062164916982,False,unknown,unknown,False,False,False,False
S0,H1A2_1200:0380,375,True,True,verified,True,unknown,True,True,True,unknown,unknown,unknown,unknown
S0,H1A2_1200:0381,376,True,True,verified,True,0.16744886862508146,False,unknown,unknown,False,False,False,False
S0,H1A2_1200:0382,377,True,True,verified,True,0.10239915084960938,False,unknown,unknown,False,False,False,False
S0,H1A2_1200:0383,378,True,True,verified,True,-0.004887187629394774,False,True,True,True,True,True,True
S0,H1A2_1200:0384,379,False,True,verified,True,0.1525279871525873,False,unknown,unknown,False,False,False,False
S0,H1A2_1200:0385,380,True,True,verified,True,unknown,True,True,True,unknown,unknown,unknown,unknown
S0,H1A2_1200:0386,381,True,True,verified,True,0.08553306074920641,False,True,True,False,True,False,True
S0,H1A2_1200:0387,382,True,True,verified,True,0.027139377765065476,False,True,True,False,True,False,True
S0,H1A2_1200:0388,383,True,True,verified,True,0.08592932962524458,False,True,True,False,True,False,True
S0,H1A2_1200:0389,384,True,True,verified,True,0.03190352758544934,False,True,True,False,True,False,True
S0,H1A2_1200:0390,385,True,True,verified,True,0.09973726292666463,False,True,True,False,True,False,True
S0,H1A2_1200:0391,386,True,True,verified,True,0.038211705738117274,False,True,True,False,True,False,True
S0,H1A2_1200:0392,387,True,True,verified,True,unknown,True,True,True,unknown,unknown,unknown,unknown
S0,H1A2_1200:0393,388,True,True,verified,True,0.08290081991861964,False,True,True,False,True,False,True
S0,H1A2_1200:0395,389,True,True,verified,True,0.14806880961425772,False,unknown,unknown,False,False,False,False
S0,H1A2_1200:0396,390,True,True,verified,True,0.031833280043945145,False,False,True,False,True,False,False
S0,H1A2_1200:0397,391,True,True,verified,True,0.019097735942382954,False,True,True,False,True,False,True
S0,H1A2_1200:0398,392,True,True,verified,True,0.22619995876464927,False,unknown,unknown,False,False,False,False
S0,H1A2_1200:0399,393,True,True,verified,True,0.0702956346455883,False,True,True,False,True,False,True
S0,H1A2_1200:0400,394,True,True,verified,True,0.3431950447908534,False,unknown,unknown,False,False,False,False
S0,H1A2_1200:0401,395,True,True,verified,True,0.25118131708496083,False,unknown,unknown,False,False,False,False
S0,H1A2_1200:0402,396,True,True,verified,True,0.03663255344970828,False,True,True,False,True,False,True
S0,H1A2_1200:0403,397,True,True,verified,True,0.004178579550782047,False,True,True,False,True,False,True
S0,H1A2_1200:0404,398,True,True,verified,True,0.348600119120416,False,unknown,unknown,False,False,False,False
S0,H1A2_1200:0405,399,True,True,verified,True,0.17882278482352199,False,unknown,unknown,False,False,False,False
S0,H1A2_1200:0406,400,False,True,verified,True,0.001417914422360056,False,True,True,False,True,False,True
S0,H1A2_1200:0407,401,False,True,verified,True,0.005249526751233802,False,True,True,False,True,False,True
S0,H1A2_1200:0408,402,True,True,verified,True,0.19318586816893735,False,unknown,unknown,False,False,False,False
S0,H1A2_1200:0409,403,True,True,verified,True,0.08510430125221013,False,True,True,False,True,False,True
S0,H1A2_1200:0410,404,True,True,verified,True,0.10353841202815772,False,unknown,unknown,False,False,False,False
S0,H1A2_1200:0411,405,True,True,verified,True,0.08402304646606407,False,True,True,False,True,False,True
S0,H1A2_1200:0412,406,False,True,verified,True,0.0028169706500484892,False,True,True,False,True,False,True
S0,H1A2_1200:0413,407,False,True,verified,True,0.027856592404297054,False,True,True,False,True,False,True
S0,H1A2_1200:0414,408,True,True,verified,True,0.01809832578369175,False,True,True,False,True,False,True
S0,H1A2_1200:0415,409,True,True,verified,True,0.038216133648681705,False,True,True,False,True,False,True
S0,H1A2_1200:0416,410,True,True,verified,True,0.061626001786214246,False,True,True,False,True,False,True
S0,H1A2_1200:0417,411,True,True,verified,True,0.007893569710547332,False,True,True,False,True,False,True
S0,H1A2_1200:0418,412,True,True,verified,True,0.08623337092041039,False,True,True,False,True,False,True
S0,H1A2_1200:0420,413,True,True,verified,True,0.1476772740324357,False,unknown,unknown,False,False,False,False
S0,H1A2_1200:0421,414,True,True,verified,True,0.08816293975748657,False,True,True,False,True,False,True
S0,H1A2_1200:0422,415,True,True,verified,True,0.0037775697897206584,False,True,True,False,True,False,True
S0,H1A2_1200:0423,416,True,True,verified,True,0.12863407716959685,False,unknown,unknown,False,False,False,False
S0,H1A2_1200:0424,417,True,True,verified,True,0.05279395383789076,False,True,True,False,True,False,True
S0,H1A2_1200:0425,418,True,True,verified,True,-0.013962037908935354,False,False,True,True,True,False,False
S0,H1A2_1200:0426,419,True,True,verified,True,-0.010028231754478867,False,True,True,True,True,True,True
S0,H1A2_1200:0427,420,True,True,verified,True,0.0886718953522605,False,True,True,False,True,False,True
S0,H1A2_1200:0428,421,True,True,verified,True,0.02236884093492275,False,True,True,False,True,False,True
S0,H1A2_1200:0429,422,True,True,verified,True,0.10136945617328585,False,unknown,unknown,False,False,False,False
S0,H1A2_1200:0430,423,True,True,verified,True,-0.10561736188960325,False,True,True,True,True,True,True
S0,H1A2_1200:0431,424,True,True,verified,True,0.3074173391483548,False,unknown,unknown,False,False,False,False
S0,H1A2_1200:0432,425,True,True,verified,True,-0.03998174511295893,False,True,True,True,True,True,True
S0,H1A2_1200:0433,426,True,True,verified,True,0.07684468197267513,False,True,True,False,True,False,True
S0,H1A2_1200:0434,427,False,True,verified,True,0.10095635049150609,False,unknown,unknown,False,False,False,False
S0,H1A2_1200:0435,428,True,True,verified,True,0.10832779955810601,False,unknown,unknown,False,False,False,False
S0,H1A2_1200:0436,429,True,True,verified,True,-0.02748092608805308,False,True,True,True,True,True,True
S0,H1A2_1200:0437,430,True,True,verified,True,-0.0603642487012408,False,True,True,True,True,True,True
S0,H1A2_1200:0438,431,True,True,verified,True,0.12136534430542056,False,unknown,unknown,False,False,False,False
S0,H1A2_1200:0439,432,True,True,verified,True,-0.04530249548000587,False,True,True,True,True,True,True
S0,H1A2_1200:0440,433,True,True,verified,True,0.05863247683186401,False,False,True,False,True,False,False
S0,H1A2_1200:0441,434,True,True,verified,True,0.07710855722394516,False,True,True,False,True,False,True
S0,H1A2_1200:0442,435,True,True,verified,True,0.09130431476684553,False,True,True,False,True,False,True
S0,H1A2_1200:0443,436,True,True,verified,True,0.13083674188941963,False,unknown,unknown,False,False,False,False
S0,H1A2_1200:0444,437,True,True,verified,True,-0.0022715562976074466,False,False,True,True,True,False,False
S0,H1A2_1200:0445,438,True,True,verified,True,0.09723646645347284,False,True,True,False,True,False,True
S0,H1A2_1200:0446,439,True,True,verified,True,-0.011612371520793197,False,True,True,True,True,True,True
S0,H1A2_1200:0447,440,False,True,verified,True,-0.10528414533890373,False,True,True,True,True,True,True
S0,H1A2_1200:0448,441,True,True,verified,True,0.12744337478057588,False,unknown,unknown,False,False,False,False
S0,H1A2_1200:0449,442,True,True,verified,True,0.05190156400634738,False,True,True,False,True,False,True
S0,H1A2_1200:0450,443,True,True,verified,True,0.0010381904504397355,False,True,True,False,True,False,True
S0,H1A2_1200:0451,444,True,True,verified,True,0.045508240636024766,False,True,True,False,True,False,True
S0,H1A2_1200:0452,445,True,True,verified,True,0.059479260226135366,False,True,True,False,True,False,True
S0,H1A2_1200:0453,446,False,True,verified,True,0.17657155427001925,False,unknown,unknown,False,False,False,False
S0,H1A2_1200:0454,447,True,True,verified,True,0.14542340218872063,False,unknown,unknown,False,False,False,False
S0,H1A2_1200:0455,448,False,True,verified,True,-0.1287073312709266,False,True,True,True,True,True,True
S0,H1A2_1200:0456,449,True,True,verified,True,0.2745656114774153,False,unknown,unknown,False,False,False,False
S0,H1A2_1200:0457,450,True,True,verified,True,-0.007394942749909372,False,True,True,True,True,True,True
S0,H1A2_1200:0458,451,True,True,verified,True,0.02938372919189547,False,True,True,False,True,False,True
S0,H1A2_1200:0459,452,True,True,verified,True,0.14239951199503587,False,unknown,unknown,False,False,False,False
S0,H1A2_1200:0460,453,True,True,verified,True,0.18507169972021487,False,unknown,unknown,False,False,False,False
S0,H1A2_1200:0461,454,True,True,verified,True,0.031022574939779446,False,True,True,False,True,False,True
S0,H1A2_1200:0462,455,True,True,verified,True,0.08442586810180686,False,True,True,False,True,False,True
S0,H1A2_1200:0463,456,True,True,verified,True,0.22216502677137662,False,unknown,unknown,False,False,False,False
S0,H1A2_1200:0465,457,True,True,verified,True,0.05052616928278475,False,True,True,False,True,False,True
S0,H1A2_1200:0466,458,True,True,verified,True,0.14659612524642096,False,unknown,unknown,False,False,False,False
S0,H1A2_1200:0467,459,False,True,verified,True,0.3137203973871534,False,unknown,unknown,False,False,False,False
S0,H1A2_1200:0468,460,True,True,verified,True,0.02110544457316088,False,False,True,False,True,False,False
S0,H1A2_1200:0469,461,True,True,verified,True,0.22241001448242148,False,unknown,unknown,False,False,False,False
S0,H1A2_1200:0470,462,True,True,verified,True,0.14910563787027975,False,unknown,unknown,False,False,False,False
S0,H1A2_1200:0471,463,True,True,verified,True,-0.013845739873589835,False,True,True,True,True,True,True
S0,H1A2_1200:0472,464,True,True,verified,True,0.0626608739099126,False,True,True,False,True,False,True
S0,H1A2_1200:0473,465,True,True,verified,True,-0.011193867609031294,False,True,True,True,True,True,True
S0,H1A2_1200:0474,466,True,True,verified,True,0.0561501599259433,False,True,True,False,True,False,True
S0,H1A2_1200:0475,467,True,True,verified,True,0.022728748980102687,False,True,True,False,True,False,True
S0,H1A2_1200:0476,468,True,True,verified,True,-0.016722727006996507,False,True,True,True,True,True,True
S0,H1A2_1200:0477,469,True,True,verified,True,0.1332342449539965,False,unknown,unknown,False,False,False,False
S0,H1A2_1200:0478,470,True,True,verified,True,0.21563550157954126,False,unknown,unknown,False,False,False,False
S0,H1A2_1200:0479,471,True,True,verified,True,0.0014197105871520677,False,True,True,False,True,False,True
S0,H1A2_1200:0480,472,True,True,verified,True,0.03300598409423827,False,True,True,False,True,False,True
S0,H1A2_1200:0481,473,True,True,verified,True,-0.03385023324951408,False,True,True,True,True,True,True
S0,H1A2_1200:0482,474,True,True,verified,True,0.1503287575961938,False,unknown,unknown,False,False,False,False
S0,H1A2_1200:0483,475,True,True,verified,True,0.04772226017090908,False,True,True,False,True,False,True
S0,H1A2_1200:0484,476,True,True,verified,True,0.05745627182604984,False,False,True,False,True,False,False
S0,H1A2_1200:0485,477,False,True,verified,True,-0.011850867050291924,False,True,True,True,True,True,True
S0,H1A2_1200:0486,478,False,True,verified,True,0.0024663014363603963,False,True,True,False,True,False,True
S0,H1A2_1200:0487,479,True,True,verified,True,0.12932605691845822,False,unknown,unknown,False,False,False,False
S0,H1A2_1200:0488,480,True,True,verified,True,0.01933021768707266,False,True,True,False,True,False,True
S0,H1A2_1200:0489,481,True,True,verified,True,-0.03139602184326229,False,True,True,True,True,True,True
S0,H1A2_1200:0490,482,True,True,verified,True,0.07556221053792278,False,True,True,False,True,False,True
S0,H1A2_1200:0491,483,False,True,verified,True,0.12770722414559543,False,unknown,unknown,False,False,False,False
S0,H1A2_1200:0492,484,True,True,verified,True,0.08171081458536289,False,True,True,False,True,False,True
S0,H1A2_1200:0493,485,True,True,verified,True,0.07126408008531193,False,True,True,False,True,False,True
S0,H1A2_1200:0494,486,True,True,verified,True,0.21114596054663082,False,unknown,unknown,False,False,False,False
S0,H1A2_1200:0495,487,True,True,verified,True,0.055738605818998366,False,True,True,False,True,False,True
S0,H1A2_1200:0496,488,True,True,verified,True,0.13335953766650732,False,unknown,unknown,False,False,False,False
S0,H1A2_1200:0497,489,True,True,verified,True,0.058829112523679505,False,True,True,False,True,False,True
S0,H1A2_1200:0498,490,True,True,verified,True,0.18298699330240886,False,unknown,unknown,False,False,False,False
S0,H1A2_1200:0499,491,True,True,verified,True,0.03595022438598616,False,True,True,False,True,False,True
S0,H1A2_1200:0500,492,True,True,verified,True,0.038874349729004276,False,False,True,False,True,False,False
S0,H1A2_1200:0501,493,True,True,verified,True,0.1054035365490762,False,unknown,unknown,False,False,False,False
S0,H1A2_1200:0502,494,True,True,verified,True,-0.035990558618815616,False,True,True,True,True,True,True
S0,H1A2_1200:0503,495,True,True,verified,True,0.14317614507539034,False,unknown,unknown,False,False,False,False
S0,H1A2_1200:0504,496,True,True,verified,True,0.21522254696010013,False,unknown,unknown,False,False,False,False
S0,H1A2_1200:0505,497,True,True,verified,True,0.07915233926201637,False,True,True,False,True,False,True
S0,H1A2_1200:0506,498,True,True,verified,True,0.04880458418363265,False,True,True,False,True,False,True
S0,H1A2_1200:0507,499,True,True,verified,True,0.021062496282145737,False,False,True,False,True,False,False
S0,H1A2_1200:0508,500,True,True,verified,True,0.06579020201415986,False,False,True,False,True,False,False
S0,H1A2_1200:0509,501,False,True,verified,True,0.08999535643624235,False,True,True,False,True,False,True
S0,H1A2_1200:0510,502,False,True,verified,True,0.024481940611952524,False,True,True,False,True,False,True
S0,H1A2_1200:0511,503,True,True,verified,True,0.12006305596923816,False,unknown,unknown,False,False,False,False
S0,H1A2_1200:0512,504,False,True,verified,True,0.0005945186039220118,False,True,True,False,True,False,True
S0,H1A2_1200:0513,505,True,True,verified,True,0.16272067686523428,False,unknown,unknown,False,False,False,False
S0,H1A2_1200:0514,506,True,True,verified,True,0.3068274743933106,False,unknown,unknown,False,False,False,False
S0,H1A2_1200:0515,507,True,True,verified,True,0.1731686862525894,False,unknown,unknown,False,False,False,False
S0,H1A2_1200:0516,508,True,True,verified,True,-0.0036694502502623294,False,True,True,True,True,True,True
S0,H1A2_1200:0517,509,False,True,verified,True,0.15054131964197381,False,unknown,unknown,False,False,False,False
S0,H1A2_1200:0518,510,True,True,verified,True,0.03112603903564448,False,False,True,False,True,False,False
S0,H1A2_1200:0519,511,True,True,verified,True,0.0869039200472006,False,True,True,False,True,False,True
S0,H1A2_1200:0520,512,True,True,verified,True,0.1581122586047341,False,unknown,unknown,False,False,False,False
S0,H1A2_1200:0521,513,True,True,verified,True,0.012426699934895424,False,True,True,False,True,False,True
S0,H1A2_1200:0522,514,True,True,verified,True,0.10423852281383716,False,unknown,unknown,False,False,False,False
S0,H1A2_1200:0523,515,True,True,verified,True,0.08274915369515412,False,True,True,False,True,False,True
S0,H1A2_1200:0524,516,True,True,verified,True,-0.01337809445260163,False,False,True,True,True,False,False
S0,H1A2_1200:0525,517,True,True,verified,True,0.14341617523100325,False,unknown,unknown,False,False,False,False
S0,H1A2_1200:0526,518,True,True,verified,True,-0.0033799314501958833,False,True,True,True,True,True,True
S0,H1A2_1200:0527,519,True,True,verified,True,-0.04270708439669946,False,True,True,True,True,True,True
S0,H1A2_1200:0528,520,True,True,verified,True,0.14787685487705193,False,unknown,unknown,False,False,False,False
S0,H1A2_1200:0529,521,True,True,verified,True,-0.01711056726338711,False,True,True,True,True,True,True
S0,H1A2_1200:0530,522,True,True,verified,True,0.08590912179375465,False,False,True,False,True,False,False
S0,H1A2_1200:0531,523,True,True,verified,True,0.07663512232556169,False,True,True,False,True,False,True
S0,H1A2_1200:0532,524,False,True,verified,True,0.10717247725672863,False,unknown,unknown,False,False,False,False
S0,H1A2_1200:0533,525,True,True,verified,True,0.1284316727322823,False,unknown,unknown,False,False,False,False
S0,H1A2_1200:0534,526,True,True,verified,True,0.011943079304685966,False,True,True,False,True,False,True
S0,H1A2_1200:0535,527,True,True,verified,True,0.046480646877685494,False,True,True,False,True,False,True
S0,H1A2_1200:0536,528,True,True,verified,True,0.09525651278808489,False,True,True,False,True,False,True
S0,H1A2_1200:0537,529,True,True,verified,True,0.19951318355004943,False,unknown,unknown,False,False,False,False
S0,H1A2_1200:0538,530,False,True,verified,True,-0.1508263916125525,False,True,True,True,True,True,True
S0,H1A2_1200:0539,531,False,True,verified,True,0.031916119383138764,False,True,True,False,True,False,True
S0,H1A2_1200:0540,532,True,True,verified,True,0.4199475790102625,False,unknown,unknown,False,False,False,False
S0,H1A2_1200:0541,533,True,True,verified,True,0.0803825704622394,False,True,True,False,True,False,True
S0,H1A2_1200:0542,534,True,True,verified,True,0.06921048387512219,False,True,True,False,True,False,True
S0,H1A2_1200:0543,535,True,True,verified,True,-0.0022611201695417193,False,True,True,True,True,True,True
S0,H1A2_1200:0544,536,False,True,verified,True,0.09445777367748054,False,True,True,False,True,False,True
S0,H1A2_1200:0545,537,True,True,verified,True,0.08448196535693153,False,True,True,False,True,False,True
S0,H1A2_1200:0546,538,True,True,verified,True,0.05523978045124878,False,True,True,False,True,False,True
S0,H1A2_1200:0547,539,True,True,verified,True,0.08216197710449258,False,True,True,False,True,False,True
S0,H1A2_1200:0548,540,True,True,verified,True,0.07104620087646474,False,True,True,False,True,False,True
S0,H1A2_1200:0549,541,True,True,verified,True,0.09455496948730513,False,True,True,False,True,False,True
S0,H1A2_1200:0550,542,True,True,verified,True,0.0029769876078287183,False,False,True,False,True,False,False
S0,H1A2_1200:0551,543,False,True,verified,True,0.141884704819093,False,unknown,unknown,False,False,False,False
S0,H1A2_1200:0552,544,True,True,verified,True,0.117722352801513,False,unknown,unknown,False,False,False,False
S0,H1A2_1200:0553,545,True,True,verified,True,-0.030741436572017555,False,True,True,True,True,True,True
S0,H1A2_1200:0554,546,True,True,invalid_terminal,False,unknown,False,unknown,unknown,False,False,False,False
S0,H1A2_1200:0555,547,True,True,verified,True,0.08300132144775407,False,True,True,False,True,False,True
S0,H1A2_1200:0556,548,True,True,verified,True,-0.035054034277091084,False,True,True,True,True,True,True
S0,H1A2_1200:0557,549,True,True,verified,True,0.19876532422159787,False,unknown,unknown,False,False,False,False
S0,H1A2_1200:0558,550,True,True,verified,True,0.142047305363886,False,unknown,unknown,False,False,False,False
S0,H1A2_1200:0559,551,True,True,verified,True,0.18095923594450092,False,unknown,unknown,False,False,False,False
S0,H1A2_1200:0560,552,True,True,verified,True,0.06647087976196175,False,True,True,False,True,False,True
S0,H1A2_1200:0561,553,True,True,verified,True,0.245445531825764,False,unknown,unknown,False,False,False,False
S0,H1A2_1200:0562,554,True,True,verified,True,0.03183172191780326,False,True,True,False,True,False,True
S0,H1A2_1200:0563,555,False,True,verified,True,0.258263047068537,False,unknown,unknown,False,False,False,False
S0,H1A2_1200:0564,556,True,True,verified,True,0.05595901703670414,False,True,True,False,True,False,True
S0,H1A2_1200:0565,557,True,True,verified,True,0.05051933814819343,False,True,True,False,True,False,True
S0,H1A2_1200:0566,558,True,True,verified,True,0.0326667353510226,False,True,True,False,True,False,True
S0,H1A2_1200:0567,559,True,True,verified,True,0.07140476822197783,False,True,True,False,True,False,True
S0,H1A2_1200:0568,560,True,True,verified,True,0.08672306601074453,False,True,True,False,True,False,True
S0,H1A2_1200:0569,561,True,True,verified,True,0.2354499499145506,False,unknown,unknown,False,False,False,False
S0,H1A2_1200:0570,562,True,True,verified,True,0.06005112525585954,False,True,True,False,True,False,True
S0,H1A2_1200:0571,563,True,True,verified,True,0.021795773591308354,False,True,True,False,True,False,True
S0,H1A2_1200:0572,564,True,True,verified,True,0.08650601358968135,False,True,True,False,True,False,True
S0,H1A2_1200:0573,565,True,True,verified,True,0.19020245020961113,False,unknown,unknown,False,False,False,False
S0,H1A2_1200:0574,566,True,True,verified,True,0.009930705409669116,False,True,True,False,True,False,True
S0,H1A2_1200:0575,567,True,True,verified,True,0.01749591938232342,False,True,True,False,True,False,True
S0,H1A2_1200:0576,568,True,True,verified,True,0.024841384930664567,False,True,True,False,True,False,True
S0,H1A2_1200:0577,569,True,True,verified,True,0.057884565325113435,False,True,True,False,True,False,True
S0,H1A2_1200:0578,570,False,True,verified,True,0.38099403270135745,False,unknown,unknown,False,False,False,False
S0,H1A2_1200:0579,571,True,True,verified,True,0.14205182181274445,False,unknown,unknown,False,False,False,False
S0,H1A2_1200:0580,572,True,True,verified,True,0.06874772265014606,False,True,True,False,True,False,True
S0,H1A2_1200:0581,573,True,True,verified,True,0.12434749212429619,False,unknown,unknown,False,False,False,False
S0,H1A2_1200:0582,574,True,True,verified,True,0.17632575492815228,False,unknown,unknown,False,False,False,False
S0,H1A2_1200:0583,575,True,True,verified,True,0.08764056171997137,False,True,True,False,True,False,True
S0,H1A2_1200:0584,576,False,True,verified,True,0.21467456619468273,False,unknown,unknown,False,False,False,False
S0,H1A2_1200:0585,577,True,True,verified,True,0.11519082017578164,False,unknown,unknown,False,False,False,False
S0,H1A2_1200:0586,578,True,True,verified,True,0.09634345955270618,False,True,True,False,True,False,True
S0,H1A2_1200:0587,579,True,True,verified,True,0.2012271921732509,False,unknown,unknown,False,False,False,False
S0,H1A2_1200:0588,580,True,True,verified,True,0.04324797098225375,False,True,True,False,True,False,True
S0,H1A2_1200:0589,581,True,True,verified,True,0.0894292664188665,False,True,True,False,True,False,True
S0,H1A2_1200:0590,582,True,True,verified,True,0.08092441893798963,False,True,True,False,True,False,True
S0,H1A2_1200:0591,583,False,True,verified,True,0.23659719156943382,False,unknown,unknown,False,False,False,False
S0,H1A2_1200:0592,584,False,True,verified,True,0.15949582508457727,False,unknown,unknown,False,False,False,False
S0,H1A2_1200:0593,585,True,True,verified,True,0.3054180978640879,False,unknown,unknown,False,False,False,False
S0,H1A2_1200:0594,586,True,True,verified,True,0.04737298754150032,False,True,True,False,True,False,True
S0,H1A2_1200:0595,587,True,True,verified,True,0.09864527859501049,False,True,True,False,True,False,True
S0,H1A2_1200:0596,588,True,True,verified,True,0.05787327312540658,False,True,True,False,True,False,True
S0,H1A2_1200:0597,589,True,True,verified,True,0.2220024903519695,False,unknown,unknown,False,False,False,False
S0,H1A2_1200:0598,590,True,True,invalid_terminal,False,unknown,False,unknown,unknown,False,False,False,False
S0,H1A2_1200:0599,591,True,True,verified,True,0.08321016574113038,False,True,True,False,True,False,True
S0,H1A2_1200:0600,592,True,True,verified,True,0.07228011853432292,False,True,True,False,True,False,True
S0,H1A2_1200:0601,593,True,True,verified,True,0.49451821855434464,False,unknown,unknown,False,False,False,False
S0,H1A2_1200:0602,594,True,True,verified,True,0.21254089952278754,False,unknown,unknown,False,False,False,False
S0,H1A2_1200:0603,595,True,True,verified,True,0.1196637299792469,False,unknown,unknown,False,False,False,False
S0,H1A2_1200:0604,596,True,True,verified,True,0.16306591661838254,False,unknown,unknown,False,False,False,False
S0,H1A2_1200:0605,597,True,True,verified,True,0.26063649910813247,False,unknown,unknown,False,False,False,False
S0,H1A2_1200:0606,598,True,True,verified,True,0.5245742454081217,False,unknown,unknown,False,False,False,False
S0,H1A2_1200:0607,599,True,True,verified,True,unknown,True,True,True,unknown,unknown,unknown,unknown
S0,H1A2_1200:0608,600,True,True,verified,True,0.17838798044026838,False,unknown,unknown,False,False,False,False
S0,H1A2_1200:0609,601,True,True,verified,True,0.3608715605615238,False,unknown,unknown,False,False,False,False
S0,H1A2_1200:0610,602,True,True,verified,True,0.019572185764159755,False,True,True,False,True,False,True
S0,H1A2_1200:0611,603,True,True,verified,True,0.004724799129640633,False,True,True,False,True,False,True
S0,H1A2_1200:0612,604,True,True,verified,True,0.32271279451464707,False,unknown,unknown,False,False,False,False
S0,H1A2_1200:0613,605,True,True,verified,True,0.2048768333588864,False,unknown,unknown,False,False,False,False
S0,H1A2_1200:0614,606,True,True,verified,True,unknown,True,True,True,unknown,unknown,unknown,unknown
S0,H1A2_1200:0615,607,True,True,verified,True,-0.025503413707275158,False,True,True,True,True,True,True
S0,H1A2_1200:0616,608,True,True,verified,True,0.03842825051920551,False,True,True,False,True,False,True
S0,H1A2_1200:0617,609,True,True,verified,True,-0.11892835301147553,False,True,True,True,True,True,True
S0,H1A2_1200:0618,610,True,True,verified,True,0.01834392154715303,False,True,True,False,True,False,True
S0,H1A2_1200:0619,611,True,True,verified,True,0.08746626366799859,False,True,True,False,True,False,True
S0,H1A2_1200:0620,612,True,True,verified,True,0.028475400837992382,False,True,True,False,True,False,True
S0,H1A2_1200:0621,613,True,True,verified,True,-0.0027895542498121983,False,True,True,True,True,True,True
S0,H1A2_1200:0622,614,True,True,verified,True,0.16922049197352518,False,unknown,unknown,False,False,False,False
S0,H1A2_1200:0623,615,False,True,verified,True,0.038034604730766475,False,True,True,False,True,False,True
S0,H1A2_1200:0624,616,True,True,verified,True,0.1865126217085793,False,unknown,unknown,False,False,False,False
S0,H1A2_1200:0625,617,True,True,verified,True,0.08526071902913479,False,True,True,False,True,False,True
S0,H1A2_1200:0626,618,False,True,verified,True,0.040788273119710006,False,True,True,False,True,False,True
S0,H1A2_1200:0627,619,True,True,verified,True,0.2553022794086379,False,unknown,unknown,False,False,False,False
S0,H1A2_1200:0628,620,True,True,verified,True,unknown,True,True,True,unknown,unknown,unknown,unknown
S0,H1A2_1200:0629,621,True,True,verified,True,0.06574770751928671,False,True,True,False,True,False,True
S0,H1A2_1200:0630,622,True,True,verified,True,unknown,True,True,True,unknown,unknown,unknown,unknown
S0,H1A2_1200:0631,623,False,True,verified,True,-0.005861901171874795,False,True,True,True,True,True,True
S0,H1A2_1200:0632,624,True,True,verified,True,0.02572196412329042,False,False,True,False,True,False,False
S0,H1A2_1200:0633,625,False,True,verified,True,0.17433977699631598,False,unknown,unknown,False,False,False,False
S0,H1A2_1200:0634,626,True,True,verified,True,0.03212323480290813,False,True,True,False,True,False,True
S0,H1A2_1200:0635,627,True,True,verified,True,0.1825582817466227,False,unknown,unknown,False,False,False,False
S0,H1A2_1200:0636,628,True,True,verified,True,0.04950663358642515,False,True,True,False,True,False,True
S0,H1A2_1200:0638,629,True,True,verified,True,0.06246944189111403,False,True,True,False,True,False,True
S0,H1A2_1200:0639,630,True,True,verified,True,-0.001955130557373508,False,True,True,True,True,True,True
S0,H1A2_1200:0640,631,True,True,verified,True,0.04106683763671981,False,True,True,False,True,False,True
S0,H1A2_1200:0641,632,True,True,verified,True,0.12764940486677112,False,unknown,unknown,False,False,False,False
S0,H1A2_1200:0642,633,False,True,verified,True,0.16336147437566328,False,unknown,unknown,False,False,False,False
S0,H1A2_1200:0643,634,True,True,verified,True,0.02988608717429697,False,False,True,False,True,False,False
S0,H1A2_1200:0644,635,True,True,verified,True,0.19458567699706997,False,unknown,unknown,False,False,False,False
S0,H1A2_1200:0645,636,False,True,verified,True,0.3072391164864108,False,unknown,unknown,False,False,False,False
S0,H1A2_1200:0646,637,True,True,verified,True,0.07068344782470692,False,True,True,False,True,False,True
S0,H1A2_1200:0647,638,True,True,verified,True,0.11373174751840232,False,unknown,unknown,False,False,False,False
S0,H1A2_1200:0648,639,True,True,verified,True,0.1255039670974405,False,unknown,unknown,False,False,False,False
S0,H1A2_1200:0649,640,True,True,verified,True,0.19333786599853475,False,unknown,unknown,False,False,False,False
S0,H1A2_1200:0650,641,False,True,verified,True,0.30855408653198246,False,unknown,unknown,False,False,False,False
S0,H1A2_1200:0651,642,True,True,verified,True,0.11931612982494766,False,unknown,unknown,False,False,False,False
S0,H1A2_1200:0652,643,True,True,verified,True,0.07583201163469688,False,True,True,False,True,False,True
S0,H1A2_1200:0653,644,True,True,verified,True,0.08459088895630007,False,True,True,False,True,False,True
S0,H1A2_1200:0654,645,True,True,verified,True,0.16958028776709,False,unknown,unknown,False,False,False,False
S0,H1A2_1200:0655,646,True,True,verified,True,0.0485255032983396,False,True,True,False,True,False,True
S0,H1A2_1200:0656,647,True,True,verified,True,0.12998587213204527,False,unknown,unknown,False,False,False,False
S0,H1A2_1200:0657,648,True,True,verified,True,0.11200046214910397,False,unknown,unknown,False,False,False,False
S0,H1A2_1200:0658,649,True,True,verified,True,0.2168330861219765,False,unknown,unknown,False,False,False,False
S0,H1A2_1200:0659,650,True,True,verified,True,0.0944826660681155,False,True,True,False,True,False,True
S0,H1A2_1200:0660,651,True,True,verified,True,0.0865891339765934,False,True,True,False,True,False,True
S0,H1A2_1200:0661,652,True,True,verified,True,0.20325257810644715,False,unknown,unknown,False,False,False,False
S0,H1A2_1200:0662,653,True,True,verified,True,0.05035971398120154,False,True,True,False,True,False,True
S0,H1A2_1200:0663,654,True,True,verified,True,0.13929481505371122,False,unknown,unknown,False,False,False,False
S0,H1A2_1200:0664,655,True,True,verified,True,unknown,True,True,True,unknown,unknown,unknown,unknown
S0,H1A2_1200:0665,656,False,True,verified,True,0.2686359720114746,False,unknown,unknown,False,False,False,False
S0,H1A2_1200:0666,657,True,True,verified,True,0.006856435245497394,False,True,True,False,True,False,True
S0,H1A2_1200:0667,658,True,True,verified,True,0.25062681388753205,False,unknown,unknown,False,False,False,False
S0,H1A2_1200:0668,659,True,True,verified,True,0.029816234765489114,False,False,True,False,True,False,False
S0,H1A2_1200:0669,660,True,True,verified,True,0.04651620464884321,False,True,True,False,True,False,True
S0,H1A2_1200:0670,661,True,True,verified,True,0.05113033652758858,False,True,True,False,True,False,True
S0,H1A2_1200:0671,662,True,True,verified,True,0.07922826831323082,False,True,True,False,True,False,True
S0,H1A2_1200:0672,663,False,True,verified,True,0.16387176032158735,False,unknown,unknown,False,False,False,False
S0,H1A2_1200:0673,664,True,True,verified,True,0.10274712276611364,False,unknown,unknown,False,False,False,False
S0,H1A2_1200:0674,665,True,True,verified,True,0.13255884678198093,False,unknown,unknown,False,False,False,False
S0,H1A2_1200:0675,666,True,True,verified,True,0.058213724849876414,False,True,True,False,True,False,True
S0,H1A2_1200:0676,667,True,True,verified,True,0.09836866865451377,False,True,True,False,True,False,True
S0,H1A2_1200:0677,668,True,True,verified,True,0.04576784379245602,False,True,True,False,True,False,True
S0,H1A2_1200:0678,669,True,True,verified,True,0.13282056354574578,False,unknown,unknown,False,False,False,False
S0,H1A2_1200:0679,670,True,True,verified,True,-0.003217014116851935,False,True,True,True,True,True,True
S0,H1A2_1200:0680,671,True,True,verified,True,0.33879178156860323,False,unknown,unknown,False,False,False,False
S0,H1A2_1200:0681,672,True,True,verified,True,0.17192562166447534,False,unknown,unknown,False,False,False,False
S0,H1A2_1200:0682,673,True,True,verified,True,0.1560246380527337,False,unknown,unknown,False,False,False,False
S0,H1A2_1200:0683,674,True,True,verified,True,-0.08360463679117824,False,True,True,True,True,True,True
S0,H1A2_1200:0684,675,True,True,verified,True,0.13587980397420285,False,unknown,unknown,False,False,False,False
S0,H1A2_1200:0685,676,True,True,verified,True,0.09383092486572231,False,True,True,False,True,False,True
S0,H1A2_1200:0686,677,True,True,verified,True,0.10244425016141356,False,unknown,unknown,False,False,False,False
S0,H1A2_1200:0687,678,True,True,verified,True,0.07821230548773883,False,True,True,False,True,False,True
S0,H1A2_1200:0688,679,True,True,verified,True,0.08109310336364794,False,True,True,False,True,False,True
S0,H1A2_1200:0689,680,False,True,verified,True,-0.05604488379644046,False,True,True,True,True,True,True
S0,H1A2_1200:0690,681,True,True,verified,True,unknown,True,True,True,unknown,unknown,unknown,unknown
S0,H1A2_1200:0691,682,True,True,verified,True,-0.03427474755778004,False,True,True,True,True,True,True
S0,H1A2_1200:0692,683,True,True,verified,True,-0.04009597424519562,False,True,True,True,True,True,True
S0,H1A2_1200:0693,684,True,True,verified,True,0.2710211396046658,False,unknown,unknown,False,False,False,False
S0,H1A2_1200:0694,685,True,True,verified,True,0.053771039766034257,False,True,True,False,True,False,True
S0,H1A2_1200:0695,686,True,True,verified,True,0.08419774465331997,False,True,True,False,True,False,True
S0,H1A2_1200:0696,687,True,True,verified,True,-0.012649898293702666,False,False,True,True,True,False,False
S0,H1A2_1200:0697,688,True,True,verified,True,0.024844223007812083,False,True,True,False,True,False,True
S0,H1A2_1200:0698,689,True,True,verified,True,0.020191562659375606,False,True,True,False,True,False,True
S0,H1A2_1200:0699,690,True,True,verified,True,0.06606801507202142,False,True,True,False,True,False,True
S0,H1A2_1200:0700,691,True,True,verified,True,0.436981325859918,False,unknown,unknown,False,False,False,False
S0,H1A2_1200:0701,692,True,True,verified,True,0.06630290180222387,False,True,True,False,True,False,True
S0,H1A2_1200:0702,693,True,True,verified,True,-0.04459612514892619,False,True,True,True,True,True,True
S0,H1A2_1200:0703,694,False,True,verified,True,-0.012905676757987372,False,True,True,True,True,True,True
S0,H1A2_1200:0704,695,True,True,verified,True,0.06248139120189222,False,True,True,False,True,False,True
S0,H1A2_1200:0705,696,True,True,verified,True,0.05629730208780792,False,True,True,False,True,False,True
S0,H1A2_1200:0706,697,True,True,verified,True,0.14019878035938405,False,unknown,unknown,False,False,False,False
S0,H1A2_1200:0707,698,True,True,verified,True,-0.029045708391113756,False,True,True,True,True,True,True
S0,H1A2_1200:0708,699,True,True,verified,True,0.05268195345331783,False,True,True,False,True,False,True
S0,H1A2_1200:0709,700,False,True,verified,True,0.1126864759259334,False,unknown,unknown,False,False,False,False
S0,H1A2_1200:0710,701,True,True,verified,True,0.34105438547580214,False,unknown,unknown,False,False,False,False
S0,H1A2_1200:0711,702,True,True,verified,True,0.12781463378662128,False,unknown,unknown,False,False,False,False
S0,H1A2_1200:0712,703,True,True,verified,True,0.0230499630768497,False,True,True,False,True,False,True
S0,H1A2_1200:0713,704,True,True,verified,True,0.13710217794604507,False,unknown,unknown,False,False,False,False
S0,H1A2_1200:0714,705,True,True,verified,True,0.038841314817017025,False,True,True,False,True,False,True
S0,H1A2_1200:0715,706,False,True,verified,True,0.12119537269002212,False,unknown,unknown,False,False,False,False
S0,H1A2_1200:0716,707,True,True,verified,True,0.06938994635872753,False,False,True,False,True,False,False
S0,H1A2_1200:0717,708,True,True,verified,True,0.14526112413972037,False,unknown,unknown,False,False,False,False
S0,H1A2_1200:0718,709,True,True,verified,True,0.12034438642724865,False,unknown,unknown,False,False,False,False
S0,H1A2_1200:0719,710,True,True,verified,True,0.10397302738037073,False,unknown,unknown,False,False,False,False
S0,H1A2_1200:0720,711,False,True,verified,True,0.08913639817814101,False,True,True,False,True,False,True
S0,H1A2_1200:0721,712,True,True,verified,True,0.41359613619602165,False,unknown,unknown,False,False,False,False
S0,H1A2_1200:0722,713,True,True,verified,True,-0.011551483582490363,False,True,True,True,True,True,True
S0,H1A2_1200:0723,714,True,True,verified,True,0.04994774480126951,False,True,True,False,True,False,True
S0,H1A2_1200:0724,715,True,True,verified,True,0.0701193635538182,False,True,True,False,True,False,True
S0,H1A2_1200:0725,716,True,True,verified,True,0.23736471647420299,False,unknown,unknown,False,False,False,False
S0,H1A2_1200:0726,717,True,True,verified,True,0.038967110702054164,False,True,True,False,True,False,True
S0,H1A2_1200:0727,718,True,True,verified,True,0.016869191044596832,False,True,False,False,True,False,False
S0,H1A2_1200:0728,719,True,True,verified,True,0.11256528739624017,False,unknown,unknown,False,False,False,False
S0,H1A2_1200:0729,720,True,True,verified,True,-0.029845149907091084,False,True,True,True,True,True,True
S0,H1A2_1200:0730,721,False,True,verified,True,0.06864360580108642,False,True,True,False,True,False,True
S0,H1A2_1200:0731,722,True,True,verified,True,0.18399546713704495,False,unknown,unknown,False,False,False,False
S0,H1A2_1200:0733,723,True,True,verified,True,0.05085803609252704,False,True,True,False,True,False,True
S0,H1A2_1200:0734,724,True,True,verified,True,0.13899634898978253,False,unknown,unknown,False,False,False,False
S0,H1A2_1200:0735,725,True,True,verified,True,0.05576991669786224,False,True,True,False,True,False,True
S0,H1A2_1200:0736,726,True,True,verified,True,-0.005719307523193162,False,True,True,True,True,True,True
S0,H1A2_1200:0737,727,True,True,verified,True,0.04871652526463066,False,True,True,False,True,False,True
S0,H1A2_1200:0738,728,True,True,verified,True,0.029869352493515022,False,True,True,False,True,False,True
S0,H1A2_1200:0739,729,True,True,verified,True,0.08109319390502989,False,True,True,False,True,False,True
S0,H1A2_1200:0740,730,True,True,verified,True,0.1639951434863285,False,unknown,unknown,False,False,False,False
S0,H1A2_1200:0741,731,True,True,verified,True,0.024341509508870374,False,True,True,False,True,False,True
S0,H1A2_1200:0742,732,True,True,verified,True,0.005243596310629428,False,True,True,False,True,False,True
S0,H1A2_1200:0743,733,True,True,verified,True,-0.003984076228551459,False,True,True,True,True,True,True
S0,H1A2_1200:0744,734,True,True,verified,True,0.014202482753906231,False,True,True,False,True,False,True
S0,H1A2_1200:0745,735,True,True,verified,True,0.016225381875813127,False,True,True,False,True,False,True
S0,H1A2_1200:0746,736,True,True,verified,True,-0.0658640976708007,False,True,True,True,True,True,True
S0,H1A2_1200:0747,737,True,True,verified,True,0.060314388124999674,False,True,True,False,True,False,True
S0,H1A2_1200:0748,738,True,True,verified,True,0.01620033005468713,False,False,unknown,False,True,False,False
S0,H1A2_1200:0749,739,True,True,verified,True,0.07238785295220307,False,True,True,False,True,False,True
S0,H1A2_1200:0750,740,False,True,verified,True,0.047007052187499454,False,True,True,False,True,False,True
S0,H1A2_1200:0751,741,True,True,verified,True,0.045877316203714935,False,True,True,False,True,False,True
S0,H1A2_1200:0752,742,True,True,verified,True,0.22834935139797707,False,unknown,unknown,False,False,False,False
S0,H1A2_1200:0753,743,True,True,verified,True,0.20024592082075365,False,unknown,unknown,False,False,False,False
S0,H1A2_1200:0754,744,True,True,verified,True,0.036570465651041495,False,True,True,False,True,False,True
S0,H1A2_1200:0755,745,True,True,verified,True,0.47032888578956644,False,unknown,unknown,False,False,False,False
S0,H1A2_1200:0756,746,True,True,verified,True,0.1480757961950676,False,unknown,unknown,False,False,False,False
S0,H1A2_1200:0757,747,True,True,verified,True,0.026619740867309893,False,True,True,False,True,False,True
S0,H1A2_1200:0758,748,True,True,verified,True,0.06834415318981835,False,True,True,False,True,False,True
S0,H1A2_1200:0759,749,True,True,verified,True,0.07855682376367135,False,False,True,False,True,False,False
S0,H1A2_1200:0760,750,True,True,verified,True,0.12769251530354886,False,unknown,unknown,False,False,False,False
S0,H1A2_1200:0761,751,True,True,verified,True,0.16168638985595685,False,unknown,unknown,False,False,False,False
S0,H1A2_1200:0762,752,True,True,verified,True,0.08029280516406612,False,True,True,False,True,False,True
S0,H1A2_1200:0763,753,True,True,verified,True,0.14776666586557674,False,unknown,unknown,False,False,False,False
S0,H1A2_1200:0764,754,True,True,verified,True,0.16996967372697114,False,unknown,unknown,False,False,False,False
S0,H1A2_1200:0765,755,True,True,verified,True,-0.025448688135741193,False,True,True,True,True,True,True
S0,H1A2_1200:0766,756,True,True,verified,True,0.15200706343212822,False,unknown,unknown,False,False,False,False
S0,H1A2_1200:0767,757,True,True,verified,True,-0.034101544863280875,False,True,True,True,True,True,True
S0,H1A2_1200:0768,758,False,True,verified,True,0.056381717593790626,False,True,True,False,True,False,True
S0,H1A2_1200:0769,759,False,True,verified,True,0.24975178431274392,False,unknown,unknown,False,False,False,False
S0,H1A2_1200:0770,760,True,True,verified,True,-0.013236715601259164,False,True,True,True,True,True,True
S0,H1A2_1200:0771,761,True,True,verified,True,-0.028520646246337655,False,True,True,True,True,True,True
S0,H1A2_1200:0772,762,True,True,verified,True,0.10232055574078913,False,unknown,unknown,False,False,False,False
S0,H1A2_1200:0773,763,True,True,verified,True,-0.0026044661811521763,False,True,True,True,True,True,True
S0,H1A2_1200:0774,764,False,True,verified,True,0.07032236180677653,False,True,True,False,True,False,True
S0,H1A2_1200:0775,765,True,True,verified,True,0.29061841262743826,False,unknown,unknown,False,False,False,False
S0,H1A2_1200:0776,766,True,True,verified,True,0.12477782967016449,False,unknown,unknown,False,False,False,False
S0,H1A2_1200:0777,767,True,True,verified,True,0.09006897108398704,False,True,True,False,True,False,True
S0,H1A2_1200:0778,768,False,True,verified,True,0.007337954303793026,False,True,True,False,True,False,True
S0,H1A2_1200:0779,769,True,True,verified,True,0.0530326469303386,False,True,True,False,True,False,True
S0,H1A2_1200:0780,770,True,True,verified,True,0.5574714202282713,False,unknown,unknown,False,False,False,False
S0,H1A2_1200:0781,771,True,True,verified,True,0.17612340974135066,False,unknown,unknown,False,False,False,False
S0,H1A2_1200:0782,772,True,True,verified,True,0.0731888094038915,False,False,True,False,True,False,False
S0,H1A2_1200:0783,773,True,True,verified,True,0.04129212644856839,False,True,True,False,True,False,True
S0,H1A2_1200:0784,774,True,True,verified,True,0.007813690174856447,False,True,True,False,True,False,True
S0,H1A2_1200:0785,775,True,True,verified,True,0.3233524434711379,False,unknown,unknown,False,False,False,False
S0,H1A2_1200:0786,776,True,True,verified,True,-0.0910811743085933,False,True,True,True,True,True,True
S0,H1A2_1200:0787,777,True,True,verified,True,0.13690907083199644,False,unknown,unknown,False,False,False,False
S0,H1A2_1200:0788,778,True,True,verified,True,-0.030057798602701524,False,True,True,True,True,True,True
S0,H1A2_1200:0789,779,False,True,verified,True,0.03656811689208972,False,True,True,False,True,False,True
S0,H1A2_1200:0790,780,True,True,verified,True,0.08619633134803095,False,True,True,False,True,False,True
S0,H1A2_1200:0791,781,True,True,verified,True,unknown,True,True,True,unknown,unknown,unknown,unknown
S0,H1A2_1200:0792,782,True,True,verified,True,0.02778927840454104,False,True,True,False,True,False,True
S0,H1A2_1200:0793,783,True,True,verified,True,0.12098760002327591,False,unknown,unknown,False,False,False,False
S0,H1A2_1200:0794,784,True,True,verified,True,0.17358122736941972,False,unknown,unknown,False,False,False,False
S0,H1A2_1200:0795,785,True,True,verified,True,0.03430065996215781,False,True,True,False,True,False,True
S0,H1A2_1200:0796,786,True,True,verified,True,0.22715588354939786,False,unknown,unknown,False,False,False,False
S0,H1A2_1200:0797,787,True,True,verified,True,0.015053919038085617,False,True,True,False,True,False,True
S0,H1A2_1200:0798,788,True,True,verified,True,-0.00033908214734257314,False,True,True,True,True,True,True
S0,H1A2_1200:0799,789,True,True,verified,True,0.11404498705053534,False,unknown,unknown,False,False,False,False
S0,H1A2_1200:0800,790,True,True,verified,True,0.01454583953921329,False,True,True,False,True,False,True
S0,H1A2_1200:0801,791,True,True,verified,True,0.06806490142368915,False,True,True,False,True,False,True
S0,H1A2_1200:0802,792,True,True,verified,True,0.29283615368432603,False,unknown,unknown,False,False,False,False
S0,H1A2_1200:0803,793,True,True,verified,True,0.022288018863281245,False,False,True,False,True,False,False
S0,H1A2_1200:0804,794,True,True,verified,True,0.10561057800557538,False,unknown,unknown,False,False,False,False
S0,H1A2_1200:0805,795,False,True,verified,True,0.118630222804752,False,unknown,unknown,False,False,False,False
S0,H1A2_1200:0806,796,True,True,verified,True,0.14719382467410203,False,unknown,unknown,False,False,False,False
S0,H1A2_1200:0807,797,True,True,verified,True,0.04280889227246654,False,True,True,False,True,False,True
S0,H1A2_1200:0808,798,True,True,verified,True,0.09223680745514784,False,True,True,False,True,False,True
S0,H1A2_1200:0809,799,True,True,verified,True,-0.0011832015386961103,False,True,True,True,True,True,True
S0,H1A2_1200:0810,800,False,True,verified,True,-0.683453823988037,False,True,True,True,True,True,True
S0,H1A2_1200:0811,801,True,True,verified,True,0.04094499369492688,False,True,True,False,True,False,True
S0,H1A2_1200:0812,802,True,True,verified,True,0.10890329089450823,False,unknown,unknown,False,False,False,False
S0,H1A2_1200:0813,803,True,True,verified,True,-0.09828362624597986,False,True,True,True,True,True,True
S0,H1A2_1200:0814,804,True,True,verified,True,0.21440242073893145,False,unknown,unknown,False,False,False,False
S0,H1A2_1200:0815,805,True,True,verified,True,0.19842697321480607,False,unknown,unknown,False,False,False,False
S0,H1A2_1200:0816,806,True,True,verified,True,0.009140104631347512,False,False,True,False,True,False,False
S0,H1A2_1200:0817,807,True,True,verified,True,0.1383478624579535,False,unknown,unknown,False,False,False,False
S0,H1A2_1200:0818,808,True,True,verified,True,0.05310897766308642,False,True,True,False,True,False,True
S0,H1A2_1200:0819,809,True,True,verified,True,0.3066047747648115,False,unknown,unknown,False,False,False,False
S0,H1A2_1200:0820,810,False,True,verified,True,0.11934247891985184,False,unknown,unknown,False,False,False,False
S0,H1A2_1200:0821,811,True,True,verified,True,0.07506912274414024,False,True,True,False,True,False,True
S0,H1A2_1200:0822,812,True,True,verified,True,0.07081216788688849,False,True,True,False,True,False,True
S0,H1A2_1200:0823,813,True,True,verified,True,0.13731848876481934,False,unknown,unknown,False,False,False,False
S0,H1A2_1200:0824,814,True,True,verified,True,unknown,True,True,True,unknown,unknown,unknown,unknown
S0,H1A2_1200:0825,815,False,True,verified,True,0.19420978839924397,False,unknown,unknown,False,False,False,False
S0,H1A2_1200:0827,816,True,True,verified,True,0.1126392171142534,False,unknown,unknown,False,False,False,False
S0,H1A2_1200:0828,817,True,True,verified,True,0.05574968791577284,False,True,True,False,True,False,True
S0,H1A2_1200:0829,818,True,True,verified,True,0.10737863128059821,False,unknown,unknown,False,False,False,False
S0,H1A2_1200:0830,819,True,True,verified,True,0.08075891446021188,False,True,True,False,True,False,True
S0,H1A2_1200:0831,820,False,True,verified,True,-0.039838887540893264,False,True,True,True,True,True,True
S0,H1A2_1200:0832,821,False,False,generation_failure,False,unknown,False,unknown,unknown,False,False,False,False
S0,H1A2_1200:0833,822,True,True,verified,True,0.0856020752526856,False,True,True,False,True,False,True
S0,H1A2_1200:0834,823,True,True,verified,True,0.19221403179117935,False,unknown,unknown,False,False,False,False
S0,H1A2_1200:0835,824,True,True,verified,True,0.007403628455647571,False,True,True,False,True,False,True
S0,H1A2_1200:0836,825,False,True,verified,True,0.14448843910574816,False,unknown,unknown,False,False,False,False
S0,H1A2_1200:0837,826,True,True,verified,True,0.10117480440917959,False,unknown,unknown,False,False,False,False
S0,H1A2_1200:0838,827,False,True,verified,True,0.08148673999816847,False,True,True,False,True,False,True
S0,H1A2_1200:0839,828,True,True,verified,True,-0.005585661673583431,False,True,True,True,True,True,True
S0,H1A2_1200:0840,829,True,True,verified,True,-0.06281005319946331,False,True,True,True,True,True,True
S0,H1A2_1200:0841,830,False,True,verified,True,0.11371587470797273,False,unknown,unknown,False,False,False,False
S0,H1A2_1200:0842,831,True,True,verified,True,0.059169183490396904,False,False,True,False,True,False,False
S0,H1A2_1200:0843,832,True,True,verified,True,0.0229731340154804,False,True,True,False,True,False,True
S0,H1A2_1200:0844,833,True,True,verified,True,0.20982816245564706,False,unknown,unknown,False,False,False,False
S0,H1A2_1200:0845,834,True,True,verified,True,0.12926896006437438,False,unknown,unknown,False,False,False,False
S0,H1A2_1200:0846,835,False,True,verified,True,-0.043683794270751974,False,True,True,True,True,True,True
S0,H1A2_1200:0847,836,True,True,verified,True,0.19383040401415919,False,unknown,unknown,False,False,False,False
S0,H1A2_1200:0848,837,True,True,verified,True,0.10013588981944732,False,unknown,unknown,False,False,False,False
S0,H1A2_1200:0849,838,True,True,verified,True,0.026806924298502732,False,True,True,False,True,False,True
S0,H1A2_1200:0850,839,False,True,verified,True,0.16264326434908227,False,unknown,unknown,False,False,False,False
S0,H1A2_1200:0851,840,True,True,verified,True,0.0370622541788741,False,True,True,False,True,False,True
S0,H1A2_1200:0852,841,True,True,verified,True,0.26158840746402134,False,unknown,unknown,False,False,False,False
S0,H1A2_1200:0853,842,True,True,verified,True,0.07459487319213842,False,True,True,False,True,False,True
S0,H1A2_1200:0854,843,True,True,verified,True,0.04119042924592442,False,True,True,False,True,False,True
S0,H1A2_1200:0855,844,False,True,verified,True,0.047571806687500384,False,True,True,False,True,False,True
S0,H1A2_1200:0856,845,True,True,verified,True,0.07599547357503589,False,True,True,False,True,False,True
S0,H1A2_1200:0857,846,True,True,verified,True,0.1363081760034186,False,unknown,unknown,False,False,False,False
S0,H1A2_1200:0858,847,True,True,verified,True,0.1375527490937749,False,unknown,unknown,False,False,False,False
S0,H1A2_1200:0859,848,True,True,verified,True,-0.016459142208624655,False,True,True,True,True,True,True
S0,H1A2_1200:0860,849,True,True,verified,True,0.0612175982892289,False,True,True,False,True,False,True
S0,H1A2_1200:0861,850,True,True,verified,True,-0.01611467983805337,False,True,True,True,True,True,True
S0,H1A2_1200:0862,851,True,True,verified,True,0.024624623509929222,False,True,True,False,True,False,True
S0,H1A2_1200:0863,852,False,True,invalid_terminal,False,unknown,False,unknown,unknown,False,False,False,False
S0,H1A2_1200:0864,853,True,True,verified,True,0.05202991808642565,False,True,True,False,True,False,True
S0,H1A2_1200:0865,854,False,True,verified,True,0.0182768196459957,False,True,True,False,True,False,True
S0,H1A2_1200:0866,855,False,True,not_converged,False,3.629545042110891,False,unknown,unknown,False,False,False,False
S0,H1A2_1200:0867,856,True,True,verified,True,0.15378082814867966,False,unknown,unknown,False,False,False,False
S0,H1A2_1200:0868,857,False,True,verified,True,0.10911723702880849,False,unknown,unknown,False,False,False,False
S0,H1A2_1200:0869,858,True,True,verified,True,unknown,True,True,True,unknown,unknown,unknown,unknown
S0,H1A2_1200:0870,859,True,True,verified,True,0.0066244086702464955,False,True,True,False,True,False,True
S0,H1A2_1200:0871,860,True,True,verified,True,0.010865524790038883,False,True,True,False,True,False,True
S0,H1A2_1200:0872,861,True,True,verified,True,0.11529936926667261,False,unknown,unknown,False,False,False,False
S0,H1A2_1200:0873,862,False,True,verified,True,0.018900907416383284,False,True,True,False,True,False,True
S0,H1A2_1200:0874,863,False,True,verified,True,0.22817791947484078,False,unknown,unknown,False,False,False,False
S0,H1A2_1200:0875,864,True,True,verified,True,0.06452139228784226,False,True,True,False,True,False,True
S0,H1A2_1200:0876,865,True,True,verified,True,0.06286439023583945,False,True,True,False,True,False,True
S0,H1A2_1200:0877,866,True,True,verified,True,0.1525297489641222,False,unknown,unknown,False,False,False,False
S0,H1A2_1200:0878,867,True,True,verified,True,0.06971726207584705,False,True,True,False,True,False,True
S0,H1A2_1200:0879,868,False,True,verified,True,0.12976575119349976,False,unknown,unknown,False,False,False,False
S0,H1A2_1200:0880,869,False,True,verified,True,0.2202844138603517,False,unknown,unknown,False,False,False,False
S0,H1A2_1200:0881,870,True,True,verified,True,0.1279949389986168,False,unknown,unknown,False,False,False,False
S0,H1A2_1200:0882,871,True,True,verified,True,0.08895827899170072,False,False,True,False,True,False,False
S0,H1A2_1200:0883,872,True,True,verified,True,0.03719602782373066,False,False,True,False,True,False,False
S0,H1A2_1200:0884,873,True,True,verified,True,0.043771641799519756,False,True,True,False,True,False,True
S0,H1A2_1200:0885,874,False,True,verified,True,0.13712133563920403,False,unknown,unknown,False,False,False,False
S0,H1A2_1200:0886,875,False,True,verified,True,unknown,True,True,True,unknown,unknown,unknown,unknown
S0,H1A2_1200:0887,876,True,True,verified,True,0.23099402471435493,False,unknown,unknown,False,False,False,False
S0,H1A2_1200:0888,877,False,True,verified,True,0.20110267933080994,False,unknown,unknown,False,False,False,False
S0,H1A2_1200:0889,878,True,True,verified,True,0.09545481807495104,False,True,True,False,True,False,True
S0,H1A2_1200:0890,879,True,True,verified,True,0.01641785054361744,False,True,True,False,True,False,True
S0,H1A2_1200:0891,880,True,True,verified,True,0.052644422893066256,False,True,True,False,True,False,True
S0,H1A2_1200:0892,881,True,True,verified,True,0.06631808046210441,False,True,True,False,True,False,True
S0,H1A2_1200:0893,882,True,True,verified,True,0.17666038837687115,False,unknown,unknown,False,False,False,False
S0,H1A2_1200:0894,883,True,True,verified,True,-0.01325259599365225,False,True,True,True,True,True,True
S0,H1A2_1200:0895,884,False,True,verified,True,-0.0013038764964456995,False,True,True,True,True,True,True
S0,H1A2_1200:0896,885,True,True,verified,True,0.10916994345723463,False,unknown,unknown,False,False,False,False
S0,H1A2_1200:0897,886,True,True,verified,True,0.08201716615088017,False,False,True,False,True,False,False
S0,H1A2_1200:0898,887,True,True,verified,True,0.11573751386484155,False,unknown,unknown,False,False,False,False
S0,H1A2_1200:0899,888,True,True,verified,True,0.036382597646483994,False,True,True,False,True,False,True
S0,H1A2_1200:0900,889,True,True,verified,True,0.21256776924804655,False,unknown,unknown,False,False,False,False
S0,H1A2_1200:0901,890,False,True,verified,True,0.07204022582906067,False,True,True,False,True,False,True
S0,H1A2_1200:0902,891,True,True,verified,True,0.05694130158260258,False,True,True,False,True,False,True
S0,H1A2_1200:0903,892,False,True,verified,True,0.231412274731861,False,unknown,unknown,False,False,False,False
S0,H1A2_1200:0904,893,True,True,verified,True,0.12017858916817392,False,unknown,unknown,False,False,False,False
S0,H1A2_1200:0905,894,True,True,verified,True,0.17029839066248798,False,unknown,unknown,False,False,False,False
S0,H1A2_1200:0906,895,True,True,verified,True,0.08472817465942395,False,True,True,False,True,False,True
S0,H1A2_1200:0907,896,True,True,verified,True,0.03959472260114261,False,True,True,False,True,False,True
S0,H1A2_1200:0908,897,True,True,verified,True,5.034585770020209,False,unknown,unknown,False,False,False,False
S0,H1A2_1200:0909,898,True,True,verified,True,0.036723470909830525,False,True,True,False,True,False,True
S0,H1A2_1200:0910,899,True,True,verified,True,0.027845890543618523,False,True,True,False,True,False,True
S0,H1A2_1200:0911,900,True,True,verified,True,0.015021386024498096,False,True,True,False,True,False,True
S0,H1A2_1200:0912,901,True,True,verified,True,0.258101115722182,False,unknown,unknown,False,False,False,False
S0,H1A2_1200:0913,902,True,True,verified,True,0.32393487618299766,False,unknown,unknown,False,False,False,False
S0,H1A2_1200:0914,903,True,True,verified,True,0.051481470720579736,False,False,True,False,True,False,False
S0,H1A2_1200:0915,904,True,True,verified,True,0.09278764820922802,False,True,True,False,True,False,True
S0,H1A2_1200:0916,905,True,True,verified,True,0.08501561832153293,False,True,True,False,True,False,True
S0,H1A2_1200:0917,906,True,True,verified,True,unknown,True,True,True,unknown,unknown,unknown,unknown
S0,H1A2_1200:0919,907,True,True,verified,True,0.191906644671624,False,unknown,unknown,False,False,False,False
S0,H1A2_1200:0920,908,False,True,verified,True,0.10422091154822688,False,unknown,unknown,False,False,False,False
S0,H1A2_1200:0921,909,True,True,verified,True,0.03702912080186627,False,True,True,False,True,False,True
S0,H1A2_1200:0922,910,False,True,verified,True,0.05866152073632591,False,True,True,False,True,False,True
S0,H1A2_1200:0923,911,True,True,verified,True,0.4009407639631357,False,unknown,unknown,False,False,False,False
S0,H1A2_1200:0924,912,True,True,verified,True,0.04326880696634916,False,False,True,False,True,False,False
S0,H1A2_1200:0925,913,True,True,verified,True,0.20310181959269258,False,unknown,unknown,False,False,False,False
S0,H1A2_1200:0926,914,True,True,verified,True,0.2105907936572251,False,unknown,unknown,False,False,False,False
S0,H1A2_1200:0927,915,False,True,verified,True,0.15012426873538587,False,unknown,unknown,False,False,False,False
S0,H1A2_1200:0928,916,True,True,verified,True,0.17224958504152976,False,unknown,unknown,False,False,False,False
S0,H1A2_1200:0929,917,True,True,verified,True,0.07749702909923695,False,True,True,False,True,False,True
S0,H1A2_1200:0930,918,True,True,verified,True,0.22670028212931115,False,unknown,unknown,False,False,False,False
S0,H1A2_1200:0931,919,True,True,verified,True,unknown,True,True,True,unknown,unknown,unknown,unknown
S0,H1A2_1200:0932,920,True,True,verified,True,0.03920039120410301,False,True,True,False,True,False,True
S0,H1A2_1200:0933,921,True,True,verified,True,0.03625324890503201,False,True,True,False,True,False,True
S0,H1A2_1200:0934,922,True,True,verified,True,0.05227684179565628,False,True,True,False,True,False,True
S0,H1A2_1200:0935,923,True,True,verified,True,0.0437935662589517,False,True,True,False,True,False,True
S0,H1A2_1200:0936,924,True,True,verified,True,0.003895339758301475,False,True,True,False,True,False,True
S0,H1A2_1200:0937,925,True,True,verified,True,0.0027073028784179165,False,True,True,False,True,False,True
S0,H1A2_1200:0938,926,True,True,verified,True,0.004596281446533013,False,False,True,False,True,False,False
S0,H1A2_1200:0939,927,True,True,verified,True,0.2332720842499434,False,unknown,unknown,False,False,False,False
S0,H1A2_1200:0940,928,False,True,verified,True,0.08407153177289839,False,True,True,False,True,False,True
S0,H1A2_1200:0941,929,True,True,verified,True,-0.025451777707112377,False,False,True,True,True,False,False
S0,H1A2_1200:0942,930,True,True,verified,True,0.34952463117594323,False,unknown,unknown,False,False,False,False
S0,H1A2_1200:0943,931,False,True,verified,True,0.23455372498238702,False,unknown,unknown,False,False,False,False
S0,H1A2_1200:0944,932,True,True,verified,True,0.02617641928466785,False,False,True,False,True,False,False
S0,H1A2_1200:0945,933,False,True,verified,True,0.11084644108033093,False,unknown,unknown,False,False,False,False
S0,H1A2_1200:0946,934,True,True,verified,True,0.09975868844239599,False,True,True,False,True,False,True
S0,H1A2_1200:0947,935,True,True,verified,True,-0.008521673373750982,False,True,True,True,True,True,True
S0,H1A2_1200:0948,936,True,True,verified,True,0.12061334433945703,False,unknown,unknown,False,False,False,False
S0,H1A2_1200:0949,937,True,True,verified,True,0.07247916505078145,False,True,True,False,True,False,True
S0,H1A2_1200:0950,938,True,True,verified,True,0.0065339735901517315,False,False,True,False,True,False,False
S0,H1A2_1200:0951,939,True,True,verified,True,0.026971430587972023,False,True,True,False,True,False,True
S0,H1A2_1200:0952,940,True,True,verified,True,0.028664430736084157,False,True,True,False,True,False,True
S0,H1A2_1200:0953,941,False,True,verified,True,0.03677995249985244,False,True,True,False,True,False,True
S0,H1A2_1200:0954,942,True,True,verified,True,0.048079960210365424,False,True,True,False,True,False,True
S0,H1A2_1200:0955,943,True,True,verified,True,0.2861631937349429,False,unknown,unknown,False,False,False,False
S0,H1A2_1200:0956,944,True,True,verified,True,0.07602425233764709,False,True,True,False,True,False,True
S0,H1A2_1200:0957,945,True,True,verified,True,0.1765956608840531,False,unknown,unknown,False,False,False,False
S0,H1A2_1200:0958,946,True,True,verified,True,0.044217617389322506,False,True,True,False,True,False,True
S0,H1A2_1200:0959,947,True,True,verified,True,0.0036966459306633226,False,True,True,False,True,False,True
S0,H1A2_1200:0960,948,True,True,verified,True,0.12244301844186012,False,unknown,unknown,False,False,False,False
S0,H1A2_1200:0961,949,True,True,verified,True,0.08596998981079107,False,True,True,False,True,False,True
S0,H1A2_1200:0962,950,True,True,verified,True,0.0551176387955441,False,False,True,False,True,False,False
S0,H1A2_1200:0963,951,True,True,verified,True,0.04246205786123447,False,True,True,False,True,False,True
S0,H1A2_1200:0964,952,True,True,verified,True,0.0024585092549638254,False,True,True,False,True,False,True
S0,H1A2_1200:0965,953,True,True,verified,True,0.03982602435818361,False,True,True,False,True,False,True
S0,H1A2_1200:0966,954,True,True,verified,True,0.1468873861865232,False,unknown,unknown,False,False,False,False
S0,H1A2_1200:0967,955,False,True,verified,True,10.308925569615724,False,unknown,unknown,False,False,False,False
S0,H1A2_1200:0968,956,False,True,verified,True,0.09625346306098059,False,True,True,False,True,False,True
S0,H1A2_1200:0969,957,True,True,verified,True,0.016340630468016926,False,False,True,False,True,False,False
S0,H1A2_1200:0970,958,False,True,verified,True,0.18986793097499355,False,unknown,unknown,False,False,False,False
S0,H1A2_1200:0971,959,True,True,verified,True,0.10523693710058524,False,unknown,unknown,False,False,False,False
S0,H1A2_1200:0972,960,True,True,verified,True,0.25039825637231417,False,unknown,unknown,False,False,False,False
S0,H1A2_1200:0973,961,True,False,invalid_raw,False,unknown,False,unknown,unknown,False,False,False,False
S0,H1A2_1200:0974,962,True,True,verified,True,0.07360626966812678,False,True,True,False,True,False,True
S0,H1A2_1200:0975,963,True,True,verified,True,0.04404099821555674,False,False,True,False,True,False,False
S0,H1A2_1200:0976,964,True,True,verified,True,0.1861813389484368,False,unknown,unknown,False,False,False,False
S0,H1A2_1200:0977,965,True,True,verified,True,0.17007255066902704,False,unknown,unknown,False,False,False,False
S0,H1A2_1200:0978,966,True,True,verified,True,-0.012916914859619322,False,True,True,True,True,True,True
S0,H1A2_1200:0979,967,True,True,verified,True,0.014307963223877174,False,True,True,False,True,False,True
S0,H1A2_1200:0980,968,False,True,verified,True,0.11568891222267785,False,unknown,unknown,False,False,False,False
S0,H1A2_1200:0981,969,True,True,verified,True,0.09576937200580371,False,True,True,False,True,False,True
S0,H1A2_1200:0982,970,True,True,verified,True,0.23135074321004367,False,unknown,unknown,False,False,False,False
S0,H1A2_1200:0983,971,True,True,verified,True,0.014291056836751359,False,True,True,False,True,False,True
S0,H1A2_1200:0984,972,True,True,verified,True,0.08901097363830557,False,True,True,False,True,False,True
S0,H1A2_1200:0985,973,True,True,verified,True,0.027874959671133404,False,True,True,False,True,False,True
S0,H1A2_1200:0986,974,True,True,verified,True,0.0787979263664429,False,True,True,False,True,False,True
S0,H1A2_1200:0987,975,True,True,verified,True,0.049350553444198475,False,True,True,False,True,False,True
S0,H1A2_1200:0988,976,True,True,verified,True,-0.0431474965976566,False,True,True,True,True,True,True
S0,H1A2_1200:0989,977,True,True,verified,True,0.12844169429198526,False,unknown,unknown,False,False,False,False
S0,H1A2_1200:0990,978,True,True,verified,True,0.09030544758622305,False,True,True,False,True,False,True
S0,H1A2_1200:0991,979,True,True,verified,True,0.06607030041870487,False,True,True,False,True,False,True
S0,H1A2_1200:0992,980,True,True,verified,True,0.14773799277811683,False,unknown,unknown,False,False,False,False
S0,H1A2_1200:0993,981,True,True,verified,True,0.04236767391647378,False,True,True,False,True,False,True
S0,H1A2_1200:0994,982,True,True,verified,True,0.026454521457694113,False,True,True,False,True,False,True
S0,H1A2_1200:0995,983,True,True,verified,True,0.11520208029581802,False,unknown,unknown,False,False,False,False
S0,H1A2_1200:0996,984,True,True,verified,True,0.05541304405062775,False,True,True,False,True,False,True
S0,H1A2_1200:0997,985,True,True,verified,True,0.062035875172377075,False,True,True,False,True,False,True
S0,H1A2_1200:0998,986,True,True,verified,True,0.05573460465576119,False,True,True,False,True,False,True
S0,H1A2_1200:0999,987,True,True,verified,True,0.15164158433505293,False,unknown,unknown,False,False,False,False
S0,H1A2_1200:1000,988,True,True,verified,True,0.03579547272534356,False,True,True,False,True,False,True
S0,H1A2_1200:1001,989,False,True,verified,True,0.26594118110041354,False,unknown,unknown,False,False,False,False
S0,H1A2_1200:1002,990,True,True,verified,True,0.19177283604944595,False,unknown,unknown,False,False,False,False
S0,H1A2_1200:1003,991,True,True,verified,True,0.015800190337960984,False,True,True,False,True,False,True
S0,H1A2_1200:1004,992,True,True,verified,True,0.19326974008032227,False,unknown,unknown,False,False,False,False
S0,H1A2_1200:1005,993,True,True,verified,True,0.3968101126660155,False,unknown,unknown,False,False,False,False
S0,H1A2_1200:1006,994,True,True,verified,True,0.5722249642871091,False,unknown,unknown,False,False,False,False
S0,H1A2_1200:1007,995,True,True,verified,True,0.07446299871483042,False,True,True,False,True,False,True
S0,H1A2_1200:1008,996,False,True,verified,True,0.04275550692452601,False,False,True,False,True,False,False
S0,H1A2_1200:1009,997,True,True,verified,True,0.11061957790100108,False,unknown,unknown,False,False,False,False
S0,H1A2_1200:1010,998,False,True,verified,True,0.11662676133260064,False,unknown,unknown,False,False,False,False
S0,H1A2_1200:1011,999,True,True,verified,True,0.20495690800130184,False,unknown,unknown,False,False,False,False
S0,H1A2_1200:1012,1000,True,True,verified,True,-0.12761680287109467,False,True,True,True,True,True,True
S0,H1A2_1200:1013,1001,True,True,verified,True,-0.009706456911621864,False,True,True,True,True,True,True
S0,H1A2_1200:1014,1002,True,True,verified,True,0.029595256857138708,False,True,True,False,True,False,True
S0,H1A2_1200:1015,1003,True,True,verified,True,0.1133302449996485,False,unknown,unknown,False,False,False,False
S0,H1A2_1200:1016,1004,True,True,verified,True,-0.02228398139336374,False,True,True,True,True,True,True
S0,H1A2_1200:1017,1005,True,True,verified,True,0.3287602392252609,False,unknown,unknown,False,False,False,False
S0,H1A2_1200:1018,1006,True,True,verified,True,0.11548512017441936,False,unknown,unknown,False,False,False,False
S0,H1A2_1200:1019,1007,True,True,verified,True,0.05737765420629959,False,False,True,False,True,False,False
S0,H1A2_1200:1020,1008,True,True,verified,True,0.02853796531168573,False,False,True,False,True,False,False
S0,H1A2_1200:1021,1009,True,True,verified,True,0.1329509724886071,False,unknown,unknown,False,False,False,False
S0,H1A2_1200:1022,1010,True,True,verified,True,0.008517168376554807,False,True,True,False,True,False,True
S0,H1A2_1200:1023,1011,True,True,verified,True,unknown,True,True,True,unknown,unknown,unknown,unknown
S0,H1A2_1200:1024,1012,False,True,verified,True,-0.10308282826503135,False,True,True,True,True,True,True
S0,H1A2_1200:1025,1013,True,True,verified,True,0.2545943150493155,False,unknown,unknown,False,False,False,False
S0,H1A2_1200:1026,1014,True,True,verified,True,0.08847587731176354,False,True,True,False,True,False,True
S0,H1A2_1200:1027,1015,True,True,verified,True,0.003476846057073324,False,True,True,False,True,False,True
S0,H1A2_1200:1028,1016,True,True,verified,True,0.02204371875195754,False,False,True,False,True,False,False
S0,H1A2_1200:1029,1017,True,True,verified,True,0.0734023786828617,False,True,True,False,True,False,True
S0,H1A2_1200:1030,1018,True,True,verified,True,0.02741301071655311,False,True,True,False,True,False,True
S0,H1A2_1200:1031,1019,True,True,verified,True,0.054038924206544436,False,True,True,False,True,False,True
S0,H1A2_1200:1032,1020,True,True,verified,True,0.09621084402099633,False,True,True,False,True,False,True
S0,H1A2_1200:1033,1021,True,True,verified,True,0.0773365454231767,False,True,True,False,True,False,True
S0,H1A2_1200:1034,1022,True,True,verified,True,0.3256066883738171,False,unknown,unknown,False,False,False,False
S0,H1A2_1200:1035,1023,True,True,verified,True,0.14330108153023868,False,unknown,unknown,False,False,False,False
S0,H1A2_1200:1036,1024,True,True,verified,True,0.06176352814657271,False,True,True,False,True,False,True
S0,H1A2_1200:1037,1025,False,True,verified,True,0.09512902668212941,False,True,True,False,True,False,True
S0,H1A2_1200:1038,1026,True,True,verified,True,0.02559311449137347,False,True,True,False,True,False,True
S0,H1A2_1200:1039,1027,True,True,verified,True,0.1082313424099901,False,unknown,unknown,False,False,False,False
S0,H1A2_1200:1040,1028,True,True,verified,True,0.16568085161035118,False,unknown,unknown,False,False,False,False
S0,H1A2_1200:1041,1029,True,True,verified,True,0.07153605676038932,False,True,True,False,True,False,True
S0,H1A2_1200:1042,1030,True,True,verified,True,0.12925420425520961,False,unknown,unknown,False,False,False,False
S0,H1A2_1200:1043,1031,True,True,verified,True,0.07894410811530239,False,True,True,False,True,False,True
S0,H1A2_1200:1044,1032,True,True,verified,True,0.0982351413549658,False,True,True,False,True,False,True
S0,H1A2_1200:1045,1033,True,True,verified,True,0.32269896471110115,False,unknown,unknown,False,False,False,False
S0,H1A2_1200:1046,1034,True,True,verified,True,0.11156700340624859,False,unknown,unknown,False,False,False,False
S0,H1A2_1200:1047,1035,True,True,verified,True,-0.044263841757202105,False,True,True,True,True,True,True
S0,H1A2_1200:1048,1036,True,True,verified,True,0.3193433146972664,False,unknown,unknown,False,False,False,False
S0,H1A2_1200:1049,1037,True,True,verified,True,0.050622557374021326,False,True,True,False,True,False,True
S0,H1A2_1200:1050,1038,True,True,verified,True,0.18899099692065313,False,unknown,unknown,False,False,False,False
S0,H1A2_1200:1051,1039,True,True,verified,True,0.1436956424230953,False,unknown,unknown,False,False,False,False
S0,H1A2_1200:1052,1040,False,True,verified,True,0.13415524874511675,False,unknown,unknown,False,False,False,False
S0,H1A2_1200:1053,1041,True,True,verified,True,0.04461826186645812,False,True,True,False,True,False,True
S0,H1A2_1200:1054,1042,True,True,verified,True,0.08367262583862178,False,True,True,False,True,False,True
S0,H1A2_1200:1055,1043,True,True,verified,True,0.027899303832031208,False,True,True,False,True,False,True
S0,H1A2_1200:1056,1044,True,True,verified,True,0.17845033133390054,False,unknown,unknown,False,False,False,False
S0,H1A2_1200:1057,1045,True,True,not_converged,False,4.195646083512207,False,unknown,unknown,False,False,False,False
S0,H1A2_1200:1058,1046,True,True,verified,True,0.041833565061238476,False,True,True,False,True,False,True
S0,H1A2_1200:1059,1047,True,True,verified,True,0.10747025263793741,False,unknown,unknown,False,False,False,False
S0,H1A2_1200:1060,1048,True,True,verified,True,0.05142613388939088,False,True,True,False,True,False,True
S0,H1A2_1200:1061,1049,True,True,verified,True,0.055420375354654716,False,True,True,False,True,False,True
S1,H1A2_1200:0000,0,True,True,verified,True,0.05364901297424307,False,True,True,False,True,False,True
S1,H1A2_1200:0001,1,False,True,verified,True,0.04361332533056661,False,True,True,False,True,False,True
S1,H1A2_1200:0002,2,True,True,verified,True,0.08347532770019583,False,True,True,False,True,False,True
S1,H1A2_1200:0003,3,True,True,verified,True,0.20453559224186435,False,unknown,unknown,False,False,False,False
S1,H1A2_1200:0004,4,True,True,verified,True,0.10455915925048842,False,unknown,unknown,False,False,False,False
S1,H1A2_1200:0005,5,True,True,verified,True,-0.040335857060546765,False,False,True,True,True,False,False
S1,H1A2_1200:0006,6,True,True,verified,True,0.08962316596313435,False,True,True,False,True,False,True
S1,H1A2_1200:0007,7,True,True,verified,True,-0.011469487400713518,False,True,True,True,True,True,True
S1,H1A2_1200:0008,8,True,True,verified,True,0.1064350142843491,False,unknown,unknown,False,False,False,False
S1,H1A2_1200:0009,9,True,True,verified,True,0.03635976606079083,False,True,True,False,True,False,True
S1,H1A2_1200:0011,10,True,True,not_converged,False,0.7103786635473632,False,unknown,unknown,False,False,False,False
S1,H1A2_1200:0012,11,True,True,verified,True,0.10368070032470822,False,unknown,unknown,False,False,False,False
S1,H1A2_1200:0013,12,True,True,verified,True,0.06122364158935678,False,True,True,False,True,False,True
S1,H1A2_1200:0014,13,True,True,verified,True,0.1746810336551352,False,unknown,unknown,False,False,False,False
S1,H1A2_1200:0015,14,True,True,verified,True,0.009458287862442738,False,True,True,False,True,False,True
S1,H1A2_1200:0016,15,True,True,verified,True,0.09715644117050726,False,True,True,False,True,False,True
S1,H1A2_1200:0017,16,True,True,verified,True,0.35062014299462874,False,unknown,unknown,False,False,False,False
S1,H1A2_1200:0018,17,True,True,verified,True,0.0466047385457351,False,True,True,False,True,False,True
S1,H1A2_1200:0019,18,True,True,verified,True,-0.039784583480712676,False,False,True,True,True,False,False
S1,H1A2_1200:0020,19,False,True,verified,True,0.13288742188619418,False,unknown,unknown,False,False,False,False
S1,H1A2_1200:0021,20,False,True,verified,True,0.01348424229370071,False,True,True,False,True,False,True
S1,H1A2_1200:0022,21,True,True,verified,True,0.13649294271088408,False,unknown,unknown,False,False,False,False
S1,H1A2_1200:0023,22,True,True,invalid_terminal,False,unknown,False,unknown,unknown,False,False,False,False
S1,H1A2_1200:0024,23,True,True,verified,True,0.17134570854022257,False,unknown,unknown,False,False,False,False
S1,H1A2_1200:0025,24,True,True,verified,True,0.11258809818620819,False,unknown,unknown,False,False,False,False
S1,H1A2_1200:0026,25,True,True,verified,True,-0.0005916166113282273,False,True,True,True,True,True,True
S1,H1A2_1200:0027,26,True,True,verified,True,0.015263821875976191,False,True,True,False,True,False,True
S1,H1A2_1200:0028,27,True,True,verified,True,0.06432868120561608,False,True,True,False,True,False,True
S1,H1A2_1200:0029,28,True,True,verified,True,0.0024470633251949536,False,True,True,False,True,False,True
S1,H1A2_1200:0030,29,True,True,verified,True,-0.2130069105565049,False,True,True,True,True,True,True
S1,H1A2_1200:0031,30,True,True,verified,True,0.21139768760335365,False,unknown,unknown,False,False,False,False
S1,H1A2_1200:0032,31,True,True,verified,True,0.37533185562407034,False,unknown,unknown,False,False,False,False
S1,H1A2_1200:0033,32,False,True,verified,True,0.11847705225695826,False,unknown,unknown,False,False,False,False
S1,H1A2_1200:0034,33,False,True,verified,True,0.12194135025667485,False,unknown,unknown,False,False,False,False
S1,H1A2_1200:0035,34,True,True,verified,True,0.1824380727097168,False,unknown,unknown,False,False,False,False
S1,H1A2_1200:0036,35,True,True,verified,True,0.09129538672802795,False,True,True,False,True,False,True
S1,H1A2_1200:0037,36,True,True,verified,True,0.055565145779421954,False,True,True,False,True,False,True
S1,H1A2_1200:0038,37,True,True,verified,True,-0.0038869940983072837,False,True,True,True,True,True,True
S1,H1A2_1200:0039,38,True,True,verified,True,0.1342058972772593,False,unknown,unknown,False,False,False,False
S1,H1A2_1200:0040,39,False,True,verified,True,0.14222788655744267,False,unknown,unknown,False,False,False,False
S1,H1A2_1200:0041,40,True,True,verified,True,0.018655144527282674,False,True,True,False,True,False,True
S1,H1A2_1200:0042,41,True,True,verified,True,0.18277212533283382,False,unknown,unknown,False,False,False,False
S1,H1A2_1200:0043,42,True,True,verified,True,0.11393859703523468,False,unknown,unknown,False,False,False,False
S1,H1A2_1200:0044,43,True,True,verified,True,0.025970284774169627,False,True,True,False,True,False,True
S1,H1A2_1200:0045,44,True,True,verified,True,0.0161101536276842,False,False,True,False,True,False,False
S1,H1A2_1200:0046,45,True,True,verified,True,0.04600730127075181,False,True,True,False,True,False,True
S1,H1A2_1200:0047,46,True,True,verified,True,0.2285416702815759,False,unknown,unknown,False,False,False,False
S1,H1A2_1200:0048,47,True,True,verified,True,0.1226926587740067,False,unknown,unknown,False,False,False,False
S1,H1A2_1200:0049,48,True,True,verified,True,0.19999165466393798,False,unknown,unknown,False,False,False,False
S1,H1A2_1200:0050,49,True,True,verified,True,unknown,True,True,True,unknown,unknown,unknown,unknown
S1,H1A2_1200:0051,50,False,True,verified,True,-0.0008824557731701432,False,True,True,True,True,True,True
S1,H1A2_1200:0052,51,True,True,verified,True,0.10962208475097679,False,unknown,unknown,False,False,False,False
S1,H1A2_1200:0053,52,True,True,verified,True,0.11886981232953264,False,unknown,unknown,False,False,False,False
S1,H1A2_1200:0054,53,True,True,verified,True,0.10846705932750389,False,unknown,unknown,False,False,False,False
S1,H1A2_1200:0055,54,False,True,verified,True,0.18555181419436284,False,unknown,unknown,False,False,False,False
S1,H1A2_1200:0056,55,True,True,verified,True,0.06756979769339022,False,True,True,False,True,False,True
S1,H1A2_1200:0057,56,True,True,verified,True,0.10318489059020974,False,unknown,unknown,False,False,False,False
S1,H1A2_1200:0058,57,True,True,verified,True,0.07752542470947255,False,True,True,False,True,False,True
S1,H1A2_1200:0059,58,True,True,verified,True,0.05503492109654129,False,True,True,False,True,False,True
S1,H1A2_1200:0060,59,True,True,verified,True,0.045039898553214996,False,True,True,False,True,False,True
S1,H1A2_1200:0061,60,True,True,verified,True,0.10457998446302685,False,unknown,unknown,False,False,False,False
S1,H1A2_1200:0062,61,True,True,verified,True,0.1000333424206552,False,unknown,unknown,False,False,False,False
S1,H1A2_1200:0063,62,True,True,verified,True,0.03135883303100595,False,True,True,False,True,False,True
S1,H1A2_1200:0064,63,True,True,verified,True,0.07536172198437452,False,True,True,False,True,False,True
S1,H1A2_1200:0065,64,True,True,verified,True,0.34871367773584083,False,unknown,unknown,False,False,False,False
S1,H1A2_1200:0066,65,True,True,verified,True,0.08133546380762624,False,False,True,False,True,False,False
S1,H1A2_1200:0067,66,True,True,verified,True,0.07140478514770443,False,True,True,False,True,False,True
S1,H1A2_1200:0068,67,True,True,verified,True,0.12043322026684589,False,unknown,unknown,False,False,False,False
S1,H1A2_1200:0069,68,True,True,verified,True,unknown,True,True,True,unknown,unknown,unknown,unknown
S1,H1A2_1200:0070,69,True,True,verified,True,0.32327701494940797,False,unknown,unknown,False,False,False,False
S1,H1A2_1200:0071,70,True,True,verified,True,0.003555578891290878,False,True,True,False,True,False,True
S1,H1A2_1200:0072,71,True,True,verified,True,0.026011286378417875,False,True,True,False,True,False,True
S1,H1A2_1200:0073,72,True,True,verified,True,0.09720109861694315,False,True,True,False,True,False,True
S1,H1A2_1200:0074,73,True,True,verified,True,0.09040728645426377,False,True,True,False,True,False,True
S1,H1A2_1200:0075,74,True,True,verified,True,0.0401065856225582,False,True,True,False,True,False,True
S1,H1A2_1200:0076,75,True,True,verified,True,0.09742354705078071,False,True,True,False,True,False,True
S1,H1A2_1200:0077,76,True,True,verified,True,0.03141393615112342,False,True,True,False,True,False,True
S1,H1A2_1200:0078,77,True,True,verified,True,0.005633473172596659,False,True,True,False,True,False,True
S1,H1A2_1200:0079,78,True,True,verified,True,0.007984498305907195,False,False,True,False,True,False,False
S1,H1A2_1200:0080,79,True,True,verified,True,0.07113204543980167,False,True,True,False,True,False,True
S1,H1A2_1200:0081,80,True,True,verified,True,0.10649545777172698,False,unknown,unknown,False,False,False,False
S1,H1A2_1200:0082,81,True,True,verified,True,0.3142411587163032,False,unknown,unknown,False,False,False,False
S1,H1A2_1200:0083,82,True,True,verified,True,unknown,True,True,True,unknown,unknown,unknown,unknown
S1,H1A2_1200:0084,83,True,True,not_converged,False,unknown,True,True,True,unknown,unknown,unknown,unknown
S1,H1A2_1200:0085,84,True,True,verified,True,0.09992018406229608,False,True,True,False,True,False,True
S1,H1A2_1200:0086,85,True,True,verified,True,-0.007003364275227852,False,True,True,True,True,True,True
S1,H1A2_1200:0087,86,True,True,verified,True,0.04499007365234409,False,True,True,False,True,False,True
S1,H1A2_1200:0088,87,True,True,verified,True,0.07869430119714416,False,True,True,False,True,False,True
S1,H1A2_1200:0089,88,True,True,verified,True,3.9314881404004587,False,unknown,unknown,False,False,False,False
S1,H1A2_1200:0090,89,True,True,verified,True,0.23016339443603506,False,unknown,unknown,False,False,False,False
S1,H1A2_1200:0091,90,True,True,verified,True,0.0826983786254889,False,True,True,False,True,False,True
S1,H1A2_1200:0092,91,True,True,verified,True,0.015188571732177358,False,True,True,False,True,False,True
S1,H1A2_1200:0093,92,True,True,verified,True,-0.025778036288045314,False,True,True,True,True,True,True
S1,H1A2_1200:0094,93,True,True,verified,True,0.09362712078632995,False,True,True,False,True,False,True
S1,H1A2_1200:0095,94,False,True,verified,True,0.11385183266331644,False,unknown,unknown,False,False,False,False
S1,H1A2_1200:0096,95,True,True,verified,True,0.10560858744927293,False,unknown,unknown,False,False,False,False
S1,H1A2_1200:0097,96,False,True,verified,True,0.06225194001933687,False,True,True,False,True,False,True
S1,H1A2_1200:0098,97,True,True,verified,True,0.23316952640706567,False,unknown,unknown,False,False,False,False
S1,H1A2_1200:0099,98,True,True,invalid_terminal,False,unknown,False,unknown,unknown,False,False,False,False
S1,H1A2_1200:0100,99,True,True,verified,True,0.19275217988769544,False,unknown,unknown,False,False,False,False
S1,H1A2_1200:0101,100,True,True,verified,True,-0.0010930097434087571,False,True,True,True,True,True,True
S1,H1A2_1200:0102,101,True,True,verified,True,0.001955926480712744,False,True,True,False,True,False,True
S1,H1A2_1200:0103,102,True,True,verified,True,0.08082137630541997,False,True,True,False,True,False,True
S1,H1A2_1200:0104,103,True,True,verified,True,0.022484117406365023,False,True,True,False,True,False,True
S1,H1A2_1200:0105,104,True,True,verified,True,0.08828888704914917,False,True,True,False,True,False,True
S1,H1A2_1200:0106,105,True,True,verified,True,0.006858200968904882,False,True,True,False,True,False,True
S1,H1A2_1200:0107,106,False,True,verified,True,0.07569729355029153,False,True,True,False,True,False,True
S1,H1A2_1200:0108,107,True,True,verified,True,0.4598647942292482,False,unknown,unknown,False,False,False,False
S1,H1A2_1200:0109,108,True,True,verified,True,0.08969545086303476,False,True,True,False,True,False,True
S1,H1A2_1200:0110,109,True,True,verified,True,0.20937715343471108,False,unknown,unknown,False,False,False,False
S1,H1A2_1200:0111,110,True,True,verified,True,-0.032273047704186375,False,True,True,True,True,True,True
S1,H1A2_1200:0112,111,True,True,verified,True,0.1502230474932471,False,unknown,unknown,False,False,False,False
S1,H1A2_1200:0113,112,True,True,verified,True,-0.12375840776611469,False,True,True,True,True,True,True
S1,H1A2_1200:0114,113,True,True,verified,True,0.08205961184326327,False,True,True,False,True,False,True
S1,H1A2_1200:0115,114,False,True,verified,True,0.20618443801269493,False,unknown,unknown,False,False,False,False
S1,H1A2_1200:0116,115,False,True,verified,True,0.13475762045837403,False,unknown,unknown,False,False,False,False
S1,H1A2_1200:0117,116,True,True,verified,True,0.27500606650024473,False,unknown,unknown,False,False,False,False
S1,H1A2_1200:0118,117,True,True,verified,True,0.43577180768034296,False,unknown,unknown,False,False,False,False
S1,H1A2_1200:0119,118,True,True,verified,True,0.2080748203779308,False,unknown,unknown,False,False,False,False
S1,H1A2_1200:0120,119,True,True,verified,True,0.024417059444580502,False,True,True,False,True,False,True
S1,H1A2_1200:0121,120,True,True,verified,True,0.06449424703020412,False,True,True,False,True,False,True
S1,H1A2_1200:0122,121,True,True,verified,True,0.023146242697620778,False,True,True,False,True,False,True
S1,H1A2_1200:0123,122,True,True,verified,True,-0.03701416244086175,False,True,True,True,True,True,True
S1,H1A2_1200:0124,123,True,True,verified,True,0.151324271615481,False,unknown,unknown,False,False,False,False
S1,H1A2_1200:0125,124,True,True,verified,True,0.08847531798746555,False,True,True,False,True,False,True
S1,H1A2_1200:0126,125,True,True,verified,True,0.018867669918620322,False,True,True,False,True,False,True
S1,H1A2_1200:0127,126,True,True,verified,True,0.10437780121907458,False,unknown,unknown,False,False,False,False
S1,H1A2_1200:0128,127,False,True,verified,True,0.035899250531413074,False,True,True,False,True,False,True
S1,H1A2_1200:0129,128,True,True,verified,True,0.11468757298076948,False,unknown,unknown,False,False,False,False
S1,H1A2_1200:0130,129,True,True,verified,True,0.023094426958923275,False,True,True,False,True,False,True
S1,H1A2_1200:0131,130,True,True,verified,True,0.04271337428808586,False,True,True,False,True,False,True
S1,H1A2_1200:0132,131,True,True,verified,True,0.09236115453905569,False,True,True,False,True,False,True
S1,H1A2_1200:0133,132,False,True,verified,True,0.06606325742018626,False,True,True,False,True,False,True
S1,H1A2_1200:0134,133,True,True,verified,True,0.08505048084423183,False,True,True,False,True,False,True
S1,H1A2_1200:0135,134,True,True,verified,True,0.0730609822241215,False,True,True,False,True,False,True
S1,H1A2_1200:0136,135,True,True,verified,True,0.11504863168701362,False,unknown,unknown,False,False,False,False
S1,H1A2_1200:0137,136,True,True,verified,True,-0.003661313137274469,False,True,True,True,True,True,True
S1,H1A2_1200:0138,137,True,True,verified,True,0.11942769584551982,False,unknown,unknown,False,False,False,False
S1,H1A2_1200:0139,138,True,True,verified,True,0.15136371025512751,False,unknown,unknown,False,False,False,False
S1,H1A2_1200:0140,139,False,True,verified,True,0.06584813969604486,False,True,True,False,True,False,True
S1,H1A2_1200:0141,140,False,True,verified,True,0.22283471876618322,False,unknown,unknown,False,False,False,False
S1,H1A2_1200:0142,141,True,True,verified,True,0.29503524753526733,False,unknown,unknown,False,False,False,False
S1,H1A2_1200:0143,142,True,True,verified,True,0.14976644212719492,False,unknown,unknown,False,False,False,False
S1,H1A2_1200:0144,143,True,True,verified,True,0.18732025220068227,False,unknown,unknown,False,False,False,False
S1,H1A2_1200:0145,144,True,True,verified,True,0.2169885934545892,False,unknown,unknown,False,False,False,False
S1,H1A2_1200:0146,145,True,True,verified,True,0.08662097050097639,False,True,True,False,True,False,True
S1,H1A2_1200:0147,146,True,True,verified,True,0.0791931393058265,False,False,True,False,True,False,False
S1,H1A2_1200:0148,147,False,True,verified,True,0.02420482950398828,False,True,True,False,True,False,True
S1,H1A2_1200:0149,148,True,True,verified,True,0.08059555465043289,False,True,True,False,True,False,True
S1,H1A2_1200:0150,149,True,True,verified,True,0.03775832032006754,False,True,True,False,True,False,True
S1,H1A2_1200:0151,150,True,True,verified,True,0.010864072853054019,False,True,True,False,True,False,True
S1,H1A2_1200:0152,151,True,True,verified,True,0.09567435326904272,False,True,True,False,True,False,True
S1,H1A2_1200:0153,152,True,True,verified,True,-0.03538380142223829,False,True,True,True,True,True,True
S1,H1A2_1200:0154,153,True,True,verified,True,0.02159693249633765,False,True,True,False,True,False,True
S1,H1A2_1200:0155,154,False,True,verified,True,0.04754365320149745,False,True,True,False,True,False,True
S1,H1A2_1200:0156,155,True,True,verified,True,0.07980710424804549,False,True,True,False,True,False,True
S1,H1A2_1200:0157,156,False,True,verified,True,0.17287538840697536,False,unknown,unknown,False,False,False,False
S1,H1A2_1200:0158,157,True,True,verified,True,-0.0203041303918452,False,True,True,True,True,True,True
S1,H1A2_1200:0159,158,True,True,verified,True,0.06377786474365177,False,True,True,False,True,False,True
S1,H1A2_1200:0160,159,False,True,verified,True,0.23770156655735875,False,unknown,unknown,False,False,False,False
S1,H1A2_1200:0161,160,True,True,verified,True,0.03767375159030539,False,True,True,False,True,False,True
S1,H1A2_1200:0162,161,True,True,verified,True,0.027717250471191335,False,True,True,False,True,False,True
S1,H1A2_1200:0163,162,True,True,verified,True,0.11599757228027396,False,unknown,unknown,False,False,False,False
S1,H1A2_1200:0164,163,True,True,verified,True,0.04076117128312262,False,True,True,False,True,False,True
S1,H1A2_1200:0165,164,True,True,verified,True,-0.034964889278565,False,True,True,True,True,True,True
S1,H1A2_1200:0166,165,True,True,verified,True,0.16193572706845316,False,unknown,unknown,False,False,False,False
S1,H1A2_1200:0167,166,True,True,verified,True,0.07099739414360862,False,True,True,False,True,False,True
S1,H1A2_1200:0168,167,True,True,verified,True,0.384713146440256,False,unknown,unknown,False,False,False,False
S1,H1A2_1200:0169,168,True,True,verified,True,0.09586138315429693,False,True,True,False,True,False,True
S1,H1A2_1200:0170,169,True,True,verified,True,0.09226994432427205,False,True,True,False,True,False,True
S1,H1A2_1200:0171,170,True,True,verified,True,0.01055444365234326,False,True,True,False,True,False,True
S1,H1A2_1200:0172,171,True,True,verified,True,0.15428902046183257,False,unknown,unknown,False,False,False,False
S1,H1A2_1200:0173,172,True,True,verified,True,0.020708915762939206,False,True,True,False,True,False,True
S1,H1A2_1200:0174,173,True,True,verified,True,0.011829050114419815,False,True,True,False,True,False,True
S1,H1A2_1200:0175,174,True,True,verified,True,0.24662564176653046,False,unknown,unknown,False,False,False,False
S1,H1A2_1200:0176,175,True,True,verified,True,0.1707401074733994,False,unknown,unknown,False,False,False,False
S1,H1A2_1200:0177,176,True,True,verified,True,0.010879055931152237,False,True,True,False,True,False,True
S1,H1A2_1200:0178,177,True,True,verified,True,0.007213625457763939,False,False,True,False,True,False,False
S1,H1A2_1200:0179,178,True,True,verified,True,-0.0706207669528407,False,True,True,True,True,True,True
S1,H1A2_1200:0181,179,True,True,verified,True,0.45634473609130666,False,unknown,unknown,False,False,False,False
S1,H1A2_1200:0182,180,True,True,verified,True,0.020144467974243074,False,True,True,False,True,False,True
S1,H1A2_1200:0183,181,True,True,verified,True,0.10372632008667004,False,unknown,unknown,False,False,False,False
S1,H1A2_1200:0184,182,True,True,verified,True,-0.04560817752571644,False,True,True,True,True,True,True
S1,H1A2_1200:0185,183,True,True,verified,True,0.12775328735708413,False,unknown,unknown,False,False,False,False
S1,H1A2_1200:0186,184,True,True,verified,True,0.030646166455814416,False,True,True,False,True,False,True
S1,H1A2_1200:0187,185,True,True,verified,True,0.06039234754130085,False,True,True,False,True,False,True
S1,H1A2_1200:0188,186,False,True,verified,True,0.20395966559545986,False,unknown,unknown,False,False,False,False
S1,H1A2_1200:0189,187,True,True,verified,True,0.0433809624401853,False,True,True,False,True,False,True
S1,H1A2_1200:0190,188,True,True,verified,True,0.06813104950989812,False,True,True,False,True,False,True
S1,H1A2_1200:0191,189,True,True,verified,True,0.9896891424504437,False,unknown,unknown,False,False,False,False
S1,H1A2_1200:0192,190,True,True,verified,True,0.1137640974365226,False,unknown,unknown,False,False,False,False
S1,H1A2_1200:0193,191,True,True,verified,True,unknown,True,True,True,unknown,unknown,unknown,unknown
S1,H1A2_1200:0194,192,True,True,verified,True,0.15534611242309815,False,unknown,unknown,False,False,False,False
S1,H1A2_1200:0196,193,True,True,verified,True,-0.022737785837450453,False,True,True,True,True,True,True
S1,H1A2_1200:0197,194,True,True,verified,True,0.12065287330092289,False,unknown,unknown,False,False,False,False
S1,H1A2_1200:0198,195,True,True,verified,True,0.38356769286295656,False,unknown,unknown,False,False,False,False
S1,H1A2_1200:0199,196,True,True,verified,True,0.02025807984326189,False,True,True,False,True,False,True
S1,H1A2_1200:0200,197,True,True,verified,True,-0.00039233151245099407,False,True,True,True,True,True,True
S1,H1A2_1200:0201,198,True,True,verified,True,0.05709436310160143,False,True,True,False,True,False,True
S1,H1A2_1200:0202,199,True,True,verified,True,-0.022010089108886355,False,True,True,True,True,True,True
S1,H1A2_1200:0203,200,True,True,verified,True,unknown,True,True,True,unknown,unknown,unknown,unknown
S1,H1A2_1200:0204,201,True,True,verified,True,0.3130654659282168,False,unknown,unknown,False,False,False,False
S1,H1A2_1200:0205,202,True,True,verified,True,0.12948010806396493,False,unknown,unknown,False,False,False,False
S1,H1A2_1200:0206,203,True,True,verified,True,0.04150655199253528,False,True,True,False,True,False,True
S1,H1A2_1200:0207,204,True,True,verified,True,0.09048334300256844,False,False,True,False,True,False,False
S1,H1A2_1200:0208,205,False,True,verified,True,0.04803424916870114,False,False,True,False,True,False,False
S1,H1A2_1200:0209,206,True,True,verified,True,-0.015390152340078345,False,False,True,True,True,False,False
S1,H1A2_1200:0210,207,True,True,verified,True,unknown,True,True,True,unknown,unknown,unknown,unknown
S1,H1A2_1200:0211,208,True,True,verified,True,0.07423338948486702,False,True,True,False,True,False,True
S1,H1A2_1200:0212,209,True,True,verified,True,0.11410893985386483,False,unknown,unknown,False,False,False,False
S1,H1A2_1200:0213,210,True,True,verified,True,0.24220741470255458,False,unknown,unknown,False,False,False,False
S1,H1A2_1200:0214,211,True,True,verified,True,0.15437723094299471,False,unknown,unknown,False,False,False,False
S1,H1A2_1200:0215,212,True,True,verified,True,0.04957221390607547,False,False,True,False,True,False,False
S1,H1A2_1200:0216,213,True,True,verified,True,0.004358829123884966,False,True,True,False,True,False,True
S1,H1A2_1200:0217,214,True,True,verified,True,-0.03837365861980935,False,False,True,True,True,False,False
S1,H1A2_1200:0218,215,True,True,verified,True,0.1117451724987788,False,unknown,unknown,False,False,False,False
S1,H1A2_1200:0219,216,True,True,verified,True,0.525140589266357,False,unknown,unknown,False,False,False,False
S1,H1A2_1200:0220,217,True,True,verified,True,0.11092989932617137,False,unknown,unknown,False,False,False,False
S1,H1A2_1200:0221,218,True,True,verified,True,0.005063656681803863,False,True,True,False,True,False,True
S1,H1A2_1200:0222,219,True,True,verified,True,0.3602631792712412,False,unknown,unknown,False,False,False,False
S1,H1A2_1200:0223,220,True,True,verified,True,0.043933040207519536,False,True,True,False,True,False,True
S1,H1A2_1200:0224,221,True,True,verified,True,0.04999488825496101,False,True,True,False,True,False,True
S1,H1A2_1200:0225,222,True,True,verified,True,0.31307775173492836,False,unknown,unknown,False,False,False,False
S1,H1A2_1200:0226,223,True,True,verified,True,0.3172248448772823,False,unknown,unknown,False,False,False,False
S1,H1A2_1200:0227,224,True,True,verified,True,0.02859493598195928,False,True,True,False,True,False,True
S1,H1A2_1200:0228,225,True,True,invalid_terminal,False,unknown,True,unknown,unknown,False,False,False,False
S1,H1A2_1200:0229,226,True,True,verified,True,-0.03308725386890554,False,False,True,True,True,False,False
S1,H1A2_1200:0230,227,True,True,verified,True,0.07354056646679119,False,True,True,False,True,False,True
S1,H1A2_1200:0231,228,True,True,verified,True,0.011670601459350394,False,True,True,False,True,False,True
S1,H1A2_1200:0232,229,True,True,verified,True,0.07656366376709034,False,True,True,False,True,False,True
S1,H1A2_1200:0233,230,True,True,verified,True,0.13406085306476534,False,unknown,unknown,False,False,False,False
S1,H1A2_1200:0234,231,True,True,verified,True,0.07040493525281999,False,True,True,False,True,False,True
S1,H1A2_1200:0235,232,True,True,verified,True,0.18226424254178575,False,unknown,unknown,False,False,False,False
S1,H1A2_1200:0236,233,False,True,verified,True,0.11425530917627036,False,unknown,unknown,False,False,False,False
S1,H1A2_1200:0237,234,True,True,not_converged,False,2.2239233547913404,False,unknown,unknown,False,False,False,False
S1,H1A2_1200:0238,235,True,True,verified,True,-0.051994951914266174,False,True,True,True,True,True,True
S1,H1A2_1200:0239,236,True,True,verified,True,0.040730469790490886,False,True,True,False,True,False,True
S1,H1A2_1200:0240,237,False,True,verified,True,0.21634570442431622,False,unknown,unknown,False,False,False,False
S1,H1A2_1200:0241,238,False,True,verified,True,0.057798820407732876,False,True,True,False,True,False,True
S1,H1A2_1200:0242,239,True,True,verified,True,0.0031137057446284366,False,True,True,False,True,False,True
S1,H1A2_1200:0243,240,True,True,verified,True,0.1541280299422212,False,unknown,unknown,False,False,False,False
S1,H1A2_1200:0244,241,True,True,verified,True,0.26055324998343377,False,unknown,unknown,False,False,False,False
S1,H1A2_1200:0245,242,True,True,verified,True,0.03757615050861762,False,True,True,False,True,False,True
S1,H1A2_1200:0246,243,True,True,verified,True,0.042356224083416105,False,True,True,False,True,False,True
S1,H1A2_1200:0247,244,True,True,verified,True,0.065248492374403,False,True,True,False,True,False,True
S1,H1A2_1200:0248,245,True,True,verified,True,0.1334759959190155,False,unknown,unknown,False,False,False,False
S1,H1A2_1200:0249,246,True,True,verified,True,0.24916654316992393,False,unknown,unknown,False,False,False,False
S1,H1A2_1200:0250,247,True,True,verified,True,0.2613486413766868,False,unknown,unknown,False,False,False,False
S1,H1A2_1200:0251,248,True,True,verified,True,0.27730574670527286,False,unknown,unknown,False,False,False,False
S1,H1A2_1200:0252,249,True,True,verified,True,0.09527720914916982,False,True,True,False,True,False,True
S1,H1A2_1200:0253,250,False,True,verified,True,0.2896805632754811,False,unknown,unknown,False,False,False,False
S1,H1A2_1200:0254,251,True,True,verified,True,-0.031037561855468354,False,True,True,True,True,True,True
S1,H1A2_1200:0255,252,True,True,verified,True,0.08606469024247865,False,True,True,False,True,False,True
S1,H1A2_1200:0256,253,True,True,verified,True,0.1467460887673333,False,unknown,unknown,False,False,False,False
S1,H1A2_1200:0257,254,True,True,verified,True,0.16421911562041114,False,unknown,unknown,False,False,False,False
S1,H1A2_1200:0258,255,True,True,verified,True,-0.0013392567600094551,False,True,True,True,True,True,True
S1,H1A2_1200:0260,256,True,True,verified,True,-0.0059194234118660205,False,True,True,True,True,True,True
S1,H1A2_1200:0261,257,True,True,verified,True,0.025783047630858924,False,True,True,False,True,False,True
S1,H1A2_1200:0262,258,True,True,verified,True,0.3046850122517917,False,unknown,unknown,False,False,False,False
S1,H1A2_1200:0263,259,True,True,verified,True,0.036088327259522046,False,False,True,False,True,False,False
S1,H1A2_1200:0264,260,False,True,verified,True,0.12016843430710544,False,unknown,unknown,False,False,False,False
S1,H1A2_1200:0265,261,True,True,verified,True,0.06039490651367174,False,True,True,False,True,False,True
S1,H1A2_1200:0266,262,True,True,verified,True,-0.07038181718355485,False,True,True,True,True,True,True
S1,H1A2_1200:0267,263,True,True,verified,True,0.12388096629761591,False,unknown,unknown,False,False,False,False
S1,H1A2_1200:0268,264,True,True,verified,True,-0.026445501996800402,False,True,True,True,True,True,True
S1,H1A2_1200:0269,265,True,True,verified,True,0.0010160321606438316,False,True,True,False,True,False,True
S1,H1A2_1200:0270,266,True,True,verified,True,0.21050583187662664,False,unknown,unknown,False,False,False,False
S1,H1A2_1200:0271,267,True,True,verified,True,-0.008653017108561478,False,True,True,True,True,True,True
S1,H1A2_1200:0272,268,False,True,verified,True,0.06353991779607604,False,True,True,False,True,False,True
S1,H1A2_1200:0273,269,True,True,verified,True,0.03750505893798817,False,True,True,False,True,False,True
S1,H1A2_1200:0274,270,True,True,verified,True,0.020185158805664294,False,True,True,False,True,False,True
S1,H1A2_1200:0275,271,True,True,verified,True,0.06442774902343729,False,True,True,False,True,False,True
S1,H1A2_1200:0276,272,True,True,verified,True,0.18630117506899246,False,unknown,unknown,False,False,False,False
S1,H1A2_1200:0277,273,True,True,verified,True,0.03084845337219244,False,True,True,False,True,False,True
S1,H1A2_1200:0278,274,True,True,verified,True,0.024260338638915968,False,False,True,False,True,False,False
S1,H1A2_1200:0279,275,True,True,verified,True,0.08673544853352766,False,True,True,False,True,False,True
S1,H1A2_1200:0280,276,True,True,verified,True,-0.05784629113358353,False,True,True,True,True,True,True
S1,H1A2_1200:0281,277,True,True,verified,True,0.10652901110758606,False,unknown,unknown,False,False,False,False
S1,H1A2_1200:0282,278,True,True,verified,True,-0.036382532770589116,False,True,True,True,True,True,True
S1,H1A2_1200:0283,279,True,True,verified,True,-0.00037732130151191257,False,True,True,True,True,True,True
S1,H1A2_1200:0284,280,True,True,verified,True,unknown,True,True,True,unknown,unknown,unknown,unknown
S1,H1A2_1200:0285,281,False,True,verified,True,0.030082700937538398,False,True,True,False,True,False,True
S1,H1A2_1200:0286,282,True,True,verified,True,0.23639846565782374,False,unknown,unknown,False,False,False,False
S1,H1A2_1200:0287,283,True,True,verified,True,-0.022940012865126036,False,True,True,True,True,True,True
S1,H1A2_1200:0288,284,True,True,verified,True,0.03288476122583006,False,False,True,False,True,False,False
S1,H1A2_1200:0289,285,True,True,verified,True,0.12173709820504719,False,unknown,unknown,False,False,False,False
S1,H1A2_1200:0290,286,True,True,verified,True,0.024032410369873247,False,True,True,False,True,False,True
S1,H1A2_1200:0291,287,True,True,verified,True,0.1277513735120479,False,unknown,unknown,False,False,False,False
S1,H1A2_1200:0292,288,True,True,verified,True,0.10677513783935488,False,unknown,unknown,False,False,False,False
S1,H1A2_1200:0293,289,True,True,verified,True,0.09786371793945303,False,True,True,False,True,False,True
S1,H1A2_1200:0294,290,True,True,verified,True,0.17350097704093415,False,unknown,unknown,False,False,False,False
S1,H1A2_1200:0295,291,True,True,verified,True,0.030069159418945723,False,False,True,False,True,False,False
S1,H1A2_1200:0296,292,True,True,verified,True,0.07850918642722249,False,True,True,False,True,False,True
S1,H1A2_1200:0297,293,True,True,verified,True,0.021776509435801117,False,True,True,False,True,False,True
S1,H1A2_1200:0298,294,True,True,verified,True,0.16090760359985357,False,unknown,unknown,False,False,False,False
S1,H1A2_1200:0299,295,True,True,verified,True,unknown,True,True,True,unknown,unknown,unknown,unknown
S1,H1A2_1200:0300,296,True,True,verified,True,0.10964649495442735,False,unknown,unknown,False,False,False,False
S1,H1A2_1200:0301,297,True,True,verified,True,0.1939050563131275,False,unknown,unknown,False,False,False,False
S1,H1A2_1200:0302,298,True,True,verified,True,-0.012316291472167507,False,True,True,True,True,True,True
S1,H1A2_1200:0303,299,True,True,verified,True,0.3743737799245386,False,unknown,unknown,False,False,False,False
S1,H1A2_1200:0304,300,False,True,verified,True,-0.07839256949090423,False,True,True,True,True,True,True
S1,H1A2_1200:0305,301,True,True,verified,True,0.027265649187011576,False,False,True,False,True,False,False
S1,H1A2_1200:0306,302,True,True,verified,True,0.2537690463141331,False,unknown,unknown,False,False,False,False
S1,H1A2_1200:0307,303,False,True,verified,True,0.089002514701634,False,True,True,False,True,False,True
S1,H1A2_1200:0308,304,True,True,verified,True,0.06535434382519334,False,True,True,False,True,False,True
S1,H1A2_1200:0309,305,True,True,verified,True,0.01974595633239762,False,True,True,False,True,False,True
S1,H1A2_1200:0310,306,True,True,verified,True,0.06171547782105691,False,True,True,False,True,False,True
S1,H1A2_1200:0311,307,True,True,verified,True,0.03927532701226166,False,True,True,False,True,False,True
S1,H1A2_1200:0312,308,True,True,verified,True,0.12931927620064787,False,unknown,unknown,False,False,False,False
S1,H1A2_1200:0313,309,True,True,verified,True,unknown,True,True,True,unknown,unknown,unknown,unknown
S1,H1A2_1200:0314,310,True,True,verified,True,0.13779234348196745,False,unknown,unknown,False,False,False,False
S1,H1A2_1200:0315,311,True,True,not_converged,False,4.418765848157203,False,unknown,unknown,False,False,False,False
S1,H1A2_1200:0316,312,True,True,verified,True,0.30036316144092634,False,unknown,unknown,False,False,False,False
S1,H1A2_1200:0317,313,True,True,verified,True,0.07644582695556501,False,True,True,False,True,False,True
S1,H1A2_1200:0318,314,True,True,verified,True,0.04564280491123629,False,True,True,False,True,False,True
S1,H1A2_1200:0319,315,True,True,verified,True,0.14405464725048667,False,unknown,unknown,False,False,False,False
S1,H1A2_1200:0320,316,True,True,verified,True,0.08981666968750002,False,True,True,False,True,False,True
S1,H1A2_1200:0321,317,True,True,verified,True,0.08686242543062495,False,True,True,False,True,False,True
S1,H1A2_1200:0322,318,True,True,verified,True,0.021491734932133966,False,True,True,False,True,False,True
S1,H1A2_1200:0324,319,False,True,verified,True,0.06073953409521504,False,True,True,False,True,False,True
S1,H1A2_1200:0325,320,True,True,verified,True,0.15643448677465166,False,unknown,unknown,False,False,False,False
S1,H1A2_1200:0326,321,True,True,verified,True,0.08394873768676758,False,True,True,False,True,False,True
S1,H1A2_1200:0327,322,True,True,verified,True,0.06957054178271882,False,True,True,False,True,False,True
S1,H1A2_1200:0328,323,True,True,verified,True,0.02834719106176742,False,True,True,False,True,False,True
S1,H1A2_1200:0329,324,False,True,verified,True,0.1317166612517111,False,unknown,unknown,False,False,False,False
S1,H1A2_1200:0330,325,True,True,verified,True,0.16516146654296904,False,unknown,unknown,False,False,False,False
S1,H1A2_1200:0331,326,True,True,verified,True,0.042119314312011547,False,True,True,False,True,False,True
S1,H1A2_1200:0332,327,True,True,verified,True,0.17898532345459017,False,unknown,unknown,False,False,False,False
S1,H1A2_1200:0333,328,True,True,verified,True,0.10888927661021608,False,unknown,unknown,False,False,False,False
S1,H1A2_1200:0334,329,True,True,verified,True,unknown,True,True,True,unknown,unknown,unknown,unknown
S1,H1A2_1200:0335,330,True,True,verified,True,0.02621830395874003,False,True,True,False,True,False,True
S1,H1A2_1200:0336,331,True,True,verified,True,0.09611456588297607,False,True,True,False,True,False,True
S1,H1A2_1200:0337,332,True,True,verified,True,0.012790001338476742,False,True,True,False,True,False,True
S1,H1A2_1200:0338,333,True,True,verified,True,0.05752463764208926,False,True,True,False,True,False,True
S1,H1A2_1200:0339,334,True,True,verified,True,0.06839586608154313,False,True,True,False,True,False,True
S1,H1A2_1200:0340,335,True,True,verified,True,0.17100331881103514,False,unknown,unknown,False,False,False,False
S1,H1A2_1200:0341,336,True,True,verified,True,0.05863659129199039,False,True,True,False,True,False,True
S1,H1A2_1200:0342,337,True,True,verified,True,0.2851601518101461,False,unknown,unknown,False,False,False,False
S1,H1A2_1200:0343,338,True,True,verified,True,0.06217913692464183,False,True,True,False,True,False,True
S1,H1A2_1200:0344,339,True,True,verified,True,0.07540039096679685,False,True,True,False,True,False,True
S1,H1A2_1200:0345,340,True,True,verified,True,0.013750094276122837,False,True,True,False,True,False,True
S1,H1A2_1200:0346,341,True,True,verified,True,0.24007679810172267,False,unknown,unknown,False,False,False,False
S1,H1A2_1200:0347,342,True,True,verified,True,0.026832050097045812,False,True,True,False,True,False,True
S1,H1A2_1200:0348,343,True,True,verified,True,0.01317750163940623,False,True,True,False,True,False,True
S1,H1A2_1200:0349,344,True,True,verified,True,0.09020957685872322,False,True,True,False,True,False,True
S1,H1A2_1200:0350,345,True,True,verified,True,0.07161160867897731,False,True,True,False,True,False,True
S1,H1A2_1200:0351,346,True,True,verified,True,-0.011707623353708563,False,True,True,True,True,True,True
S1,H1A2_1200:0352,347,True,True,verified,True,0.04106183872863767,False,True,True,False,True,False,True
S1,H1A2_1200:0353,348,True,True,verified,True,0.22169812581054682,False,unknown,unknown,False,False,False,False
S1,H1A2_1200:0354,349,True,True,verified,True,0.3009927583693157,False,unknown,unknown,False,False,False,False
S1,H1A2_1200:0355,350,True,True,verified,True,0.040880929669189214,False,True,True,False,True,False,True
S1,H1A2_1200:0356,351,True,True,verified,True,0.02779832820459127,False,True,True,False,True,False,True
S1,H1A2_1200:0357,352,True,True,verified,True,0.04682868574258947,False,True,True,False,True,False,True
S1,H1A2_1200:0358,353,True,True,verified,True,0.04359179463818563,False,True,True,False,True,False,True
S1,H1A2_1200:0359,354,True,True,verified,True,unknown,True,True,True,unknown,unknown,unknown,unknown
S1,H1A2_1200:0360,355,True,True,verified,True,0.1533043281526698,False,unknown,unknown,False,False,False,False
S1,H1A2_1200:0361,356,True,True,verified,True,0.15368587084074115,False,unknown,unknown,False,False,False,False
S1,H1A2_1200:0362,357,True,True,verified,True,0.12999499434922868,False,unknown,unknown,False,False,False,False
S1,H1A2_1200:0363,358,True,True,verified,True,-0.05780856488403341,False,True,True,True,True,True,True
S1,H1A2_1200:0364,359,True,True,verified,True,0.07636949531738235,False,True,True,False,True,False,True
S1,H1A2_1200:0365,360,True,True,verified,True,0.0770736585937506,False,True,True,False,True,False,True
S1,H1A2_1200:0366,361,True,True,verified,True,-0.15104065530219124,False,True,True,True,True,True,True
S1,H1A2_1200:0367,362,False,True,verified,True,0.11428672280314078,False,unknown,unknown,False,False,False,False
S1,H1A2_1200:0368,363,True,True,verified,True,0.022995173827880855,False,True,True,False,True,False,True
S1,H1A2_1200:0369,364,True,True,verified,True,-0.021048789498081533,False,True,True,True,True,True,True
S1,H1A2_1200:0370,365,True,True,verified,True,0.03159999561401339,False,True,True,False,True,False,True
S1,H1A2_1200:0371,366,True,True,verified,True,unknown,True,True,True,unknown,unknown,unknown,unknown
S1,H1A2_1200:0372,367,True,True,verified,True,0.280602630209148,False,unknown,unknown,False,False,False,False
S1,H1A2_1200:0373,368,True,True,not_converged,False,3.114053864082975,False,unknown,unknown,False,False,False,False
S1,H1A2_1200:0374,369,True,True,verified,True,-0.023352905910644317,False,False,True,True,True,False,False
S1,H1A2_1200:0375,370,True,True,verified,True,0.27352993072961773,False,unknown,unknown,False,False,False,False
S1,H1A2_1200:0376,371,True,True,verified,True,0.012784256020506923,False,True,True,False,True,False,True
S1,H1A2_1200:0377,372,True,True,verified,True,0.36905860665730916,False,unknown,unknown,False,False,False,False
S1,H1A2_1200:0378,373,False,True,verified,True,0.13145681817132715,False,unknown,unknown,False,False,False,False
S1,H1A2_1200:0379,374,True,True,verified,True,0.07586335732116689,False,True,True,False,True,False,True
S1,H1A2_1200:0380,375,True,True,verified,True,unknown,True,True,True,unknown,unknown,unknown,unknown
S1,H1A2_1200:0381,376,True,True,verified,True,0.27554069983235685,False,unknown,unknown,False,False,False,False
S1,H1A2_1200:0382,377,True,True,verified,True,0.10162953567626953,False,unknown,unknown,False,False,False,False
S1,H1A2_1200:0383,378,True,True,verified,True,-0.004884803443603758,False,True,True,True,True,True,True
S1,H1A2_1200:0384,379,False,True,verified,True,0.15243166604663028,False,unknown,unknown,False,False,False,False
S1,H1A2_1200:0385,380,True,True,verified,True,unknown,True,True,True,unknown,unknown,unknown,unknown
S1,H1A2_1200:0386,381,True,True,verified,True,0.01843682738128649,False,True,True,False,True,False,True
S1,H1A2_1200:0387,382,True,True,verified,True,0.04968900697649126,False,True,True,False,True,False,True
S1,H1A2_1200:0388,383,True,True,verified,True,0.06622880243408247,False,True,True,False,True,False,True
S1,H1A2_1200:0389,384,True,True,verified,True,0.030977748242797976,False,True,True,False,True,False,True
S1,H1A2_1200:0390,385,True,True,verified,True,0.07128725071963338,False,True,True,False,True,False,True
S1,H1A2_1200:0391,386,True,True,verified,True,0.03645885234456259,False,True,True,False,True,False,True
S1,H1A2_1200:0392,387,True,True,verified,True,unknown,True,True,True,unknown,unknown,unknown,unknown
S1,H1A2_1200:0393,388,True,True,verified,True,0.05849152579020167,False,True,True,False,True,False,True
S1,H1A2_1200:0395,389,True,True,verified,True,0.08107700358398429,False,True,True,False,True,False,True
S1,H1A2_1200:0396,390,True,True,verified,True,0.031856168227538895,False,True,True,False,True,False,True
S1,H1A2_1200:0397,391,True,True,verified,True,0.027652194560547017,False,True,True,False,True,False,True
S1,H1A2_1200:0398,392,True,True,verified,True,0.21342739864502036,False,unknown,unknown,False,False,False,False
S1,H1A2_1200:0399,393,True,True,verified,True,0.08119946994221916,False,True,True,False,True,False,True
S1,H1A2_1200:0400,394,True,True,verified,True,0.310481631552328,False,unknown,unknown,False,False,False,False
S1,H1A2_1200:0401,395,True,True,verified,True,0.12473745416992177,False,unknown,unknown,False,False,False,False
S1,H1A2_1200:0402,396,True,True,verified,True,0.07029916416748172,False,True,True,False,True,False,True
S1,H1A2_1200:0403,397,True,True,verified,True,0.004326399069825015,False,True,True,False,True,False,True
S1,H1A2_1200:0404,398,True,True,verified,True,0.028523653513726543,False,True,True,False,True,False,True
S1,H1A2_1200:0405,399,True,True,invalid_terminal,False,unknown,False,unknown,unknown,False,False,False,False
S1,H1A2_1200:0406,400,False,True,verified,True,-0.026262005774173147,False,True,True,True,True,True,True
S1,H1A2_1200:0407,401,False,True,verified,True,0.07725861336012052,False,True,True,False,True,False,True
S1,H1A2_1200:0408,402,True,True,verified,True,0.19283491602049985,False,unknown,unknown,False,False,False,False
S1,H1A2_1200:0409,403,True,True,verified,True,0.07021363047584295,False,True,True,False,True,False,True
S1,H1A2_1200:0410,404,True,True,verified,True,0.1174506129558921,False,unknown,unknown,False,False,False,False
S1,H1A2_1200:0411,405,True,True,verified,True,0.08352952000732383,False,True,True,False,True,False,True
S1,H1A2_1200:0412,406,False,True,verified,True,0.0032556608355953642,False,True,True,False,True,False,True
S1,H1A2_1200:0413,407,False,True,verified,True,0.09643245147412127,False,True,True,False,True,False,True
S1,H1A2_1200:0414,408,True,True,verified,True,0.05288979535766636,False,True,True,False,True,False,True
S1,H1A2_1200:0415,409,True,True,verified,True,0.034810562664794986,False,True,True,False,True,False,True
S1,H1A2_1200:0416,410,True,True,verified,True,0.01672463078401698,False,True,True,False,True,False,True
S1,H1A2_1200:0417,411,True,True,verified,True,0.05597401404648483,False,True,True,False,True,False,True
S1,H1A2_1200:0418,412,True,True,verified,True,0.01852702440856957,False,True,True,False,True,False,True
S1,H1A2_1200:0420,413,True,True,verified,True,0.08022341279586342,False,True,True,False,True,False,True
S1,H1A2_1200:0421,414,True,True,verified,True,0.08823351165690063,False,True,True,False,True,False,True
S1,H1A2_1200:0422,415,True,True,verified,True,0.005713528652025346,False,True,True,False,True,False,True
S1,H1A2_1200:0423,416,True,True,verified,True,0.12840614900797576,False,unknown,unknown,False,False,False,False
S1,H1A2_1200:0424,417,True,True,verified,True,0.05162761014892592,False,True,True,False,True,False,True
S1,H1A2_1200:0425,418,True,True,verified,True,-0.013962037908935354,False,False,True,True,True,False,False
S1,H1A2_1200:0426,419,True,True,verified,True,0.03286994634610707,False,True,True,False,True,False,True
S1,H1A2_1200:0427,420,True,True,verified,True,-0.010506418856723876,False,True,True,True,True,True,True
S1,H1A2_1200:0428,421,True,True,verified,True,0.013823919059922751,False,True,True,False,True,False,True
S1,H1A2_1200:0429,422,True,True,verified,True,0.07089956176410617,False,True,True,False,True,False,True
S1,H1A2_1200:0430,423,True,True,verified,True,-0.05430443845820676,False,True,True,True,True,True,True
S1,H1A2_1200:0431,424,True,True,verified,True,0.6826648176334622,False,unknown,unknown,False,False,False,False
S1,H1A2_1200:0432,425,True,True,verified,True,-0.039234541286054636,False,True,True,True,True,True,True
S1,H1A2_1200:0433,426,True,True,verified,True,-0.01237393451292057,False,True,True,True,True,True,True
S1,H1A2_1200:0434,427,False,True,verified,True,0.11543074242876195,False,unknown,unknown,False,False,False,False
S1,H1A2_1200:0435,428,True,True,verified,True,0.1011556918615728,False,unknown,unknown,False,False,False,False
S1,H1A2_1200:0436,429,True,True,verified,True,-0.02766212420817027,False,True,True,True,True,True,True
S1,H1A2_1200:0437,430,True,True,verified,True,-0.034875872083809156,False,True,True,True,True,True,True
S1,H1A2_1200:0438,431,True,True,verified,True,0.16171864249267642,False,unknown,unknown,False,False,False,False
S1,H1A2_1200:0439,432,True,True,verified,True,-0.04429589223903907,False,True,True,True,True,True,True
S1,H1A2_1200:0440,433,True,True,verified,True,0.05170975496907104,False,False,True,False,True,False,False
S1,H1A2_1200:0441,434,True,True,verified,True,0.13287561655011704,False,unknown,unknown,False,False,False,False
S1,H1A2_1200:0442,435,True,True,verified,True,0.10778094593139631,False,unknown,unknown,False,False,False,False
S1,H1A2_1200:0443,436,True,True,verified,True,0.043510215247573925,False,True,True,False,True,False,True
S1,H1A2_1200:0444,437,True,True,verified,True,0.003842449744873022,False,False,True,False,True,False,False
S1,H1A2_1200:0445,438,True,True,verified,True,0.09766991143027948,False,True,True,False,True,False,True
S1,H1A2_1200:0446,439,True,True,verified,True,-0.044887022094523665,False,True,True,True,True,True,True
S1,H1A2_1200:0447,440,False,True,verified,True,-0.1063007621601928,False,True,True,True,True,True,True
S1,H1A2_1200:0448,441,True,True,verified,True,0.19635969558135713,False,unknown,unknown,False,False,False,False
S1,H1A2_1200:0449,442,True,True,verified,True,0.05160258710815402,False,True,True,False,True,False,True
S1,H1A2_1200:0450,443,True,True,verified,True,0.00862705382324247,False,False,True,False,True,False,False
S1,H1A2_1200:0451,444,True,True,verified,True,0.005083416875038438,False,True,True,False,True,False,True
S1,H1A2_1200:0452,445,True,True,verified,True,0.038620137949829214,False,False,True,False,True,False,False
S1,H1A2_1200:0453,446,False,True,verified,True,0.18407506379150362,False,unknown,unknown,False,False,False,False
S1,H1A2_1200:0454,447,True,True,verified,True,0.11076926171630852,False,unknown,unknown,False,False,False,False
S1,H1A2_1200:0455,448,False,True,verified,True,-0.0973352609584266,False,True,True,True,True,True,True
S1,H1A2_1200:0456,449,True,True,verified,True,0.28472987234167313,False,unknown,unknown,False,False,False,False
S1,H1A2_1200:0457,450,True,True,verified,True,-0.002478990067414255,False,True,True,True,True,True,True
S1,H1A2_1200:0458,451,True,True,verified,True,0.031047890874024375,False,True,True,False,True,False,True
S1,H1A2_1200:0459,452,True,True,verified,True,0.0393776518723552,False,True,True,False,True,False,True
S1,H1A2_1200:0460,453,True,True,verified,True,0.19787668476660158,False,unknown,unknown,False,False,False,False
S1,H1A2_1200:0461,454,True,True,verified,True,0.05378916505818765,False,True,True,False,True,False,True
S1,H1A2_1200:0462,455,True,True,verified,True,0.049872101851196504,False,True,True,False,True,False,True
S1,H1A2_1200:0463,456,True,True,verified,True,0.18189755927259732,False,unknown,unknown,False,False,False,False
S1,H1A2_1200:0465,457,True,True,verified,True,0.06874373291193514,False,True,True,False,True,False,True
S1,H1A2_1200:0466,458,True,True,verified,True,0.1370484148277198,False,unknown,unknown,False,False,False,False
S1,H1A2_1200:0467,459,False,True,verified,True,0.3142573160272901,False,unknown,unknown,False,False,False,False
S1,H1A2_1200:0468,460,True,True,verified,True,0.07422271981119799,False,True,True,False,True,False,True
S1,H1A2_1200:0469,461,True,True,verified,True,0.06307201704589804,False,True,True,False,True,False,True
S1,H1A2_1200:0470,462,True,True,verified,True,0.1752353604654946,False,unknown,unknown,False,False,False,False
S1,H1A2_1200:0471,463,True,True,verified,True,0.0047113318122011805,False,True,True,False,True,False,True
S1,H1A2_1200:0472,464,True,True,verified,True,0.023128689309082517,False,False,True,False,True,False,False
S1,H1A2_1200:0473,465,True,True,verified,True,-0.013788100168235395,False,True,True,True,True,True,True
S1,H1A2_1200:0474,466,True,True,verified,True,0.09672900208902924,False,True,True,False,True,False,True
S1,H1A2_1200:0475,467,True,True,verified,True,0.031135626497802882,False,True,True,False,True,False,True
S1,H1A2_1200:0476,468,True,True,verified,True,-0.01873402614029729,False,True,True,True,True,True,True
S1,H1A2_1200:0477,469,True,True,verified,True,0.1147415462845629,False,unknown,unknown,False,False,False,False
S1,H1A2_1200:0478,470,True,True,verified,True,0.16684218569209008,False,unknown,unknown,False,False,False,False
S1,H1A2_1200:0479,471,True,True,verified,True,-0.029135060836187776,False,True,True,True,True,True,True
S1,H1A2_1200:0480,472,True,True,verified,True,0.0438740566040039,False,False,True,False,True,False,False
S1,H1A2_1200:0481,473,True,True,verified,True,-0.039690057926027755,False,True,True,True,True,True,True
S1,H1A2_1200:0482,474,True,True,verified,True,0.15047562344092036,False,unknown,unknown,False,False,False,False
S1,H1A2_1200:0483,475,True,True,verified,True,0.04758588474366299,False,True,True,False,True,False,True
S1,H1A2_1200:0484,476,True,True,verified,True,0.05779339569689945,False,True,True,False,True,False,True
S1,H1A2_1200:0485,477,False,True,verified,True,0.06765314601123151,False,True,True,False,True,False,True
S1,H1A2_1200:0486,478,False,True,verified,True,-0.0025257067728681193,False,True,True,True,True,True,True
S1,H1A2_1200:0487,479,True,True,verified,True,0.020403098544434783,False,True,True,False,True,False,True
S1,H1A2_1200:0488,480,True,True,verified,True,0.019932701436462308,False,True,True,False,True,False,True
S1,H1A2_1200:0489,481,True,True,verified,True,-0.03945695400268612,False,False,True,True,True,False,False
S1,H1A2_1200:0490,482,True,True,invalid_terminal,False,unknown,False,unknown,unknown,False,False,False,False
S1,H1A2_1200:0491,483,False,True,verified,True,0.08866379763192356,False,True,True,False,True,False,True
S1,H1A2_1200:0492,484,True,True,verified,True,0.14540529166666172,False,unknown,unknown,False,False,False,False
S1,H1A2_1200:0493,485,True,True,verified,True,0.1084764519114838,False,unknown,unknown,False,False,False,False
S1,H1A2_1200:0494,486,True,True,verified,True,0.1952439181577148,False,unknown,unknown,False,False,False,False
S1,H1A2_1200:0495,487,True,True,verified,True,0.34056869920278743,False,unknown,unknown,False,False,False,False
S1,H1A2_1200:0496,488,True,True,verified,True,0.23504792267627295,False,unknown,unknown,False,False,False,False
S1,H1A2_1200:0497,489,True,True,verified,True,0.07458285855639435,False,True,True,False,True,False,True
S1,H1A2_1200:0498,490,True,True,verified,True,0.19987179707438152,False,unknown,unknown,False,False,False,False
S1,H1A2_1200:0499,491,True,True,verified,True,0.0408922839028929,False,True,True,False,True,False,True
S1,H1A2_1200:0500,492,True,True,verified,True,0.0399915791906742,False,True,True,False,True,False,True
S1,H1A2_1200:0501,493,True,True,verified,True,0.15214692949341213,False,unknown,unknown,False,False,False,False
S1,H1A2_1200:0502,494,True,True,verified,True,-0.0663529262488205,False,True,True,True,True,True,True
S1,H1A2_1200:0503,495,True,True,verified,True,0.08032233190400362,False,True,True,False,True,False,True
S1,H1A2_1200:0504,496,True,True,verified,True,0.12017602672694583,False,unknown,unknown,False,False,False,False
S1,H1A2_1200:0505,497,True,True,verified,True,0.08345531777764137,False,False,True,False,True,False,False
S1,H1A2_1200:0506,498,True,True,verified,True,-0.054177460036338054,False,True,True,True,True,True,True
S1,H1A2_1200:0507,499,True,True,verified,True,0.017842414952800034,False,True,True,False,True,False,True
S1,H1A2_1200:0508,500,True,True,verified,True,0.07275774656982392,False,True,True,False,True,False,True
S1,H1A2_1200:0509,501,False,True,verified,True,0.050018759603966956,False,True,True,False,True,False,True
S1,H1A2_1200:0510,502,False,True,verified,True,0.04579894576942323,False,True,True,False,True,False,True
S1,H1A2_1200:0511,503,True,True,verified,True,0.07366298577880848,False,True,True,False,True,False,True
S1,H1A2_1200:0512,504,False,True,verified,True,0.0011929492374669337,False,True,True,False,True,False,True
S1,H1A2_1200:0513,505,True,True,verified,True,0.1413760151525878,False,unknown,unknown,False,False,False,False
S1,H1A2_1200:0514,506,True,True,verified,True,0.31164496020263677,False,unknown,unknown,False,False,False,False
S1,H1A2_1200:0515,507,True,True,verified,True,0.12196734271621246,False,unknown,unknown,False,False,False,False
S1,H1A2_1200:0516,508,True,True,verified,True,-0.06718988176881702,False,True,True,True,True,True,True
S1,H1A2_1200:0517,509,False,True,verified,True,0.040423407349493345,False,True,True,False,True,False,True
S1,H1A2_1200:0518,510,True,True,verified,True,0.0748605895117187,False,True,True,False,True,False,True
S1,H1A2_1200:0519,511,True,True,verified,True,0.40763460623494474,False,unknown,unknown,False,False,False,False
S1,H1A2_1200:0520,512,True,True,verified,True,0.10491010635253684,False,unknown,unknown,False,False,False,False
S1,H1A2_1200:0521,513,True,True,verified,True,0.3177550690755204,False,unknown,unknown,False,False,False,False
S1,H1A2_1200:0522,514,True,True,verified,True,0.10579277353100025,False,unknown,unknown,False,False,False,False
S1,H1A2_1200:0523,515,True,True,verified,True,0.08291032465462678,False,True,True,False,True,False,True
S1,H1A2_1200:0524,516,True,True,verified,True,-0.011703442352992255,False,True,True,True,True,True,True
S1,H1A2_1200:0525,517,True,True,verified,True,0.19243980346586653,False,unknown,unknown,False,False,False,False
S1,H1A2_1200:0526,518,True,True,verified,True,0.041065583228759195,False,True,True,False,True,False,True
S1,H1A2_1200:0527,519,True,True,verified,True,-0.06622993824801782,False,True,True,True,True,True,True
S1,H1A2_1200:0528,520,True,True,verified,True,0.14824449632602654,False,unknown,unknown,False,False,False,False
S1,H1A2_1200:0529,521,True,True,verified,True,-0.044915657213948634,False,True,True,True,True,True,True
S1,H1A2_1200:0530,522,True,True,verified,True,0.08607363061333473,False,False,True,False,True,False,False
S1,H1A2_1200:0531,523,True,True,verified,True,0.07890057566418474,False,True,True,False,True,False,True
S1,H1A2_1200:0532,524,False,True,verified,True,0.1757426142806544,False,unknown,unknown,False,False,False,False
S1,H1A2_1200:0533,525,True,True,verified,True,0.1206973740262276,False,unknown,unknown,False,False,False,False
S1,H1A2_1200:0534,526,True,True,verified,True,0.01497242577075042,False,True,True,False,True,False,True
S1,H1A2_1200:0535,527,True,True,verified,True,0.0502195270351562,False,True,True,False,True,False,True
S1,H1A2_1200:0536,528,True,True,verified,True,0.09867019000366106,False,True,True,False,True,False,True
S1,H1A2_1200:0537,529,True,True,verified,True,0.059318767503906855,False,True,True,False,True,False,True
S1,H1A2_1200:0538,530,False,True,verified,True,-0.15051358643677126,False,True,True,True,True,True,True
S1,H1A2_1200:0539,531,False,True,verified,True,0.10263345413045322,False,unknown,unknown,False,False,False,False
S1,H1A2_1200:0540,532,True,True,verified,True,0.40920062313868044,False,unknown,unknown,False,False,False,False
S1,H1A2_1200:0541,533,True,True,verified,True,0.038213953213704244,False,True,True,False,True,False,True
S1,H1A2_1200:0542,534,True,True,verified,True,0.10871644243225109,False,unknown,unknown,False,False,False,False
S1,H1A2_1200:0543,535,True,True,verified,True,0.07431845060072195,False,True,True,False,True,False,True
S1,H1A2_1200:0544,536,False,True,verified,True,0.10131183098949226,False,unknown,unknown,False,False,False,False
S1,H1A2_1200:0545,537,True,True,verified,True,0.03091407900439247,False,True,True,False,True,False,True
S1,H1A2_1200:0546,538,True,True,verified,True,0.12902317812580932,False,unknown,unknown,False,False,False,False
S1,H1A2_1200:0547,539,True,True,verified,True,0.07741410952026406,False,True,True,False,True,False,True
S1,H1A2_1200:0548,540,True,True,verified,True,0.07013782609008778,False,True,True,False,True,False,True
S1,H1A2_1200:0549,541,True,True,verified,True,0.11735541504394575,False,unknown,unknown,False,False,False,False
S1,H1A2_1200:0550,542,True,True,verified,True,0.004606340177408796,False,True,True,False,True,False,True
S1,H1A2_1200:0551,543,False,True,verified,True,0.16459836601294064,False,unknown,unknown,False,False,False,False
S1,H1A2_1200:0552,544,True,True,verified,True,0.04414208775634698,False,True,True,False,True,False,True
S1,H1A2_1200:0553,545,True,True,verified,True,-0.03741048106664646,False,True,True,True,True,True,True
S1,H1A2_1200:0554,546,True,True,verified,True,0.08986741366088857,False,True,True,False,True,False,True
S1,H1A2_1200:0555,547,True,True,verified,True,0.08425063480224626,False,True,True,False,True,False,True
S1,H1A2_1200:0556,548,True,True,verified,True,-0.008494681402335225,False,True,True,True,True,True,True
S1,H1A2_1200:0557,549,True,True,verified,True,0.2710843549833166,False,unknown,unknown,False,False,False,False
S1,H1A2_1200:0558,550,True,True,verified,True,0.07680453802990161,False,True,True,False,True,False,True
S1,H1A2_1200:0559,551,True,True,verified,True,0.20559168986295795,False,unknown,unknown,False,False,False,False
S1,H1A2_1200:0560,552,True,True,verified,True,0.07264115258911019,False,True,True,False,True,False,True
S1,H1A2_1200:0561,553,True,True,verified,True,0.2501924457356761,False,unknown,unknown,False,False,False,False
S1,H1A2_1200:0562,554,True,True,verified,True,0.03137729610603568,False,True,True,False,True,False,True
S1,H1A2_1200:0563,555,False,True,verified,True,0.023149426310480337,False,True,True,False,True,False,True
S1,H1A2_1200:0564,556,True,True,verified,True,0.05453518128230961,False,True,True,False,True,False,True
S1,H1A2_1200:0565,557,True,True,verified,True,0.07195984412963874,False,True,True,False,True,False,True
S1,H1A2_1200:0566,558,True,True,verified,True,0.007592730224069477,False,True,True,False,True,False,True
S1,H1A2_1200:0567,559,True,True,verified,True,0.15157539963066924,False,unknown,unknown,False,False,False,False
S1,H1A2_1200:0568,560,True,True,verified,True,0.06998465124634023,False,True,True,False,True,False,True
S1,H1A2_1200:0569,561,True,True,verified,True,0.2434174219909666,False,unknown,unknown,False,False,False,False
S1,H1A2_1200:0570,562,True,True,verified,True,0.04665247794750993,False,True,True,False,True,False,True
S1,H1A2_1200:0571,563,True,True,verified,True,0.021787190522460698,False,True,True,False,True,False,True
S1,H1A2_1200:0572,564,True,True,verified,True,0.19090664835530635,False,unknown,unknown,False,False,False,False
S1,H1A2_1200:0573,565,True,True,verified,True,0.21752331202601738,False,unknown,unknown,False,False,False,False
S1,H1A2_1200:0574,566,True,True,verified,True,0.010417079311036304,False,False,True,False,True,False,False
S1,H1A2_1200:0575,567,True,True,verified,True,0.13845520130371014,False,unknown,unknown,False,False,False,False
S1,H1A2_1200:0576,568,True,True,verified,True,0.05331285480981496,False,True,True,False,True,False,True
S1,H1A2_1200:0577,569,True,True,verified,True,0.05837236973795523,False,True,True,False,True,False,True
S1,H1A2_1200:0578,570,False,True,verified,True,0.32723636515985355,False,unknown,unknown,False,False,False,False
S1,H1A2_1200:0579,571,True,True,verified,True,0.14223969565307648,False,unknown,unknown,False,False,False,False
S1,H1A2_1200:0580,572,True,True,verified,True,0.06929417803344684,False,True,True,False,True,False,True
S1,H1A2_1200:0581,573,True,True,verified,True,0.12295465078518486,False,unknown,unknown,False,False,False,False
S1,H1A2_1200:0582,574,True,True,verified,True,0.12740321617082806,False,unknown,unknown,False,False,False,False
S1,H1A2_1200:0583,575,True,True,verified,True,0.051643170972901054,False,True,True,False,True,False,True
S1,H1A2_1200:0584,576,False,True,verified,True,0.19298515121665538,False,unknown,unknown,False,False,False,False
S1,H1A2_1200:0585,577,True,True,verified,True,0.07693703599609414,False,True,True,False,True,False,True
S1,H1A2_1200:0586,578,True,True,verified,True,0.1354708094062218,False,unknown,unknown,False,False,False,False
S1,H1A2_1200:0587,579,True,True,verified,True,0.15370369363809466,False,unknown,unknown,False,False,False,False
S1,H1A2_1200:0588,580,True,True,verified,True,0.04654124681538363,False,True,True,False,True,False,True
S1,H1A2_1200:0589,581,True,True,verified,True,0.14247883078043877,False,unknown,unknown,False,False,False,False
S1,H1A2_1200:0590,582,True,True,verified,True,0.2512716326831068,False,unknown,unknown,False,False,False,False
S1,H1A2_1200:0591,583,False,True,verified,True,0.19893087076865257,False,unknown,unknown,False,False,False,False
S1,H1A2_1200:0592,584,False,True,verified,True,0.027383322032819457,False,True,True,False,True,False,True
S1,H1A2_1200:0593,585,True,True,verified,True,0.21854504335969338,False,unknown,unknown,False,False,False,False
S1,H1A2_1200:0594,586,True,True,verified,True,0.07599704531127571,False,True,True,False,True,False,True
S1,H1A2_1200:0595,587,True,True,verified,True,0.0969386784058015,False,True,True,False,True,False,True
S1,H1A2_1200:0596,588,True,True,verified,True,0.05751469158243783,False,True,True,False,True,False,True
S1,H1A2_1200:0597,589,True,True,verified,True,0.04154966671305349,False,True,True,False,True,False,True
S1,H1A2_1200:0598,590,True,True,verified,True,0.10032237959838852,False,unknown,unknown,False,False,False,False
S1,H1A2_1200:0599,591,True,True,verified,True,0.21270197177140382,False,unknown,unknown,False,False,False,False
S1,H1A2_1200:0600,592,True,True,verified,True,0.07906837231850261,False,True,True,False,True,False,True
S1,H1A2_1200:0601,593,True,True,verified,True,0.4913071971310048,False,unknown,unknown,False,False,False,False
S1,H1A2_1200:0602,594,True,True,verified,True,0.21582821489143988,False,unknown,unknown,False,False,False,False
S1,H1A2_1200:0603,595,True,True,verified,True,0.11213733227416878,False,unknown,unknown,False,False,False,False
S1,H1A2_1200:0604,596,True,True,verified,True,0.1761360231247302,False,unknown,unknown,False,False,False,False
S1,H1A2_1200:0605,597,True,True,verified,True,0.17660348671799575,False,unknown,unknown,False,False,False,False
S1,H1A2_1200:0606,598,True,True,verified,True,0.5245742454081217,False,unknown,unknown,False,False,False,False
S1,H1A2_1200:0607,599,True,True,verified,True,unknown,True,True,True,unknown,unknown,unknown,unknown
S1,H1A2_1200:0608,600,True,True,verified,True,0.09100852487386213,False,True,True,False,True,False,True
S1,H1A2_1200:0609,601,True,True,verified,True,0.2852308821557621,False,unknown,unknown,False,False,False,False
S1,H1A2_1200:0610,602,True,True,verified,True,0.019637989291991786,False,False,True,False,True,False,False
S1,H1A2_1200:0611,603,True,True,verified,True,0.021456061336671883,False,True,True,False,True,False,True
S1,H1A2_1200:0612,604,True,True,verified,True,0.2824667846879869,False,unknown,unknown,False,False,False,False
S1,H1A2_1200:0613,605,True,True,verified,True,0.04543154756176726,False,True,True,False,True,False,True
S1,H1A2_1200:0614,606,True,True,verified,True,unknown,True,True,True,unknown,unknown,unknown,unknown
S1,H1A2_1200:0615,607,True,True,invalid_terminal,False,unknown,False,unknown,unknown,False,False,False,False
S1,H1A2_1200:0616,608,True,True,verified,True,0.014287892548014103,False,True,True,False,True,False,True
S1,H1A2_1200:0617,609,True,True,verified,True,-0.10414115589843842,False,True,True,True,True,True,True
S1,H1A2_1200:0618,610,True,True,verified,True,0.07985114658377412,False,True,True,False,True,False,True
S1,H1A2_1200:0619,611,True,True,verified,True,0.09921934594338921,False,True,True,False,True,False,True
S1,H1A2_1200:0620,612,True,True,verified,True,0.08870708647642012,False,True,True,False,True,False,True
S1,H1A2_1200:0621,613,True,True,verified,True,-0.014416751515437198,False,True,True,True,True,True,True
S1,H1A2_1200:0622,614,True,True,verified,True,0.12166933688319315,False,unknown,unknown,False,False,False,False
S1,H1A2_1200:0623,615,False,True,verified,True,0.04651038521782702,False,True,True,False,True,False,True
S1,H1A2_1200:0624,616,True,True,verified,True,0.09404626733846211,False,True,True,False,True,False,True
S1,H1A2_1200:0625,617,True,True,verified,True,0.08467420932454495,False,True,True,False,True,False,True
S1,H1A2_1200:0626,618,False,True,verified,True,0.10350833346822075,False,unknown,unknown,False,False,False,False
S1,H1A2_1200:0627,619,True,True,verified,True,0.2560647420246047,False,unknown,unknown,False,False,False,False
S1,H1A2_1200:0628,620,True,True,verified,True,unknown,True,True,True,unknown,unknown,unknown,unknown
S1,H1A2_1200:0629,621,True,True,verified,True,0.09851071182226523,False,True,True,False,True,False,True
S1,H1A2_1200:0630,622,True,True,verified,True,unknown,True,True,True,unknown,unknown,unknown,unknown
S1,H1A2_1200:0631,623,False,True,verified,True,-0.007617615588378701,False,False,True,True,True,False,False
S1,H1A2_1200:0632,624,True,True,verified,True,0.02626985001806581,False,True,True,False,True,False,True
S1,H1A2_1200:0633,625,False,True,verified,True,0.16301870918625738,False,unknown,unknown,False,False,False,False
S1,H1A2_1200:0634,626,True,True,verified,True,0.032063153320974536,False,True,True,False,True,False,True
S1,H1A2_1200:0635,627,True,True,verified,True,0.1825582817466227,False,unknown,unknown,False,False,False,False
S1,H1A2_1200:0636,628,True,True,verified,True,0.1424841573901361,False,unknown,unknown,False,False,False,False
S1,H1A2_1200:0638,629,True,True,verified,True,0.022365052700440202,False,True,True,False,True,False,True
S1,H1A2_1200:0639,630,True,True,verified,True,0.011472126980468289,False,False,True,False,True,False,False
S1,H1A2_1200:0640,631,True,True,verified,True,0.04270811113525497,False,True,True,False,True,False,True
S1,H1A2_1200:0641,632,True,True,verified,True,0.08683023677595081,False,True,True,False,True,False,True
S1,H1A2_1200:0642,633,False,True,verified,True,0.20568124900334883,False,unknown,unknown,False,False,False,False
S1,H1A2_1200:0643,634,True,True,verified,True,0.02919443487632334,False,False,True,False,True,False,False
S1,H1A2_1200:0644,635,True,True,verified,True,0.029353972285155905,False,True,True,False,True,False,True
S1,H1A2_1200:0645,636,False,True,verified,True,0.41128498440633265,False,unknown,unknown,False,False,False,False
S1,H1A2_1200:0646,637,True,True,verified,True,0.07087990473388661,False,True,True,False,True,False,True
S1,H1A2_1200:0647,638,True,True,verified,True,0.09590924347482321,False,True,True,False,True,False,True
S1,H1A2_1200:0648,639,True,True,verified,True,0.20092291622463776,False,unknown,unknown,False,False,False,False
S1,H1A2_1200:0649,640,True,True,verified,True,0.1427158796093746,False,unknown,unknown,False,False,False,False
S1,H1A2_1200:0650,641,False,True,verified,True,0.2833818529504395,False,unknown,unknown,False,False,False,False
S1,H1A2_1200:0651,642,True,True,verified,True,0.04532340063793594,False,True,True,False,True,False,True
S1,H1A2_1200:0652,643,True,True,verified,True,0.020568492347587508,False,True,True,False,True,False,True
S1,H1A2_1200:0653,644,True,True,verified,True,0.1113133201391614,False,unknown,unknown,False,False,False,False
S1,H1A2_1200:0654,645,True,True,verified,True,0.0913799474960939,False,True,True,False,True,False,True
S1,H1A2_1200:0655,646,True,True,verified,True,0.04909913839965796,False,True,True,False,True,False,True
S1,H1A2_1200:0656,647,True,True,verified,True,0.18224197946236753,False,unknown,unknown,False,False,False,False
S1,H1A2_1200:0657,648,True,True,verified,True,0.12484788570257077,False,unknown,unknown,False,False,False,False
S1,H1A2_1200:0658,649,True,True,verified,True,0.14721676837295306,False,unknown,unknown,False,False,False,False
S1,H1A2_1200:0659,650,True,True,verified,True,0.09488106351379422,False,True,True,False,True,False,True
S1,H1A2_1200:0660,651,True,True,verified,True,-0.020852291346892926,False,True,True,True,True,True,True
S1,H1A2_1200:0661,652,True,True,verified,True,0.15103223356299011,False,unknown,unknown,False,False,False,False
S1,H1A2_1200:0662,653,True,True,verified,True,0.03793143028979529,False,True,True,False,True,False,True
S1,H1A2_1200:0663,654,True,True,verified,True,0.15018386839843778,False,unknown,unknown,False,False,False,False
S1,H1A2_1200:0664,655,True,True,verified,True,unknown,True,True,True,unknown,unknown,unknown,unknown
S1,H1A2_1200:0665,656,False,True,verified,True,0.030431492793945303,False,False,True,False,True,False,False
S1,H1A2_1200:0666,657,True,True,verified,True,0.10337399811170833,False,unknown,unknown,False,False,False,False
S1,H1A2_1200:0667,658,True,True,verified,True,0.27276445579427033,False,unknown,unknown,False,False,False,False
S1,H1A2_1200:0668,659,True,True,verified,True,0.029929245171983254,False,False,True,False,True,False,False
S1,H1A2_1200:0669,660,True,True,verified,True,0.045981670194497504,False,True,True,False,True,False,True
S1,H1A2_1200:0670,661,True,True,verified,True,0.050921481852295614,False,True,True,False,True,False,True
S1,H1A2_1200:0671,662,True,True,verified,True,0.07890211169701988,False,True,True,False,True,False,True
S1,H1A2_1200:0672,663,False,True,verified,True,0.18282269950005414,False,unknown,unknown,False,False,False,False
S1,H1A2_1200:0673,664,True,True,verified,True,0.0684234304443363,False,True,True,False,True,False,True
S1,H1A2_1200:0674,665,True,True,verified,True,0.20177271396948093,False,unknown,unknown,False,False,False,False
S1,H1A2_1200:0675,666,True,True,verified,True,0.0396571300012436,False,True,True,False,True,False,True
S1,H1A2_1200:0676,667,True,True,verified,True,0.1391306162863497,False,unknown,unknown,False,False,False,False
S1,H1A2_1200:0677,668,True,True,verified,True,0.04408794648410641,False,True,True,False,True,False,True
S1,H1A2_1200:0678,669,True,True,verified,True,0.0799665024190368,False,True,True,False,True,False,True
S1,H1A2_1200:0679,670,True,True,verified,True,-0.00492218379458631,False,True,True,True,True,True,True
S1,H1A2_1200:0680,671,True,True,verified,True,0.18121474375732394,False,unknown,unknown,False,False,False,False
S1,H1A2_1200:0681,672,True,True,verified,True,0.15161808077092065,False,unknown,unknown,False,False,False,False
S1,H1A2_1200:0682,673,True,True,verified,True,0.10746258818701104,False,unknown,unknown,False,False,False,False
S1,H1A2_1200:0683,674,True,True,verified,True,-0.08713418543619778,False,True,True,True,True,True,True
S1,H1A2_1200:0684,675,True,True,verified,True,-0.09031982294840457,False,True,True,True,True,True,True
S1,H1A2_1200:0685,676,True,True,verified,True,0.12000213229370083,False,unknown,unknown,False,False,False,False
S1,H1A2_1200:0686,677,True,True,verified,True,0.05089815335965575,False,True,True,False,True,False,True
S1,H1A2_1200:0687,678,True,True,verified,True,0.06669954914008258,False,True,True,False,True,False,True
S1,H1A2_1200:0688,679,True,True,verified,True,0.08173325724853564,False,True,True,False,True,False,True
S1,H1A2_1200:0689,680,False,True,verified,True,0.05924861901117673,False,True,True,False,True,False,True
S1,H1A2_1200:0690,681,True,True,verified,True,unknown,True,True,True,unknown,unknown,unknown,unknown
S1,H1A2_1200:0691,682,True,True,verified,True,-0.03423564691080738,False,True,True,True,True,True,True
S1,H1A2_1200:0692,683,True,True,verified,True,-0.038218189516191714,False,True,True,True,True,True,True
S1,H1A2_1200:0693,684,True,True,verified,True,0.2649777054615994,False,unknown,unknown,False,False,False,False
S1,H1A2_1200:0694,685,True,True,verified,True,0.06485702685709871,False,True,True,False,True,False,True
S1,H1A2_1200:0695,686,True,True,verified,True,0.07312272481689419,False,True,True,False,True,False,True
S1,H1A2_1200:0696,687,True,True,verified,True,-0.012600545647828643,False,False,True,True,True,False,False
S1,H1A2_1200:0697,688,True,True,verified,True,0.024050765976562083,False,True,True,False,True,False,True
S1,H1A2_1200:0698,689,True,True,verified,True,0.01907957840644592,False,True,True,False,True,False,True
S1,H1A2_1200:0699,690,True,True,verified,True,0.08938487527099603,False,True,True,False,True,False,True
S1,H1A2_1200:0700,691,True,True,verified,True,0.4039131457756895,False,unknown,unknown,False,False,False,False
S1,H1A2_1200:0701,692,True,True,verified,True,0.06015742450730199,False,True,True,False,True,False,True
S1,H1A2_1200:0702,693,True,True,verified,True,-0.044620920681152754,False,True,True,True,True,True,True
S1,H1A2_1200:0703,694,False,True,verified,True,-0.012800772583182685,False,True,True,True,True,True,True
S1,H1A2_1200:0704,695,True,True,verified,True,0.09780739523021253,False,True,True,False,True,False,True
S1,H1A2_1200:0705,696,True,True,verified,True,-0.05597877518269989,False,True,True,True,True,True,True
S1,H1A2_1200:0706,697,True,True,verified,True,0.10395057326709889,False,unknown,unknown,False,False,False,False
S1,H1A2_1200:0707,698,True,True,verified,True,-0.030575878831787584,False,True,True,True,True,True,True
S1,H1A2_1200:0708,699,True,True,verified,True,0.0286903686754858,False,True,True,False,True,False,True
S1,H1A2_1200:0709,700,False,True,verified,True,0.15274508874941972,False,unknown,unknown,False,False,False,False
S1,H1A2_1200:0710,701,True,True,invalid_terminal,False,unknown,False,unknown,unknown,False,False,False,False
S1,H1A2_1200:0711,702,True,True,verified,True,0.16398893111938495,False,unknown,unknown,False,False,False,False
S1,H1A2_1200:0712,703,True,True,verified,True,0.09219278152777743,False,True,True,False,True,False,True
S1,H1A2_1200:0713,704,True,True,verified,True,0.1373196156901857,False,unknown,unknown,False,False,False,False
S1,H1A2_1200:0714,705,True,True,verified,True,0.03535587360913128,False,True,True,False,True,False,True
S1,H1A2_1200:0715,706,False,True,verified,True,0.13757377539998306,False,unknown,unknown,False,False,False,False
S1,H1A2_1200:0716,707,True,True,verified,True,0.06936085929207714,False,False,True,False,True,False,False
S1,H1A2_1200:0717,708,True,True,verified,True,0.05907662249177115,False,True,True,False,True,False,True
S1,H1A2_1200:0718,709,True,True,verified,True,0.2260629990981471,False,unknown,unknown,False,False,False,False
S1,H1A2_1200:0719,710,True,True,verified,True,0.02440464130248987,False,True,True,False,True,False,True
S1,H1A2_1200:0720,711,False,True,verified,True,0.1204607847748207,False,unknown,unknown,False,False,False,False
S1,H1A2_1200:0721,712,True,True,verified,True,0.39777467928684196,False,unknown,unknown,False,False,False,False
S1,H1A2_1200:0722,713,True,True,verified,True,0.007427112151152215,False,True,True,False,True,False,True
S1,H1A2_1200:0723,714,True,True,verified,True,0.0508461060073242,False,True,True,False,True,False,True
S1,H1A2_1200:0724,715,True,True,verified,True,0.0701193635538182,False,True,True,False,True,False,True
S1,H1A2_1200:0725,716,True,True,verified,True,0.1441368531624354,False,unknown,unknown,False,False,False,False
S1,H1A2_1200:0726,717,True,True,verified,True,0.14235875804092135,False,unknown,unknown,False,False,False,False
S1,H1A2_1200:0727,718,True,True,verified,True,0.004935625904826324,False,True,True,False,True,False,True
S1,H1A2_1200:0728,719,True,True,verified,True,0.08687210921936028,False,True,True,False,True,False,True
S1,H1A2_1200:0729,720,True,True,verified,True,0.10369548043348509,False,unknown,unknown,False,False,False,False
S1,H1A2_1200:0730,721,False,True,verified,True,0.05022565135620116,False,True,True,False,True,False,True
S1,H1A2_1200:0731,722,True,True,verified,True,0.21878264517659574,False,unknown,unknown,False,False,False,False
S1,H1A2_1200:0733,723,True,True,verified,True,0.17984630208373797,False,unknown,unknown,False,False,False,False
S1,H1A2_1200:0734,724,True,True,verified,True,0.07871602596121807,False,True,True,False,True,False,True
S1,H1A2_1200:0735,725,True,True,verified,True,0.050370212718370055,False,True,True,False,True,False,True
S1,H1A2_1200:0736,726,True,True,verified,True,0.0006221498437501971,False,True,True,False,True,False,True
S1,H1A2_1200:0737,727,True,True,verified,True,0.0642556945761541,False,True,True,False,True,False,True
S1,H1A2_1200:0738,728,True,True,verified,True,0.03445324769996644,False,False,True,False,True,False,False
S1,H1A2_1200:0739,729,True,True,verified,True,0.06905687035766661,False,True,True,False,True,False,True
S1,H1A2_1200:0740,730,True,True,verified,True,0.1547054019702152,False,unknown,unknown,False,False,False,False
S1,H1A2_1200:0741,731,True,True,verified,True,0.024281904864094983,False,True,True,False,True,False,True
S1,H1A2_1200:0742,732,True,True,verified,True,0.005804356808676303,False,True,True,False,True,False,True
S1,H1A2_1200:0743,733,True,True,verified,True,-0.0027557437090202086,False,True,True,True,True,True,True
S1,H1A2_1200:0744,734,True,True,verified,True,0.013426907116088849,False,True,True,False,True,False,True
S1,H1A2_1200:0745,735,True,True,verified,True,0.01760511019307387,False,True,True,False,True,False,True
S1,H1A2_1200:0746,736,True,True,verified,True,0.14550875465463875,False,unknown,unknown,False,False,False,False
S1,H1A2_1200:0747,737,True,True,verified,True,0.04769298538452116,False,True,True,False,True,False,True
S1,H1A2_1200:0748,738,True,True,verified,True,0.017295148169921504,False,False,unknown,False,True,False,False
S1,H1A2_1200:0749,739,True,True,verified,True,0.027497449204644475,False,True,True,False,True,False,True
S1,H1A2_1200:0750,740,False,True,verified,True,0.02417608905273383,False,True,True,False,True,False,True
S1,H1A2_1200:0751,741,True,True,verified,True,0.031405904498697845,False,True,True,False,True,False,True
S1,H1A2_1200:0752,742,True,True,verified,True,0.1384316916384556,False,unknown,unknown,False,False,False,False
S1,H1A2_1200:0753,743,True,True,verified,True,0.20111662547163256,False,unknown,unknown,False,False,False,False
S1,H1A2_1200:0754,744,True,True,verified,True,0.059153473463541495,False,True,True,False,True,False,True
S1,H1A2_1200:0755,745,True,True,verified,True,0.31917913603370707,False,unknown,unknown,False,False,False,False
S1,H1A2_1200:0756,746,True,True,verified,True,0.15686676604370042,False,unknown,unknown,False,False,False,False
S1,H1A2_1200:0757,747,True,True,verified,True,0.0010052408215335262,False,True,True,False,True,False,True
S1,H1A2_1200:0758,748,True,True,verified,True,0.1582861316444082,False,unknown,unknown,False,False,False,False
S1,H1A2_1200:0759,749,True,True,verified,True,0.11215572360497994,False,unknown,unknown,False,False,False,False
S1,H1A2_1200:0760,750,True,True,verified,True,0.10782938664143948,False,unknown,unknown,False,False,False,False
S1,H1A2_1200:0761,751,True,True,verified,True,0.06710144799194317,False,False,True,False,True,False,False
S1,H1A2_1200:0762,752,True,True,verified,True,0.08006916853686885,False,True,True,False,True,False,True
S1,H1A2_1200:0763,753,True,True,verified,True,0.10073430960336971,False,unknown,unknown,False,False,False,False
S1,H1A2_1200:0764,754,True,True,verified,True,0.09331190166276215,False,True,True,False,True,False,True
S1,H1A2_1200:0765,755,True,True,verified,True,-0.02629650460302635,False,True,True,True,True,True,True
S1,H1A2_1200:0766,756,True,True,verified,True,0.13926978926220634,False,unknown,unknown,False,False,False,False
S1,H1A2_1200:0767,757,True,True,verified,True,0.05303329324096717,False,True,True,False,True,False,True
S1,H1A2_1200:0768,758,False,True,verified,True,0.16511775580179844,False,unknown,unknown,False,False,False,False
S1,H1A2_1200:0769,759,False,True,verified,True,-0.013784907352905496,False,True,True,True,True,True,True
S1,H1A2_1200:0770,760,True,True,verified,True,-0.012489034937196664,False,True,True,True,True,True,True
S1,H1A2_1200:0771,761,True,True,verified,True,-0.028497281225585702,False,True,True,True,True,True,True
S1,H1A2_1200:0772,762,True,True,verified,True,0.19734180360455866,False,unknown,unknown,False,False,False,False
S1,H1A2_1200:0773,763,True,True,verified,True,-0.0025014693549803013,False,True,True,True,True,True,True
S1,H1A2_1200:0774,764,False,True,verified,True,0.15605386815443278,False,unknown,unknown,False,False,False,False
S1,H1A2_1200:0775,765,True,True,verified,True,0.2743859220878875,False,unknown,unknown,False,False,False,False
S1,H1A2_1200:0776,766,True,True,verified,True,0.1756372809641098,False,unknown,unknown,False,False,False,False
S1,H1A2_1200:0777,767,True,True,verified,True,0.09398046629272727,False,True,True,False,True,False,True
S1,H1A2_1200:0778,768,False,True,verified,True,0.032519247791341854,False,True,True,False,True,False,True
S1,H1A2_1200:0779,769,True,True,verified,True,0.05399645403635667,False,True,True,False,True,False,True
S1,H1A2_1200:0780,770,True,True,verified,True,0.5574714202282713,False,unknown,unknown,False,False,False,False
S1,H1A2_1200:0781,771,True,True,verified,True,0.18737104462904597,False,unknown,unknown,False,False,False,False
S1,H1A2_1200:0782,772,True,True,verified,True,0.07301762486409658,False,False,True,False,True,False,False
S1,H1A2_1200:0783,773,True,True,verified,True,0.044917042525228545,False,True,True,False,True,False,True
S1,H1A2_1200:0784,774,True,True,verified,True,-0.019325735102853514,False,True,True,True,True,True,True
S1,H1A2_1200:0785,775,True,True,verified,True,0.2348838918353957,False,unknown,unknown,False,False,False,False
S1,H1A2_1200:0786,776,True,True,verified,True,-0.06657269805126909,False,True,True,True,True,True,True
S1,H1A2_1200:0787,777,True,True,verified,True,0.1121383341376605,False,unknown,unknown,False,False,False,False
S1,H1A2_1200:0788,778,True,True,verified,True,-0.05790461180460582,False,True,True,True,True,True,True
S1,H1A2_1200:0789,779,False,True,verified,True,0.021406125772704954,False,True,True,False,True,False,True
S1,H1A2_1200:0790,780,True,True,verified,True,0.10979786333045283,False,unknown,unknown,False,False,False,False
S1,H1A2_1200:0791,781,True,True,verified,True,unknown,True,True,True,unknown,unknown,unknown,unknown
S1,H1A2_1200:0792,782,True,True,verified,True,0.02877013243896487,False,True,True,False,True,False,True
S1,H1A2_1200:0793,783,True,True,verified,True,0.15516251915169388,False,unknown,unknown,False,False,False,False
S1,H1A2_1200:0794,784,True,True,verified,True,0.09629975230228105,False,True,True,False,True,False,True
S1,H1A2_1200:0795,785,True,True,verified,True,0.03473124391601523,False,True,True,False,True,False,True
S1,H1A2_1200:0796,786,True,True,verified,True,0.09626646780843107,False,True,True,False,True,False,True
S1,H1A2_1200:0797,787,True,True,verified,True,0.017032793244628586,False,True,True,False,True,False,True
S1,H1A2_1200:0798,788,True,True,verified,True,-0.0012264760987585888,False,True,True,True,True,True,True
S1,H1A2_1200:0799,789,True,True,verified,True,0.11592610963964667,False,unknown,unknown,False,False,False,False
S1,H1A2_1200:0800,790,True,True,verified,True,0.14007179092471134,False,unknown,unknown,False,False,False,False
S1,H1A2_1200:0801,791,True,True,verified,True,0.0888254376175368,False,True,True,False,True,False,True
S1,H1A2_1200:0802,792,True,True,verified,True,0.05379673260278306,False,True,True,False,True,False,True
S1,H1A2_1200:0803,793,True,True,verified,True,0.022171670596679682,False,False,True,False,True,False,False
S1,H1A2_1200:0804,794,True,True,verified,True,0.07441612953450605,False,True,True,False,True,False,True
S1,H1A2_1200:0805,795,False,True,verified,True,0.11277895403644145,False,unknown,unknown,False,False,False,False
S1,H1A2_1200:0806,796,True,True,verified,True,0.13388816061160203,False,unknown,unknown,False,False,False,False
S1,H1A2_1200:0807,797,True,True,verified,True,0.35273444845532786,False,unknown,unknown,False,False,False,False
S1,H1A2_1200:0808,798,True,True,verified,True,0.1337335611477748,False,unknown,unknown,False,False,False,False
S1,H1A2_1200:0809,799,True,True,verified,True,0.00021512342773455373,False,True,True,False,True,False,True
S1,H1A2_1200:0810,800,False,True,verified,True,-0.6826880235119628,False,True,True,True,True,True,True
S1,H1A2_1200:0811,801,True,True,verified,True,0.04162114878525891,False,True,True,False,True,False,True
S1,H1A2_1200:0812,802,True,True,verified,True,-0.024013636443138253,False,True,True,True,True,True,True
S1,H1A2_1200:0813,803,True,True,verified,True,-0.014098502802376345,False,True,True,True,True,True,True
S1,H1A2_1200:0814,804,True,True,verified,True,0.25024436257242755,False,unknown,unknown,False,False,False,False
S1,H1A2_1200:0815,805,True,True,verified,True,0.1947410219818959,False,unknown,unknown,False,False,False,False
S1,H1A2_1200:0816,806,True,True,verified,True,0.00912770686523423,False,False,True,False,True,False,False
S1,H1A2_1200:0817,807,True,True,verified,True,0.08083367178412537,False,True,True,False,True,False,True
S1,H1A2_1200:0818,808,True,True,verified,True,0.053603934633301265,False,True,True,False,True,False,True
S1,H1A2_1200:0819,809,True,True,verified,True,0.09815970259073925,False,False,True,False,True,False,False
S1,H1A2_1200:0820,810,False,True,verified,True,0.10617175977312332,False,unknown,unknown,False,False,False,False
S1,H1A2_1200:0821,811,True,True,verified,True,0.016687088442382425,False,True,True,False,True,False,True
S1,H1A2_1200:0822,812,True,True,verified,True,0.041197242502367004,False,True,True,False,True,False,True
S1,H1A2_1200:0823,813,True,True,verified,True,0.12066256682878418,False,unknown,unknown,False,False,False,False
S1,H1A2_1200:0824,814,True,True,verified,True,unknown,True,True,True,unknown,unknown,unknown,unknown
S1,H1A2_1200:0825,815,False,True,verified,True,0.12619564350178303,False,unknown,unknown,False,False,False,False
S1,H1A2_1200:0827,816,True,True,verified,True,0.0939939305541948,False,True,True,False,True,False,True
S1,H1A2_1200:0828,817,True,True,verified,True,0.14109590983960096,False,unknown,unknown,False,False,False,False
S1,H1A2_1200:0829,818,True,True,verified,True,0.18407311980598884,False,unknown,unknown,False,False,False,False
S1,H1A2_1200:0830,819,True,True,verified,True,0.07328735302832712,False,True,True,False,True,False,True
S1,H1A2_1200:0831,820,False,True,verified,True,-0.04126653799255342,False,True,True,True,True,True,True
S1,H1A2_1200:0832,821,True,True,verified,True,0.10322582722489493,False,unknown,unknown,False,False,False,False
S1,H1A2_1200:0833,822,True,True,verified,True,0.08665350118652348,False,True,True,False,True,False,True
S1,H1A2_1200:0834,823,True,True,verified,True,0.21284105358073013,False,unknown,unknown,False,False,False,False
S1,H1A2_1200:0835,824,True,True,verified,True,0.007459895240315539,False,True,True,False,True,False,True
S1,H1A2_1200:0836,825,False,True,verified,True,0.14480696632742784,False,unknown,unknown,False,False,False,False
S1,H1A2_1200:0837,826,True,True,verified,True,0.1073870389062499,False,unknown,unknown,False,False,False,False
S1,H1A2_1200:0838,827,False,True,verified,True,0.08193687427551222,False,True,True,False,True,False,True
S1,H1A2_1200:0839,828,True,True,verified,True,-0.005550852561034603,False,True,True,True,True,True,True
S1,H1A2_1200:0840,829,True,True,verified,True,-0.05235015329711956,False,False,True,True,True,False,False
S1,H1A2_1200:0841,830,False,True,verified,True,0.1730525370004532,False,unknown,unknown,False,False,False,False
S1,H1A2_1200:0842,831,True,True,verified,True,0.05778349470865862,False,True,True,False,True,False,True
S1,H1A2_1200:0843,832,True,True,verified,True,0.06585891434995306,False,True,True,False,True,False,True
S1,H1A2_1200:0844,833,True,True,verified,True,0.1215307953596998,False,unknown,unknown,False,False,False,False
S1,H1A2_1200:0845,834,True,True,verified,True,0.12991936594816345,False,unknown,unknown,False,False,False,False
S1,H1A2_1200:0846,835,False,True,verified,True,-0.0428025992023926,False,True,True,True,True,True,True
S1,H1A2_1200:0847,836,True,True,verified,True,0.19322863552050684,False,unknown,unknown,False,False,False,False
S1,H1A2_1200:0848,837,True,True,verified,True,0.10128840523082427,False,unknown,unknown,False,False,False,False
S1,H1A2_1200:0849,838,True,True,verified,True,0.05596456284830742,False,True,True,False,True,False,True
S1,H1A2_1200:0850,839,False,True,verified,True,0.19173605304537134,False,unknown,unknown,False,False,False,False
S1,H1A2_1200:0851,840,True,True,verified,True,0.03724822067057332,False,True,True,False,True,False,True
S1,H1A2_1200:0852,841,True,True,verified,True,0.3624113330316483,False,unknown,unknown,False,False,False,False
S1,H1A2_1200:0853,842,True,True,verified,True,0.09629334807617163,False,True,True,False,True,False,True
S1,H1A2_1200:0854,843,True,True,verified,True,0.04115991166779942,False,True,True,False,True,False,True
S1,H1A2_1200:0855,844,False,True,verified,True,0.04843488194384804,False,True,True,False,True,False,True
S1,H1A2_1200:0856,845,True,True,verified,True,0.08673718423787768,False,True,True,False,True,False,True
S1,H1A2_1200:0857,846,True,True,verified,True,0.16210029789062563,False,unknown,unknown,False,False,False,False
S1,H1A2_1200:0858,847,True,True,verified,True,0.07130623954177295,False,True,True,False,True,False,True
S1,H1A2_1200:0859,848,True,True,verified,True,-0.01649967336707192,False,True,True,True,True,True,True
S1,H1A2_1200:0860,849,True,True,verified,True,0.11007337984440468,False,unknown,unknown,False,False,False,False
S1,H1A2_1200:0861,850,True,True,verified,True,-0.023076502347818995,False,True,True,True,True,True,True
S1,H1A2_1200:0862,851,True,True,verified,True,0.06362751886515383,False,True,True,False,True,False,True
S1,H1A2_1200:0863,852,False,True,verified,True,-0.0009418980993656234,False,True,True,True,True,True,True
S1,H1A2_1200:0864,853,True,True,verified,True,0.047089408290283075,False,True,True,False,True,False,True
S1,H1A2_1200:0865,854,False,True,verified,True,0.023943075596923435,False,True,True,False,True,False,True
S1,H1A2_1200:0866,855,False,True,verified,True,-0.018560102389841404,False,True,True,True,True,True,True
S1,H1A2_1200:0867,856,True,True,verified,True,0.16542566838915818,False,unknown,unknown,False,False,False,False
S1,H1A2_1200:0868,857,False,True,verified,True,0.12998649209472646,False,unknown,unknown,False,False,False,False
S1,H1A2_1200:0869,858,True,True,verified,True,unknown,True,True,True,unknown,unknown,unknown,unknown
S1,H1A2_1200:0870,859,True,True,verified,True,0.015151210733234777,False,False,True,False,True,False,False
S1,H1A2_1200:0871,860,True,True,verified,True,0.0717194829199217,False,True,True,False,True,False,True
S1,H1A2_1200:0872,861,True,True,verified,True,0.12554755347077418,False,unknown,unknown,False,False,False,False
S1,H1A2_1200:0873,862,False,True,verified,True,0.03720072545532371,False,True,True,False,True,False,True
S1,H1A2_1200:0874,863,False,True,verified,True,0.22479714402318063,False,unknown,unknown,False,False,False,False
S1,H1A2_1200:0875,864,True,True,verified,True,0.12097986549340867,False,unknown,unknown,False,False,False,False
S1,H1A2_1200:0876,865,True,True,verified,True,0.05076560102075156,False,True,True,False,True,False,True
S1,H1A2_1200:0877,866,True,True,verified,True,0.15760162739734973,False,unknown,unknown,False,False,False,False
S1,H1A2_1200:0878,867,True,True,verified,True,0.18307003764957752,False,unknown,unknown,False,False,False,False
S1,H1A2_1200:0879,868,False,True,verified,True,0.07869124634120483,False,True,True,False,True,False,True
S1,H1A2_1200:0880,869,False,True,verified,True,0.22043271021655286,False,unknown,unknown,False,False,False,False
S1,H1A2_1200:0881,870,True,True,verified,True,0.08927671542683946,False,True,True,False,True,False,True
S1,H1A2_1200:0882,871,True,True,verified,True,0.09656669268798979,False,True,True,False,True,False,True
S1,H1A2_1200:0883,872,True,True,verified,True,0.03712736327294941,False,False,True,False,True,False,False
S1,H1A2_1200:0884,873,True,True,verified,True,0.08930458361775706,False,True,True,False,True,False,True
S1,H1A2_1200:0885,874,False,True,verified,True,0.13653005756303216,False,unknown,unknown,False,False,False,False
S1,H1A2_1200:0886,875,False,True,verified,True,unknown,True,True,True,unknown,unknown,unknown,unknown
S1,H1A2_1200:0887,876,True,True,verified,True,0.23527173086059516,False,unknown,unknown,False,False,False,False
S1,H1A2_1200:0888,877,False,True,verified,True,0.1340960913486322,False,unknown,unknown,False,False,False,False
S1,H1A2_1200:0889,878,True,True,verified,True,0.12802136546874987,False,unknown,unknown,False,False,False,False
S1,H1A2_1200:0890,879,True,True,verified,True,0.08768021016275807,False,True,True,False,True,False,True
S1,H1A2_1200:0891,880,True,True,verified,True,0.057049444560546725,False,True,True,False,True,False,True
S1,H1A2_1200:0892,881,True,True,verified,True,0.09324412111151847,False,True,True,False,True,False,True
S1,H1A2_1200:0893,882,True,True,verified,True,0.10073217716471294,False,unknown,unknown,False,False,False,False
S1,H1A2_1200:0894,883,True,True,verified,True,-0.014599422546996976,False,True,True,True,True,True,True
S1,H1A2_1200:0895,884,False,True,verified,True,0.005217825316298441,False,True,True,False,True,False,True
S1,H1A2_1200:0896,885,True,True,verified,True,0.18927024138509108,False,unknown,unknown,False,False,False,False
S1,H1A2_1200:0897,886,True,True,verified,True,0.08512042237646611,False,True,True,False,True,False,True
S1,H1A2_1200:0898,887,True,True,verified,True,0.14064319547494897,False,unknown,unknown,False,False,False,False
S1,H1A2_1200:0899,888,True,True,verified,True,0.2237004458520504,False,unknown,unknown,False,False,False,False
S1,H1A2_1200:0900,889,True,True,verified,True,0.21344324227050748,False,unknown,unknown,False,False,False,False
S1,H1A2_1200:0901,890,False,True,verified,True,0.10144546207326233,False,unknown,unknown,False,False,False,False
S1,H1A2_1200:0902,891,True,True,verified,True,0.15421417450740726,False,unknown,unknown,False,False,False,False
S1,H1A2_1200:0903,892,False,True,verified,True,0.22790847529338443,False,unknown,unknown,False,False,False,False
S1,H1A2_1200:0904,893,True,True,verified,True,0.23461044723091806,False,unknown,unknown,False,False,False,False
S1,H1A2_1200:0905,894,True,True,verified,True,0.027494244849499694,False,True,True,False,True,False,True
S1,H1A2_1200:0906,895,True,True,verified,True,0.10447161719482434,False,unknown,unknown,False,False,False,False
S1,H1A2_1200:0907,896,True,True,invalid_terminal,False,unknown,False,unknown,unknown,False,False,False,False
S1,H1A2_1200:0908,897,True,True,verified,True,-0.024123374572075917,False,True,True,True,True,True,True
S1,H1A2_1200:0909,898,True,True,verified,True,0.05128273986124654,False,True,True,False,True,False,True
S1,H1A2_1200:0910,899,True,True,verified,True,0.027908833048501336,False,True,True,False,True,False,True
S1,H1A2_1200:0911,900,True,True,verified,True,0.010995688316368213,False,True,True,False,True,False,True
S1,H1A2_1200:0912,901,True,True,verified,True,0.2630773883051898,False,unknown,unknown,False,False,False,False
S1,H1A2_1200:0913,902,True,True,verified,True,0.3608692519459371,False,unknown,unknown,False,False,False,False
S1,H1A2_1200:0914,903,True,True,verified,True,0.051577314989378564,False,False,True,False,True,False,False
S1,H1A2_1200:0915,904,True,True,verified,True,0.08045044041503857,False,True,True,False,True,False,True
S1,H1A2_1200:0916,905,True,True,verified,True,0.08501561832153293,False,True,True,False,True,False,True
S1,H1A2_1200:0917,906,True,True,verified,True,unknown,True,True,True,unknown,unknown,unknown,unknown
S1,H1A2_1200:0919,907,True,True,verified,True,0.18880624946898728,False,unknown,unknown,False,False,False,False
S1,H1A2_1200:0920,908,False,True,verified,True,0.09482912688025813,False,True,True,False,True,False,True
S1,H1A2_1200:0921,909,True,True,not_converged,False,3.6227924560298326,False,unknown,unknown,False,False,False,False
S1,H1A2_1200:0922,910,False,True,verified,True,0.05823045994531029,False,True,True,False,True,False,True
S1,H1A2_1200:0923,911,True,True,verified,True,0.28712831736889743,False,unknown,unknown,False,False,False,False
S1,H1A2_1200:0924,912,True,True,verified,True,0.03687656644205717,False,True,True,False,True,False,True
S1,H1A2_1200:0925,913,True,True,verified,True,0.10763377531168672,False,unknown,unknown,False,False,False,False
S1,H1A2_1200:0926,914,True,True,verified,True,0.21565194325439307,False,unknown,unknown,False,False,False,False
S1,H1A2_1200:0927,915,False,True,verified,True,0.07431335946414563,False,True,True,False,True,False,True
S1,H1A2_1200:0928,916,True,True,verified,True,0.15054443443728172,False,unknown,unknown,False,False,False,False
S1,H1A2_1200:0929,917,True,True,verified,True,0.07673313597179554,False,True,True,False,True,False,True
S1,H1A2_1200:0930,918,True,True,verified,True,0.06670901778604943,False,True,True,False,True,False,True
S1,H1A2_1200:0931,919,True,True,verified,True,unknown,True,True,True,unknown,unknown,unknown,unknown
S1,H1A2_1200:0932,920,True,True,verified,True,0.03705748501513817,False,True,True,False,True,False,True
S1,H1A2_1200:0933,921,True,True,verified,True,-0.014962399746091037,False,True,True,True,True,True,True
S1,H1A2_1200:0934,922,True,True,verified,True,0.08877014318725784,False,True,True,False,True,False,True
S1,H1A2_1200:0935,923,True,True,verified,True,0.04091871503214506,False,True,True,False,True,False,True
S1,H1A2_1200:0936,924,True,True,verified,True,-0.08973545095214774,False,True,True,True,True,True,True
S1,H1A2_1200:0937,925,True,True,verified,True,0.0035896900396727993,False,True,True,False,True,False,True
S1,H1A2_1200:0938,926,True,True,verified,True,0.12836127320678692,False,unknown,unknown,False,False,False,False
S1,H1A2_1200:0939,927,True,True,verified,True,0.2175397958893477,False,unknown,unknown,False,False,False,False
S1,H1A2_1200:0940,928,False,True,verified,True,0.23545350122480269,False,unknown,unknown,False,False,False,False
S1,H1A2_1200:0941,929,True,True,verified,True,0.11225974725626653,False,unknown,unknown,False,False,False,False
S1,H1A2_1200:0942,930,True,True,verified,True,0.11033643690104089,False,unknown,unknown,False,False,False,False
S1,H1A2_1200:0943,931,False,True,verified,True,0.3040393893500628,False,unknown,unknown,False,False,False,False
S1,H1A2_1200:0944,932,True,True,verified,True,0.026116337802734257,False,False,True,False,True,False,False
S1,H1A2_1200:0945,933,False,True,verified,True,0.1574138811132899,False,unknown,unknown,False,False,False,False
S1,H1A2_1200:0946,934,True,True,verified,True,0.11310011529176123,False,unknown,unknown,False,False,False,False
S1,H1A2_1200:0947,935,True,True,verified,True,0.04458582670254296,False,True,True,False,True,False,True
S1,H1A2_1200:0948,936,True,True,verified,True,0.03339124503525781,False,True,True,False,True,False,True
S1,H1A2_1200:0949,937,True,True,verified,True,0.10637179658154317,False,unknown,unknown,False,False,False,False
S1,H1A2_1200:0950,938,True,True,verified,True,0.0915821722901029,False,True,True,False,True,False,True
S1,H1A2_1200:0951,939,True,True,verified,True,0.014147133636678078,False,True,True,False,True,False,True
S1,H1A2_1200:0952,940,True,True,verified,True,0.032852014659424,False,True,True,False,True,False,True
S1,H1A2_1200:0953,941,False,True,verified,True,0.08383328959702041,False,True,True,False,True,False,True
S1,H1A2_1200:0954,942,True,True,verified,True,0.07019447551493085,False,True,True,False,True,False,True
S1,H1A2_1200:0955,943,True,True,verified,True,0.21153913215047027,False,unknown,unknown,False,False,False,False
S1,H1A2_1200:0956,944,True,True,verified,True,0.1549584449951178,False,unknown,unknown,False,False,False,False
S1,H1A2_1200:0957,945,True,True,verified,True,0.004167529780537471,False,True,True,False,True,False,True
S1,H1A2_1200:0958,946,True,True,verified,True,0.13058665501749633,False,unknown,unknown,False,False,False,False
S1,H1A2_1200:0959,947,True,True,verified,True,0.0042149679216301195,False,True,True,False,True,False,True
S1,H1A2_1200:0960,948,True,True,verified,True,0.04817849207467262,False,True,True,False,True,False,True
S1,H1A2_1200:0961,949,True,True,verified,True,0.08592278293212896,False,True,True,False,True,False,True
S1,H1A2_1200:0962,950,True,True,verified,True,0.009376795976330232,False,True,True,False,True,False,True
S1,H1A2_1200:0963,951,True,True,verified,True,0.04026288488760166,False,True,True,False,True,False,True
S1,H1A2_1200:0964,952,True,True,verified,True,0.003240760612996052,False,True,True,False,True,False,True
S1,H1A2_1200:0965,953,True,True,verified,True,0.08873044330349611,False,True,True,False,True,False,True
S1,H1A2_1200:0966,954,True,True,verified,True,0.17142065797607398,False,unknown,unknown,False,False,False,False
S1,H1A2_1200:0967,955,False,True,verified,True,0.08653634842431757,False,True,True,False,True,False,True
S1,H1A2_1200:0968,956,False,True,verified,True,0.08868844154608801,False,True,True,False,True,False,True
S1,H1A2_1200:0969,957,True,True,verified,True,0.04531420987475521,False,True,True,False,True,False,True
S1,H1A2_1200:0970,958,False,True,verified,True,0.23954053458217128,False,unknown,unknown,False,False,False,False
S1,H1A2_1200:0971,959,True,True,verified,True,0.07392494827001883,False,True,True,False,True,False,True
S1,H1A2_1200:0972,960,True,True,verified,True,0.1798916836489255,False,unknown,unknown,False,False,False,False
S1,H1A2_1200:0973,961,True,True,verified,True,0.209917230347493,False,unknown,unknown,False,False,False,False
S1,H1A2_1200:0974,962,True,True,verified,True,0.13705016882278986,False,unknown,unknown,False,False,False,False
S1,H1A2_1200:0975,963,True,True,verified,True,0.034891446823955174,False,False,True,False,True,False,False
S1,H1A2_1200:0976,964,True,True,verified,True,0.18618992201728446,False,unknown,unknown,False,False,False,False
S1,H1A2_1200:0977,965,True,True,verified,True,0.14148950089485712,False,unknown,unknown,False,False,False,False
S1,H1A2_1200:0978,966,True,True,verified,True,-0.015364996829834165,False,False,True,True,True,False,False
S1,H1A2_1200:0979,967,True,True,verified,True,0.022408949704590064,False,True,True,False,True,False,True
S1,H1A2_1200:0980,968,False,True,verified,True,0.05708276445656457,False,True,True,False,True,False,True
S1,H1A2_1200:0981,969,True,True,verified,True,0.09609362127338184,False,True,True,False,True,False,True
S1,H1A2_1200:0982,970,True,True,verified,True,0.24998601618978,False,unknown,unknown,False,False,False,False
S1,H1A2_1200:0983,971,True,True,verified,True,0.014538058484700578,False,True,True,False,True,False,True
S1,H1A2_1200:0984,972,True,True,verified,True,0.08850385732055654,False,True,True,False,True,False,True
S1,H1A2_1200:0985,973,True,True,verified,True,0.02768660899364317,False,True,True,False,True,False,True
S1,H1A2_1200:0986,974,True,True,verified,True,0.13258086627733157,False,unknown,unknown,False,False,False,False
S1,H1A2_1200:0987,975,True,True,verified,True,0.0480421122820891,False,True,True,False,True,False,True
S1,H1A2_1200:0988,976,True,True,verified,True,-0.04332774104345738,False,True,True,True,True,True,True
S1,H1A2_1200:0989,977,True,True,verified,True,0.12865770152465128,False,unknown,unknown,False,False,False,False
S1,H1A2_1200:0990,978,True,True,verified,True,0.059424996383830475,False,True,True,False,True,False,True
S1,H1A2_1200:0991,979,True,True,verified,True,0.06585810788330448,False,True,True,False,True,False,True
S1,H1A2_1200:0992,980,True,True,verified,True,0.0958981642869059,False,True,True,False,True,False,True
S1,H1A2_1200:0993,981,True,True,verified,True,0.09776280025924722,False,True,True,False,True,False,True
S1,H1A2_1200:0994,982,True,True,verified,True,0.022482944767020285,False,True,True,False,True,False,True
S1,H1A2_1200:0995,983,True,True,verified,True,0.16447938589884536,False,unknown,unknown,False,False,False,False
S1,H1A2_1200:0996,984,True,True,verified,True,0.07600096519320587,False,True,True,False,True,False,True
S1,H1A2_1200:0997,985,True,True,verified,True,0.06068594917750403,False,True,True,False,True,False,True
S1,H1A2_1200:0998,986,True,True,verified,True,0.060783356486815876,False,True,True,False,True,False,True
S1,H1A2_1200:0999,987,True,True,verified,True,0.2500126132351994,False,unknown,unknown,False,False,False,False
S1,H1A2_1200:1000,988,True,True,verified,True,0.16446711884350762,False,unknown,unknown,False,False,False,False
S1,H1A2_1200:1001,989,False,True,verified,True,0.0576987647185776,False,True,True,False,True,False,True
S1,H1A2_1200:1002,990,True,True,verified,True,0.24798144658411392,False,unknown,unknown,False,False,False,False
S1,H1A2_1200:1003,991,True,True,verified,True,0.011999798187082078,False,True,True,False,True,False,True
S1,H1A2_1200:1004,992,True,True,verified,True,0.19845439050146485,False,unknown,unknown,False,False,False,False
S1,H1A2_1200:1005,993,True,True,verified,True,0.3885803801525878,False,unknown,unknown,False,False,False,False
S1,H1A2_1200:1006,994,True,True,verified,True,0.572032322075195,False,unknown,unknown,False,False,False,False
S1,H1A2_1200:1007,995,True,True,verified,True,0.07365523656883433,False,True,True,False,True,False,True
S1,H1A2_1200:1008,996,False,True,verified,True,0.04371108858956507,False,False,True,False,True,False,False
S1,H1A2_1200:1009,997,True,True,verified,True,0.10784128619873057,False,unknown,unknown,False,False,False,False
S1,H1A2_1200:1010,998,False,True,verified,True,0.17316009797200493,False,unknown,unknown,False,False,False,False
S1,H1A2_1200:1011,999,True,True,verified,True,0.18603982426106747,False,unknown,unknown,False,False,False,False
S1,H1A2_1200:1012,1000,True,True,verified,True,-0.06894771260009858,False,True,True,True,True,True,True
S1,H1A2_1200:1013,1001,True,True,verified,True,0.1998353407263176,False,unknown,unknown,False,False,False,False
S1,H1A2_1200:1014,1002,True,True,verified,True,0.017277599386435583,False,True,True,False,True,False,True
S1,H1A2_1200:1015,1003,True,True,invalid_terminal,False,unknown,False,unknown,unknown,False,False,False,False
S1,H1A2_1200:1016,1004,True,True,verified,True,-0.0024966698394086606,False,True,True,True,True,True,True
S1,H1A2_1200:1017,1005,True,True,verified,True,0.3287602392252609,False,unknown,unknown,False,False,False,False
S1,H1A2_1200:1018,1006,True,True,verified,True,0.09611504113389202,False,True,True,False,True,False,True
S1,H1A2_1200:1019,1007,True,True,verified,True,0.11058409799292068,False,unknown,unknown,False,False,False,False
S1,H1A2_1200:1020,1008,True,True,verified,True,0.04001543570963495,False,True,True,False,True,False,True
S1,H1A2_1200:1021,1009,True,True,verified,True,0.20835132496663444,False,unknown,unknown,False,False,False,False
S1,H1A2_1200:1022,1010,True,True,verified,True,0.017658851955046018,False,True,True,False,True,False,True
S1,H1A2_1200:1023,1011,True,True,verified,True,unknown,True,True,True,unknown,unknown,unknown,unknown
S1,H1A2_1200:1024,1012,False,True,verified,True,-0.09661500905116416,False,True,True,True,True,True,True
S1,H1A2_1200:1025,1013,True,True,verified,True,0.14241837358203036,False,unknown,unknown,False,False,False,False
S1,H1A2_1200:1026,1014,True,True,verified,True,0.0887758078842733,False,True,True,False,True,False,True
S1,H1A2_1200:1027,1015,True,True,verified,True,-0.018003237408502848,False,True,True,True,True,True,True
S1,H1A2_1200:1028,1016,True,True,verified,True,0.02207995837598098,False,False,True,False,True,False,False
S1,H1A2_1200:1029,1017,True,True,verified,True,0.07328388464904823,False,True,True,False,True,False,True
S1,H1A2_1200:1030,1018,True,True,verified,True,0.02783548843872108,False,True,True,False,True,False,True
S1,H1A2_1200:1031,1019,True,True,verified,True,0.10778753184204248,False,unknown,unknown,False,False,False,False
S1,H1A2_1200:1032,1020,True,True,verified,True,0.1131576366235354,False,unknown,unknown,False,False,False,False
S1,H1A2_1200:1033,1021,True,True,verified,True,0.03823160691609662,False,True,True,False,True,False,True
S1,H1A2_1200:1034,1022,True,True,verified,True,0.3094171131785046,False,unknown,unknown,False,False,False,False
S1,H1A2_1200:1035,1023,True,True,verified,True,0.19431645857491642,False,unknown,unknown,False,False,False,False
S1,H1A2_1200:1036,1024,True,True,verified,True,0.06230378464681685,False,True,True,False,True,False,True
S1,H1A2_1200:1037,1025,False,True,verified,True,0.11327697208618215,False,unknown,unknown,False,False,False,False
S1,H1A2_1200:1038,1026,True,True,verified,True,0.0549252754410805,False,True,True,False,True,False,True
S1,H1A2_1200:1039,1027,True,True,verified,True,0.10342196283235339,False,unknown,unknown,False,False,False,False
S1,H1A2_1200:1040,1028,True,True,verified,True,0.16250845399682579,False,unknown,unknown,False,False,False,False
S1,H1A2_1200:1041,1029,True,True,verified,True,0.08523034310682487,False,True,True,False,True,False,True
S1,H1A2_1200:1042,1030,True,True,verified,True,0.13763890884505336,False,unknown,unknown,False,False,False,False
S1,H1A2_1200:1043,1031,True,True,verified,True,0.09089126311408169,False,True,True,False,True,False,True
S1,H1A2_1200:1044,1032,True,True,invalid_terminal,False,unknown,False,unknown,unknown,False,False,False,False
S1,H1A2_1200:1045,1033,True,True,verified,True,0.37636221849528084,False,unknown,unknown,False,False,False,False
S1,H1A2_1200:1046,1034,True,True,verified,True,0.1118588277470689,False,unknown,unknown,False,False,False,False
S1,H1A2_1200:1047,1035,True,True,verified,True,-0.046679260382080034,False,True,True,True,True,True,True
S1,H1A2_1200:1048,1036,True,True,verified,True,0.37513946109008867,False,unknown,unknown,False,False,False,False
S1,H1A2_1200:1049,1037,True,True,verified,True,0.08247051117040805,False,True,True,False,True,False,True
S1,H1A2_1200:1050,1038,True,True,verified,True,0.11614363058764532,False,unknown,unknown,False,False,False,False
S1,H1A2_1200:1051,1039,True,True,verified,True,0.1798279780859371,False,unknown,unknown,False,False,False,False
S1,H1A2_1200:1052,1040,False,True,verified,True,-0.14706518735107466,False,True,True,True,True,True,True
S1,H1A2_1200:1053,1041,True,True,verified,True,0.049172056727297964,False,True,True,False,True,False,True
S1,H1A2_1200:1054,1042,True,True,verified,True,0.08731423121581905,False,True,True,False,True,False,True
S1,H1A2_1200:1055,1043,True,True,verified,True,0.02514986077783199,False,True,True,False,True,False,True
S1,H1A2_1200:1056,1044,True,True,verified,True,0.0344784113204728,False,True,True,False,True,False,True
S1,H1A2_1200:1057,1045,True,True,verified,True,0.06239393965234363,False,True,True,False,True,False,True
S1,H1A2_1200:1058,1046,True,True,verified,True,0.03242103797688789,False,True,True,False,True,False,True
S1,H1A2_1200:1059,1047,True,True,verified,True,0.16102001917846476,False,unknown,unknown,False,False,False,False
S1,H1A2_1200:1060,1048,True,True,verified,True,0.052467784661485606,False,True,True,False,True,False,True
S1,H1A2_1200:1061,1049,True,True,verified,True,0.2432374720648598,False,unknown,unknown,False,False,False,False
