snapshot,ordinal,source_id,G_success,G_calls,F_source,F_editable,E_calls,E_candidates,E_selected_rank
S0,0,H1A2_1200:0000,True,9,continuous_F,True,73,6,1
S0,1,H1A2_1200:0001,True,66,continuous_F,True,49,8,unknown
S0,2,H1A2_1200:0002,True,57,continuous_F,True,49,8,unknown
S0,3,H1A2_1200:0003,True,36,continuous_F,True,49,8,unknown
S0,4,H1A2_1200:0004,True,30,continuous_F,True,49,8,2
S0,5,H1A2_1200:0005,True,12,continuous_F,True,49,8,4
S0,6,H1A2_1200:0006,True,30,continuous_F,True,49,8,unknown
S0,7,H1A2_1200:0007,True,69,continuous_F,True,49,8,5
S0,8,H1A2_1200:0008,True,36,continuous_F,True,49,8,unknown
S0,9,H1A2_1200:0009,True,30,continuous_F,True,49,8,1
S0,10,H1A2_1200:0011,True,42,continuous_F,True,49,8,unknown
S0,11,H1A2_1200:0012,True,94,continuous_F,True,49,8,unknown
S0,12,H1A2_1200:0013,True,147,G_after_invalid_F_geometry,True,49,8,unknown
S0,13,H1A2_1200:0014,True,48,continuous_F,True,49,8,unknown
S0,14,H1A2_1200:0015,True,18,continuous_F,True,49,8,4
S0,15,H1A2_1200:0016,True,51,continuous_F,True,49,8,unknown
S0,16,H1A2_1200:0017,True,36,continuous_F,True,49,8,7
S0,17,H1A2_1200:0018,True,30,continuous_F,True,49,8,unknown
S0,18,H1A2_1200:0019,True,36,continuous_F,True,49,8,unknown
S0,19,H1A2_1200:0020,True,54,continuous_F,True,49,8,0
S0,20,H1A2_1200:0021,True,21,continuous_F,True,49,8,1
S0,21,H1A2_1200:0022,True,42,continuous_F,True,49,8,unknown
S0,22,H1A2_1200:0023,True,36,continuous_F,True,49,8,unknown
S0,23,H1A2_1200:0024,True,48,continuous_F,True,49,8,unknown
S0,24,H1A2_1200:0025,True,48,continuous_F,True,49,8,unknown
S0,25,H1A2_1200:0026,True,18,continuous_F,True,49,8,2
S0,26,H1A2_1200:0027,True,36,continuous_F,True,49,8,unknown
S0,27,H1A2_1200:0028,True,112,continuous_F,True,49,8,unknown
S0,28,H1A2_1200:0029,True,21,continuous_F,True,49,8,4
S0,29,H1A2_1200:0030,True,33,continuous_F,True,49,8,0
S0,30,H1A2_1200:0031,True,63,continuous_F,True,49,8,unknown
S0,31,H1A2_1200:0032,True,48,continuous_F,True,49,8,unknown
S0,32,H1A2_1200:0033,True,21,continuous_F,True,49,8,1
S0,33,H1A2_1200:0034,True,21,continuous_F,True,49,8,5
S0,34,H1A2_1200:0035,True,54,continuous_F,True,49,8,unknown
S0,35,H1A2_1200:0036,True,36,continuous_F,True,49,8,3
S0,36,H1A2_1200:0037,True,24,continuous_F,True,49,8,6
S0,37,H1A2_1200:0038,True,18,continuous_F,True,49,8,5
S0,38,H1A2_1200:0039,True,54,continuous_F,True,49,8,3
S0,39,H1A2_1200:0040,True,48,continuous_F,True,49,8,unknown
S0,40,H1A2_1200:0041,True,18,continuous_F,True,49,8,3
S0,41,H1A2_1200:0042,True,24,continuous_F,True,49,8,1
S0,42,H1A2_1200:0043,True,63,continuous_F,True,49,8,unknown
S0,43,H1A2_1200:0044,True,33,continuous_F,True,49,8,unknown
S0,44,H1A2_1200:0045,True,36,continuous_F,True,49,8,unknown
S0,45,H1A2_1200:0046,True,18,continuous_F,True,49,8,1
S0,46,H1A2_1200:0047,True,42,continuous_F,True,49,8,unknown
S0,47,H1A2_1200:0048,True,15,continuous_F,True,49,8,unknown
S0,48,H1A2_1200:0049,True,45,continuous_F,True,49,8,unknown
S0,49,H1A2_1200:0050,True,54,continuous_F,True,49,8,unknown
S0,50,H1A2_1200:0051,True,39,continuous_F,True,49,8,4
S0,51,H1A2_1200:0052,True,157,continuous_F,True,49,8,unknown
S0,52,H1A2_1200:0053,True,66,continuous_F,True,49,8,unknown
S0,53,H1A2_1200:0054,True,39,continuous_F,True,49,8,unknown
S0,54,H1A2_1200:0055,True,21,continuous_F,True,49,8,0
S0,55,H1A2_1200:0056,True,90,continuous_F,True,49,8,unknown
S0,56,H1A2_1200:0057,True,54,continuous_F,True,49,8,2
S0,57,H1A2_1200:0058,True,30,continuous_F,True,49,8,3
S0,58,H1A2_1200:0059,True,27,continuous_F,True,49,8,unknown
S0,59,H1A2_1200:0060,True,60,continuous_F,True,49,8,unknown
S0,60,H1A2_1200:0061,True,171,continuous_F,True,49,8,unknown
S0,61,H1A2_1200:0062,True,54,continuous_F,True,49,8,unknown
S0,62,H1A2_1200:0063,True,18,continuous_F,True,49,8,unknown
S0,63,H1A2_1200:0064,True,21,continuous_F,True,49,8,6
S0,64,H1A2_1200:0065,True,66,continuous_F,True,49,8,unknown
S0,65,H1A2_1200:0066,True,21,continuous_F,True,49,8,0
S0,66,H1A2_1200:0067,True,54,continuous_F,True,49,8,unknown
S0,67,H1A2_1200:0068,True,54,continuous_F,True,49,8,3
S0,68,H1A2_1200:0069,True,30,continuous_F,True,49,8,unknown
S0,69,H1A2_1200:0070,True,42,continuous_F,True,49,8,7
S0,70,H1A2_1200:0071,True,45,continuous_F,True,49,8,unknown
S0,71,H1A2_1200:0072,True,71,continuous_F,True,49,8,unknown
S0,72,H1A2_1200:0073,True,18,continuous_F,True,49,8,1
S0,73,H1A2_1200:0074,True,32,continuous_F,True,49,8,unknown
S0,74,H1A2_1200:0075,True,18,continuous_F,True,49,8,2
S0,75,H1A2_1200:0076,True,42,continuous_F,True,49,8,unknown
S0,76,H1A2_1200:0077,True,30,continuous_F,True,49,8,unknown
S0,77,H1A2_1200:0078,True,42,continuous_F,True,49,8,unknown
S0,78,H1A2_1200:0079,True,36,continuous_F,True,49,8,unknown
S0,79,H1A2_1200:0080,True,48,continuous_F,True,49,8,unknown
S0,80,H1A2_1200:0081,True,203,continuous_F,True,49,8,unknown
S0,81,H1A2_1200:0082,True,66,continuous_F,True,49,8,unknown
S0,82,H1A2_1200:0083,True,18,continuous_F,True,49,8,unknown
S0,83,H1A2_1200:0084,True,21,continuous_F,True,49,8,0
S0,84,H1A2_1200:0085,True,24,continuous_F,True,49,8,unknown
S0,85,H1A2_1200:0086,True,36,continuous_F,True,49,8,unknown
S0,86,H1A2_1200:0087,True,18,continuous_F,True,49,8,2
S0,87,H1A2_1200:0088,True,57,continuous_F,True,49,8,unknown
S0,88,H1A2_1200:0089,True,36,continuous_F,True,49,8,unknown
S0,89,H1A2_1200:0090,True,54,continuous_F,True,49,8,unknown
S0,90,H1A2_1200:0091,True,54,continuous_F,True,49,8,0
S0,91,H1A2_1200:0092,True,18,continuous_F,True,49,8,7
S0,92,H1A2_1200:0093,True,24,continuous_F,True,49,8,4
S0,93,H1A2_1200:0094,True,45,continuous_F,True,49,8,unknown
S0,94,H1A2_1200:0095,True,63,continuous_F,True,49,8,4
S0,95,H1A2_1200:0096,True,42,continuous_F,True,49,8,0
S0,96,H1A2_1200:0097,True,45,continuous_F,True,49,8,unknown
S0,97,H1A2_1200:0098,True,24,continuous_F,True,49,8,3
S0,98,H1A2_1200:0099,True,18,continuous_F,True,49,8,0
S0,99,H1A2_1200:0100,True,48,continuous_F,True,49,8,unknown
S0,100,H1A2_1200:0101,True,36,continuous_F,True,49,8,unknown
S0,101,H1A2_1200:0102,True,18,continuous_F,True,49,8,3
S0,102,H1A2_1200:0103,True,36,continuous_F,True,49,8,unknown
S0,103,H1A2_1200:0104,True,162,continuous_F,True,49,8,unknown
S0,104,H1A2_1200:0105,True,60,continuous_F,True,49,8,unknown
S0,105,H1A2_1200:0106,True,18,continuous_F,True,49,8,0
S0,106,H1A2_1200:0107,True,36,continuous_F,True,49,8,1
S0,107,H1A2_1200:0108,True,21,continuous_F,True,49,8,unknown
S0,108,H1A2_1200:0109,True,48,continuous_F,True,49,8,unknown
S0,109,H1A2_1200:0110,True,48,continuous_F,True,49,8,unknown
S0,110,H1A2_1200:0111,True,18,continuous_F,True,49,8,unknown
S0,111,H1A2_1200:0112,True,60,continuous_F,True,49,8,unknown
S0,112,H1A2_1200:0113,True,36,continuous_F,True,49,8,unknown
S0,113,H1A2_1200:0114,True,92,continuous_F,True,49,8,unknown
S0,114,H1A2_1200:0115,True,36,continuous_F,True,49,8,0
S0,115,H1A2_1200:0116,True,54,continuous_F,True,49,8,unknown
S0,116,H1A2_1200:0117,True,30,continuous_F,True,49,8,3
S0,117,H1A2_1200:0118,True,18,continuous_F,True,49,8,0
S0,118,H1A2_1200:0119,True,116,continuous_F,True,49,8,6
S0,119,H1A2_1200:0120,True,18,continuous_F,True,49,8,3
S0,120,H1A2_1200:0121,True,48,continuous_F,True,49,8,3
S0,121,H1A2_1200:0122,True,42,continuous_F,True,49,8,unknown
S0,122,H1A2_1200:0123,True,79,continuous_F,True,49,8,unknown
S0,123,H1A2_1200:0124,True,200,continuous_F,True,49,8,unknown
S0,124,H1A2_1200:0125,True,42,continuous_F,True,49,8,2
S0,125,H1A2_1200:0126,True,24,continuous_F,True,49,8,4
S0,126,H1A2_1200:0127,True,149,continuous_F,True,49,8,unknown
S0,127,H1A2_1200:0128,True,24,continuous_F,True,49,8,unknown
S0,128,H1A2_1200:0129,True,128,continuous_F,True,49,8,unknown
S0,129,H1A2_1200:0130,True,18,continuous_F,True,49,8,2
S0,130,H1A2_1200:0131,True,36,continuous_F,True,49,8,unknown
S0,131,H1A2_1200:0132,True,24,continuous_F,True,49,8,3
S0,132,H1A2_1200:0133,True,45,continuous_F,True,49,8,0
S0,133,H1A2_1200:0134,True,39,continuous_F,True,49,8,unknown
S0,134,H1A2_1200:0135,True,18,continuous_F,True,49,8,0
S0,135,H1A2_1200:0136,True,54,continuous_F,True,49,8,unknown
S0,136,H1A2_1200:0137,True,15,continuous_F,True,49,8,6
S0,137,H1A2_1200:0138,True,51,continuous_F,True,49,8,unknown
S0,138,H1A2_1200:0139,True,30,continuous_F,True,49,8,5
S0,139,H1A2_1200:0140,True,24,continuous_F,True,49,8,5
S0,140,H1A2_1200:0141,True,27,continuous_F,True,49,8,6
S0,141,H1A2_1200:0142,True,42,continuous_F,True,49,8,unknown
S0,142,H1A2_1200:0143,True,69,continuous_F,True,49,8,unknown
S0,143,H1A2_1200:0144,True,36,continuous_F,True,49,8,5
S0,144,H1A2_1200:0145,True,30,continuous_F,True,49,8,3
S0,145,H1A2_1200:0146,True,36,continuous_F,True,49,8,unknown
S0,146,H1A2_1200:0147,True,15,continuous_F,True,49,8,5
S0,147,H1A2_1200:0148,True,30,continuous_F,True,49,8,2
S0,148,H1A2_1200:0149,True,50,continuous_F,True,49,8,unknown
S0,149,H1A2_1200:0150,True,69,continuous_F,True,49,8,unknown
S0,150,H1A2_1200:0151,True,24,continuous_F,True,49,8,4
S0,151,H1A2_1200:0152,True,42,continuous_F,True,49,8,unknown
S0,152,H1A2_1200:0153,True,21,continuous_F,True,49,8,2
S0,153,H1A2_1200:0154,True,42,continuous_F,True,49,8,unknown
S0,154,H1A2_1200:0155,True,54,continuous_F,True,49,8,unknown
S0,155,H1A2_1200:0156,True,18,continuous_F,True,49,8,0
S0,156,H1A2_1200:0157,True,57,continuous_F,True,49,8,unknown
S0,157,H1A2_1200:0158,True,18,continuous_F,True,49,8,5
S0,158,H1A2_1200:0159,True,30,continuous_F,True,49,8,unknown
S0,159,H1A2_1200:0160,True,63,continuous_F,True,49,8,unknown
S0,160,H1A2_1200:0161,True,33,continuous_F,True,49,8,0
S0,161,H1A2_1200:0162,True,54,continuous_F,True,49,8,unknown
S0,162,H1A2_1200:0163,True,18,continuous_F,True,49,8,1
S0,163,H1A2_1200:0164,True,36,continuous_F,True,49,8,1
S0,164,H1A2_1200:0165,True,15,continuous_F,True,49,8,0
S0,165,H1A2_1200:0166,True,51,continuous_F,True,49,8,unknown
S0,166,H1A2_1200:0167,True,18,continuous_F,True,49,8,4
S0,167,H1A2_1200:0168,True,27,continuous_F,True,49,8,7
S0,168,H1A2_1200:0169,True,24,continuous_F,True,49,8,7
S0,169,H1A2_1200:0170,True,54,continuous_F,True,49,8,unknown
S0,170,H1A2_1200:0171,True,54,continuous_F,True,49,8,unknown
S0,171,H1A2_1200:0172,True,26,continuous_F,True,49,8,1
S0,172,H1A2_1200:0173,True,18,continuous_F,True,49,8,3
S0,173,H1A2_1200:0174,True,30,continuous_F,True,49,8,unknown
S0,174,H1A2_1200:0175,True,29,continuous_F,True,49,8,2
S0,175,H1A2_1200:0176,True,66,continuous_F,True,49,8,unknown
S0,176,H1A2_1200:0177,True,189,continuous_F,True,49,8,unknown
S0,177,H1A2_1200:0178,True,36,continuous_F,True,49,8,5
S0,178,H1A2_1200:0179,True,47,continuous_F,True,49,8,unknown
S0,179,H1A2_1200:0181,True,178,continuous_F,True,49,8,3
S0,180,H1A2_1200:0182,True,18,continuous_F,True,49,8,1
S0,181,H1A2_1200:0183,True,57,continuous_F,True,49,8,unknown
S0,182,H1A2_1200:0184,True,36,continuous_F,True,49,8,unknown
S0,183,H1A2_1200:0185,True,39,continuous_F,True,49,8,1
S0,184,H1A2_1200:0186,True,36,continuous_F,True,49,8,7
S0,185,H1A2_1200:0187,True,24,continuous_F,True,49,8,unknown
S0,186,H1A2_1200:0188,True,171,continuous_F,True,49,8,5
S0,187,H1A2_1200:0189,True,30,continuous_F,True,49,8,unknown
S0,188,H1A2_1200:0190,True,36,continuous_F,True,49,8,unknown
S0,189,H1A2_1200:0191,True,36,continuous_F,True,49,8,3
S0,190,H1A2_1200:0192,True,42,continuous_F,True,49,8,7
S0,191,H1A2_1200:0193,True,21,continuous_F,True,49,8,2
S0,192,H1A2_1200:0194,True,76,continuous_F,True,49,8,unknown
S0,193,H1A2_1200:0196,True,69,continuous_F,True,49,8,6
S0,194,H1A2_1200:0197,True,66,continuous_F,True,49,8,unknown
S0,195,H1A2_1200:0198,True,84,continuous_F,True,49,8,unknown
S0,196,H1A2_1200:0199,True,21,continuous_F,True,49,8,1
S0,197,H1A2_1200:0200,True,18,continuous_F,True,49,8,2
S0,198,H1A2_1200:0201,True,78,continuous_F,True,49,8,unknown
S0,199,H1A2_1200:0202,True,30,continuous_F,True,49,8,2
S0,200,H1A2_1200:0203,True,134,continuous_F,True,49,8,unknown
S0,201,H1A2_1200:0204,True,66,continuous_F,True,49,8,unknown
S0,202,H1A2_1200:0205,True,24,continuous_F,True,49,8,0
S0,203,H1A2_1200:0206,True,27,continuous_F,True,49,8,7
S0,204,H1A2_1200:0207,True,176,continuous_F,True,49,8,unknown
S0,205,H1A2_1200:0208,True,18,continuous_F,True,49,8,4
S0,206,H1A2_1200:0209,True,36,continuous_F,True,49,8,3
S0,207,H1A2_1200:0210,True,30,continuous_F,True,49,8,4
S0,208,H1A2_1200:0211,True,18,continuous_F,True,49,8,unknown
S0,209,H1A2_1200:0212,True,50,continuous_F,True,49,8,2
S0,210,H1A2_1200:0213,True,18,continuous_F,True,49,8,4
S0,211,H1A2_1200:0214,True,36,continuous_F,True,49,8,5
S0,212,H1A2_1200:0215,True,48,continuous_F,True,49,8,unknown
S0,213,H1A2_1200:0216,True,145,continuous_F,True,49,8,unknown
S0,214,H1A2_1200:0217,True,18,continuous_F,True,49,8,7
S0,215,H1A2_1200:0218,True,30,continuous_F,True,49,8,unknown
S0,216,H1A2_1200:0219,True,54,continuous_F,True,49,8,unknown
S0,217,H1A2_1200:0220,True,42,continuous_F,True,49,8,unknown
S0,218,H1A2_1200:0221,True,36,continuous_F,True,49,8,unknown
S0,219,H1A2_1200:0222,True,42,continuous_F,True,49,8,0
S0,220,H1A2_1200:0223,True,18,continuous_F,True,49,8,1
S0,221,H1A2_1200:0224,True,151,continuous_F,True,49,8,unknown
S0,222,H1A2_1200:0225,True,18,continuous_F,True,49,8,5
S0,223,H1A2_1200:0226,True,48,continuous_F,True,49,8,4
S0,224,H1A2_1200:0227,True,18,continuous_F,True,49,8,5
S0,225,H1A2_1200:0228,True,18,continuous_F,True,49,8,2
S0,226,H1A2_1200:0229,True,36,continuous_F,True,49,8,3
S0,227,H1A2_1200:0230,True,134,continuous_F,True,49,8,unknown
S0,228,H1A2_1200:0231,True,18,continuous_F,True,49,8,2
S0,229,H1A2_1200:0232,True,30,continuous_F,True,49,8,unknown
S0,230,H1A2_1200:0233,True,42,continuous_F,True,49,8,1
S0,231,H1A2_1200:0234,True,35,continuous_F,True,49,8,5
S0,232,H1A2_1200:0235,True,45,continuous_F,True,49,8,unknown
S0,233,H1A2_1200:0236,True,51,continuous_F,True,49,8,unknown
S0,234,H1A2_1200:0237,True,24,continuous_F,True,49,8,4
S0,235,H1A2_1200:0238,True,15,continuous_F,True,49,8,2
S0,236,H1A2_1200:0239,True,109,continuous_F,True,49,8,6
S0,237,H1A2_1200:0240,True,36,continuous_F,True,49,8,6
S0,238,H1A2_1200:0241,True,45,continuous_F,True,49,8,unknown
S0,239,H1A2_1200:0242,True,24,continuous_F,True,49,8,7
S0,240,H1A2_1200:0243,True,36,continuous_F,True,49,8,6
S0,241,H1A2_1200:0244,True,48,continuous_F,True,49,8,unknown
S0,242,H1A2_1200:0245,True,104,continuous_F,True,49,8,unknown
S0,243,H1A2_1200:0246,True,54,continuous_F,True,49,8,unknown
S0,244,H1A2_1200:0247,True,33,continuous_F,True,49,8,1
S0,245,H1A2_1200:0248,True,48,continuous_F,True,49,8,unknown
S0,246,H1A2_1200:0249,True,129,continuous_F,True,49,8,7
S0,247,H1A2_1200:0250,True,42,continuous_F,True,49,8,unknown
S0,248,H1A2_1200:0251,True,30,continuous_F,True,49,8,6
S0,249,H1A2_1200:0252,True,159,continuous_F,True,49,8,unknown
S0,250,H1A2_1200:0253,True,39,continuous_F,True,49,8,unknown
S0,251,H1A2_1200:0254,True,18,continuous_F,True,49,8,2
S0,252,H1A2_1200:0255,True,21,continuous_F,True,49,8,unknown
S0,253,H1A2_1200:0256,True,36,continuous_F,True,49,8,unknown
S0,254,H1A2_1200:0257,True,39,continuous_F,True,49,8,unknown
S0,255,H1A2_1200:0258,True,98,continuous_F,True,49,8,unknown
S0,256,H1A2_1200:0260,True,18,continuous_F,True,49,8,7
S0,257,H1A2_1200:0261,True,36,continuous_F,True,49,8,6
S0,258,H1A2_1200:0262,True,36,continuous_F,True,49,8,unknown
S0,259,H1A2_1200:0263,True,104,continuous_F,True,49,8,unknown
S0,260,H1A2_1200:0264,True,65,continuous_F,True,49,8,unknown
S0,261,H1A2_1200:0265,True,57,continuous_F,True,49,8,unknown
S0,262,H1A2_1200:0266,True,18,continuous_F,True,49,8,3
S0,263,H1A2_1200:0267,True,30,continuous_F,True,49,8,unknown
S0,264,H1A2_1200:0268,True,24,continuous_F,True,49,8,1
S0,265,H1A2_1200:0269,True,30,continuous_F,True,49,8,unknown
S0,266,H1A2_1200:0270,True,42,continuous_F,True,49,8,1
S0,267,H1A2_1200:0271,True,65,continuous_F,True,49,8,unknown
S0,268,H1A2_1200:0272,True,42,continuous_F,True,49,8,6
S0,269,H1A2_1200:0273,True,98,continuous_F,True,49,8,unknown
S0,270,H1A2_1200:0274,True,36,continuous_F,True,49,8,3
S0,271,H1A2_1200:0275,True,54,continuous_F,True,49,8,unknown
S0,272,H1A2_1200:0276,True,30,continuous_F,True,49,8,2
S0,273,H1A2_1200:0277,True,18,continuous_F,True,49,8,1
S0,274,H1A2_1200:0278,True,169,continuous_F,True,49,8,unknown
S0,275,H1A2_1200:0279,True,60,continuous_F,True,49,8,6
S0,276,H1A2_1200:0280,True,27,continuous_F,True,49,8,7
S0,277,H1A2_1200:0281,True,60,continuous_F,True,49,8,unknown
S0,278,H1A2_1200:0282,True,155,continuous_F,True,49,8,unknown
S0,279,H1A2_1200:0283,True,36,continuous_F,True,49,8,1
S0,280,H1A2_1200:0284,True,18,continuous_F,True,49,8,3
S0,281,H1A2_1200:0285,True,45,continuous_F,True,49,8,unknown
S0,282,H1A2_1200:0286,True,42,continuous_F,True,49,8,0
S0,283,H1A2_1200:0287,True,24,continuous_F,True,49,8,2
S0,284,H1A2_1200:0288,True,21,continuous_F,True,49,8,2
S0,285,H1A2_1200:0289,True,42,continuous_F,True,49,8,unknown
S0,286,H1A2_1200:0290,True,18,continuous_F,True,49,8,3
S0,287,H1A2_1200:0291,True,66,continuous_F,True,49,8,unknown
S0,288,H1A2_1200:0292,True,36,continuous_F,True,49,8,7
S0,289,H1A2_1200:0293,True,32,continuous_F,True,49,8,7
S0,290,H1A2_1200:0294,True,21,continuous_F,True,49,8,0
S0,291,H1A2_1200:0295,True,18,continuous_F,True,49,8,3
S0,292,H1A2_1200:0296,True,45,continuous_F,True,49,8,unknown
S0,293,H1A2_1200:0297,True,48,continuous_F,True,49,8,unknown
S0,294,H1A2_1200:0298,True,15,continuous_F,True,49,8,5
S0,295,H1A2_1200:0299,True,18,continuous_F,True,49,8,7
S0,296,H1A2_1200:0300,True,42,continuous_F,True,49,8,1
S0,297,H1A2_1200:0301,True,48,continuous_F,True,49,8,unknown
S0,298,H1A2_1200:0302,True,42,continuous_F,True,49,8,unknown
S0,299,H1A2_1200:0303,True,39,continuous_F,True,49,8,5
S0,300,H1A2_1200:0304,True,48,continuous_F,True,49,8,1
S0,301,H1A2_1200:0305,True,18,continuous_F,True,49,8,5
S0,302,H1A2_1200:0306,True,45,continuous_F,True,49,8,unknown
S0,303,H1A2_1200:0307,True,63,continuous_F,True,49,8,3
S0,304,H1A2_1200:0308,True,177,continuous_F,True,49,8,5
S0,305,H1A2_1200:0309,True,18,continuous_F,True,49,8,unknown
S0,306,H1A2_1200:0310,True,54,continuous_F,True,49,8,unknown
S0,307,H1A2_1200:0311,True,60,continuous_F,True,49,8,unknown
S0,308,H1A2_1200:0312,True,50,continuous_F,True,49,8,4
S0,309,H1A2_1200:0313,True,76,continuous_F,True,49,8,unknown
S0,310,H1A2_1200:0314,True,90,continuous_F,True,49,8,unknown
S0,311,H1A2_1200:0315,True,27,continuous_F,True,49,8,5
S0,312,H1A2_1200:0316,True,33,continuous_F,True,49,8,unknown
S0,313,H1A2_1200:0317,True,54,continuous_F,True,49,8,6
S0,314,H1A2_1200:0318,True,48,continuous_F,True,49,8,4
S0,315,H1A2_1200:0319,True,66,continuous_F,True,49,8,unknown
S0,316,H1A2_1200:0320,True,18,continuous_F,True,49,8,3
S0,317,H1A2_1200:0321,True,45,continuous_F,True,49,8,unknown
S0,318,H1A2_1200:0322,True,156,continuous_F,True,49,8,unknown
S0,319,H1A2_1200:0324,True,21,continuous_F,True,49,8,1
S0,320,H1A2_1200:0325,True,30,continuous_F,True,49,8,2
S0,321,H1A2_1200:0326,True,18,continuous_F,True,49,8,7
S0,322,H1A2_1200:0327,True,42,continuous_F,True,49,8,unknown
S0,323,H1A2_1200:0328,True,21,continuous_F,True,49,8,7
S0,324,H1A2_1200:0329,True,66,continuous_F,True,49,8,6
S0,325,H1A2_1200:0330,True,42,continuous_F,True,49,8,1
S0,326,H1A2_1200:0331,True,21,continuous_F,True,49,8,unknown
S0,327,H1A2_1200:0332,True,30,continuous_F,True,49,8,unknown
S0,328,H1A2_1200:0333,True,39,continuous_F,True,49,8,unknown
S0,329,H1A2_1200:0334,True,24,continuous_F,True,49,8,5
S0,330,H1A2_1200:0335,True,30,continuous_F,True,49,8,7
S0,331,H1A2_1200:0336,True,30,continuous_F,True,49,8,4
S0,332,H1A2_1200:0337,True,60,continuous_F,True,49,8,unknown
S0,333,H1A2_1200:0338,True,21,continuous_F,True,49,8,3
S0,334,H1A2_1200:0339,True,48,continuous_F,True,49,8,0
S0,335,H1A2_1200:0340,True,30,continuous_F,True,49,8,unknown
S0,336,H1A2_1200:0341,True,18,continuous_F,True,49,8,0
S0,337,H1A2_1200:0342,True,60,continuous_F,True,49,8,unknown
S0,338,H1A2_1200:0343,True,18,continuous_F,True,49,8,5
S0,339,H1A2_1200:0344,True,54,continuous_F,True,49,8,unknown
S0,340,H1A2_1200:0345,True,30,continuous_F,True,49,8,unknown
S0,341,H1A2_1200:0346,True,66,continuous_F,True,49,8,7
S0,342,H1A2_1200:0347,True,18,continuous_F,True,49,8,0
S0,343,H1A2_1200:0348,True,99,continuous_F,True,49,8,unknown
S0,344,H1A2_1200:0349,True,54,continuous_F,True,49,8,unknown
S0,345,H1A2_1200:0350,True,39,continuous_F,True,49,8,unknown
S0,346,H1A2_1200:0351,True,26,continuous_F,True,49,8,5
S0,347,H1A2_1200:0352,True,24,continuous_F,True,49,8,unknown
S0,348,H1A2_1200:0353,True,30,continuous_F,True,49,8,3
S0,349,H1A2_1200:0354,True,48,continuous_F,True,49,8,unknown
S0,350,H1A2_1200:0355,True,30,continuous_F,True,49,8,3
S0,351,H1A2_1200:0356,True,36,continuous_F,True,49,8,unknown
S0,352,H1A2_1200:0357,True,24,continuous_F,True,49,8,0
S0,353,H1A2_1200:0358,True,36,continuous_F,True,49,8,4
S0,354,H1A2_1200:0359,True,18,continuous_F,True,49,8,2
S0,355,H1A2_1200:0360,True,42,continuous_F,True,49,8,unknown
S0,356,H1A2_1200:0361,True,21,continuous_F,True,49,8,4
S0,357,H1A2_1200:0362,True,60,continuous_F,True,49,8,6
S0,358,H1A2_1200:0363,True,30,continuous_F,True,49,8,unknown
S0,359,H1A2_1200:0364,True,30,continuous_F,True,49,8,7
S0,360,H1A2_1200:0365,True,54,continuous_F,True,49,8,unknown
S0,361,H1A2_1200:0366,True,18,continuous_F,True,49,8,0
S0,362,H1A2_1200:0367,True,48,continuous_F,True,49,8,unknown
S0,363,H1A2_1200:0368,True,36,continuous_F,True,49,8,unknown
S0,364,H1A2_1200:0369,True,24,continuous_F,True,49,8,6
S0,365,H1A2_1200:0370,True,24,continuous_F,True,49,8,6
S0,366,H1A2_1200:0371,True,29,continuous_F,True,49,8,0
S0,367,H1A2_1200:0372,True,30,continuous_F,True,49,8,7
S0,368,H1A2_1200:0373,True,39,continuous_F,True,49,8,unknown
S0,369,H1A2_1200:0374,True,42,continuous_F,True,49,8,7
S0,370,H1A2_1200:0375,True,30,continuous_F,True,49,8,3
S0,371,H1A2_1200:0376,True,42,continuous_F,True,49,8,7
S0,372,H1A2_1200:0377,True,18,continuous_F,True,49,8,4
S0,373,H1A2_1200:0378,True,42,continuous_F,True,49,8,unknown
S0,374,H1A2_1200:0379,True,42,continuous_F,True,49,8,unknown
S0,375,H1A2_1200:0380,True,18,continuous_F,True,49,8,3
S0,376,H1A2_1200:0381,True,42,continuous_F,True,49,8,unknown
S0,377,H1A2_1200:0382,True,30,continuous_F,True,49,8,6
S0,378,H1A2_1200:0383,True,12,continuous_F,True,49,8,6
S0,379,H1A2_1200:0384,True,36,continuous_F,True,49,8,unknown
S0,380,H1A2_1200:0385,True,104,continuous_F,True,49,8,unknown
S0,381,H1A2_1200:0386,True,30,continuous_F,True,49,8,unknown
S0,382,H1A2_1200:0387,True,27,continuous_F,True,49,8,4
S0,383,H1A2_1200:0388,True,42,continuous_F,True,49,8,2
S0,384,H1A2_1200:0389,True,18,continuous_F,True,49,8,5
S0,385,H1A2_1200:0390,True,45,continuous_F,True,49,8,unknown
S0,386,H1A2_1200:0391,True,189,continuous_F,True,49,8,unknown
S0,387,H1A2_1200:0392,True,33,continuous_F,True,49,8,unknown
S0,388,H1A2_1200:0393,True,137,continuous_F,True,49,8,unknown
S0,389,H1A2_1200:0395,True,30,continuous_F,True,49,8,2
S0,390,H1A2_1200:0396,True,199,continuous_F,True,49,8,unknown
S0,391,H1A2_1200:0397,True,36,continuous_F,True,49,8,0
S0,392,H1A2_1200:0398,True,63,continuous_F,True,49,8,unknown
S0,393,H1A2_1200:0399,True,18,continuous_F,True,49,8,3
S0,394,H1A2_1200:0400,True,21,continuous_F,True,49,8,7
S0,395,H1A2_1200:0401,True,30,continuous_F,True,49,8,unknown
S0,396,H1A2_1200:0402,True,194,continuous_F,True,49,8,7
S0,397,H1A2_1200:0403,True,18,continuous_F,True,49,8,1
S0,398,H1A2_1200:0404,True,33,continuous_F,True,49,8,1
S0,399,H1A2_1200:0405,True,48,continuous_F,True,49,8,unknown
S0,400,H1A2_1200:0406,True,191,continuous_F,True,49,8,unknown
S0,401,H1A2_1200:0407,True,115,continuous_F,True,49,8,unknown
S0,402,H1A2_1200:0408,True,54,continuous_F,True,49,8,0
S0,403,H1A2_1200:0409,True,69,continuous_F,True,49,8,unknown
S0,404,H1A2_1200:0410,True,128,continuous_F,True,49,8,unknown
S0,405,H1A2_1200:0411,True,18,continuous_F,True,49,8,unknown
S0,406,H1A2_1200:0412,True,39,continuous_F,True,49,8,3
S0,407,H1A2_1200:0413,True,208,continuous_F,True,49,8,unknown
S0,408,H1A2_1200:0414,True,48,continuous_F,True,49,8,unknown
S0,409,H1A2_1200:0415,True,30,continuous_F,True,49,8,3
S0,410,H1A2_1200:0416,True,42,continuous_F,True,49,8,0
S0,411,H1A2_1200:0417,True,36,continuous_F,True,49,8,unknown
S0,412,H1A2_1200:0418,True,27,continuous_F,True,49,8,unknown
S0,413,H1A2_1200:0420,True,42,continuous_F,True,49,8,unknown
S0,414,H1A2_1200:0421,True,24,continuous_F,True,49,8,unknown
S0,415,H1A2_1200:0422,True,42,continuous_F,True,49,8,unknown
S0,416,H1A2_1200:0423,True,42,continuous_F,True,49,8,3
S0,417,H1A2_1200:0424,True,18,continuous_F,True,49,8,3
S0,418,H1A2_1200:0425,True,18,continuous_F,True,49,8,4
S0,419,H1A2_1200:0426,True,42,continuous_F,True,49,8,unknown
S0,420,H1A2_1200:0427,True,48,continuous_F,True,49,8,unknown
S0,421,H1A2_1200:0428,True,57,continuous_F,True,49,8,5
S0,422,H1A2_1200:0429,True,51,continuous_F,True,49,8,unknown
S0,423,H1A2_1200:0430,True,60,continuous_F,True,49,8,unknown
S0,424,H1A2_1200:0431,True,24,continuous_F,True,49,8,5
S0,425,H1A2_1200:0432,True,36,continuous_F,True,49,8,0
S0,426,H1A2_1200:0433,True,36,continuous_F,True,49,8,unknown
S0,427,H1A2_1200:0434,True,57,continuous_F,True,49,8,unknown
S0,428,H1A2_1200:0435,True,66,continuous_F,True,49,8,unknown
S0,429,H1A2_1200:0436,True,24,continuous_F,True,49,8,5
S0,430,H1A2_1200:0437,True,107,continuous_F,True,49,8,unknown
S0,431,H1A2_1200:0438,True,68,continuous_F,True,49,8,unknown
S0,432,H1A2_1200:0439,True,33,continuous_F,True,49,8,unknown
S0,433,H1A2_1200:0440,True,60,continuous_F,True,49,8,unknown
S0,434,H1A2_1200:0441,True,48,continuous_F,True,49,8,unknown
S0,435,H1A2_1200:0442,True,54,continuous_F,True,49,8,0
S0,436,H1A2_1200:0443,True,21,continuous_F,True,49,8,5
S0,437,H1A2_1200:0444,True,12,continuous_F,True,49,8,1
S0,438,H1A2_1200:0445,True,18,continuous_F,True,49,8,1
S0,439,H1A2_1200:0446,True,42,continuous_F,True,49,8,unknown
S0,440,H1A2_1200:0447,True,33,continuous_F,True,49,8,6
S0,441,H1A2_1200:0448,True,48,continuous_F,True,49,8,3
S0,442,H1A2_1200:0449,True,42,continuous_F,True,49,8,unknown
S0,443,H1A2_1200:0450,True,18,continuous_F,True,49,8,6
S0,444,H1A2_1200:0451,True,48,continuous_F,True,49,8,unknown
S0,445,H1A2_1200:0452,True,42,continuous_F,True,49,8,7
S0,446,H1A2_1200:0453,True,38,continuous_F,True,49,8,unknown
S0,447,H1A2_1200:0454,True,54,continuous_F,True,49,8,unknown
S0,448,H1A2_1200:0455,True,48,continuous_F,True,49,8,unknown
S0,449,H1A2_1200:0456,True,94,continuous_F,True,49,8,unknown
S0,450,H1A2_1200:0457,True,39,continuous_F,True,49,8,7
S0,451,H1A2_1200:0458,True,66,continuous_F,True,49,8,0
S0,452,H1A2_1200:0459,True,15,continuous_F,True,49,8,1
S0,453,H1A2_1200:0460,True,66,continuous_F,True,49,8,unknown
S0,454,H1A2_1200:0461,True,33,continuous_F,True,49,8,1
S0,455,H1A2_1200:0462,True,24,continuous_F,True,49,8,1
S0,456,H1A2_1200:0463,True,60,continuous_F,True,49,8,unknown
S0,457,H1A2_1200:0465,True,21,continuous_F,True,49,8,unknown
S0,458,H1A2_1200:0466,True,133,continuous_F,True,49,8,4
S0,459,H1A2_1200:0467,True,24,continuous_F,True,49,8,unknown
S0,460,H1A2_1200:0468,True,42,continuous_F,True,49,8,unknown
S0,461,H1A2_1200:0469,True,18,continuous_F,True,49,8,0
S0,462,H1A2_1200:0470,True,42,continuous_F,True,49,8,6
S0,463,H1A2_1200:0471,True,33,continuous_F,True,49,8,6
S0,464,H1A2_1200:0472,True,18,continuous_F,True,49,8,1
S0,465,H1A2_1200:0473,True,30,continuous_F,True,49,8,unknown
S0,466,H1A2_1200:0474,True,42,continuous_F,True,49,8,unknown
S0,467,H1A2_1200:0475,True,18,continuous_F,True,49,8,1
S0,468,H1A2_1200:0476,True,21,continuous_F,True,49,8,5
S0,469,H1A2_1200:0477,True,94,continuous_F,True,49,8,unknown
S0,470,H1A2_1200:0478,True,53,continuous_F,True,49,8,unknown
S0,471,H1A2_1200:0479,True,30,continuous_F,True,49,8,unknown
S0,472,H1A2_1200:0480,True,179,continuous_F,True,49,8,unknown
S0,473,H1A2_1200:0481,True,36,continuous_F,True,49,8,1
S0,474,H1A2_1200:0482,True,36,continuous_F,True,49,8,7
S0,475,H1A2_1200:0483,True,66,continuous_F,True,49,8,1
S0,476,H1A2_1200:0484,True,36,continuous_F,True,49,8,unknown
S0,477,H1A2_1200:0485,True,38,continuous_F,True,49,8,unknown
S0,478,H1A2_1200:0486,True,24,continuous_F,True,49,8,3
S0,479,H1A2_1200:0487,True,36,continuous_F,True,49,8,3
S0,480,H1A2_1200:0488,True,24,continuous_F,True,49,8,unknown
S0,481,H1A2_1200:0489,True,54,continuous_F,True,49,8,unknown
S0,482,H1A2_1200:0490,True,54,continuous_F,True,49,8,unknown
S0,483,H1A2_1200:0491,True,51,continuous_F,True,49,8,unknown
S0,484,H1A2_1200:0492,True,33,continuous_F,True,49,8,2
S0,485,H1A2_1200:0493,True,42,continuous_F,True,49,8,7
S0,486,H1A2_1200:0494,True,66,continuous_F,True,49,8,unknown
S0,487,H1A2_1200:0495,True,45,continuous_F,True,49,8,unknown
S0,488,H1A2_1200:0496,True,71,continuous_F,True,49,8,unknown
S0,489,H1A2_1200:0497,True,36,continuous_F,True,49,8,unknown
S0,490,H1A2_1200:0498,True,84,continuous_F,True,49,8,unknown
S0,491,H1A2_1200:0499,True,12,continuous_F,True,49,8,unknown
S0,492,H1A2_1200:0500,True,18,continuous_F,True,49,8,4
S0,493,H1A2_1200:0501,True,42,continuous_F,True,49,8,unknown
S0,494,H1A2_1200:0502,True,36,continuous_F,True,49,8,2
S0,495,H1A2_1200:0503,True,152,continuous_F,True,49,8,unknown
S0,496,H1A2_1200:0504,True,48,continuous_F,True,49,8,unknown
S0,497,H1A2_1200:0505,True,63,continuous_F,True,49,8,7
S0,498,H1A2_1200:0506,True,18,continuous_F,True,49,8,0
S0,499,H1A2_1200:0507,True,24,continuous_F,True,49,8,unknown
S0,500,H1A2_1200:0508,True,30,continuous_F,True,49,8,unknown
S0,501,H1A2_1200:0509,True,48,continuous_F,True,49,8,1
S0,502,H1A2_1200:0510,True,51,continuous_F,True,49,8,unknown
S0,503,H1A2_1200:0511,True,104,continuous_F,True,49,8,unknown
S0,504,H1A2_1200:0512,True,24,continuous_F,True,49,8,unknown
S0,505,H1A2_1200:0513,True,54,continuous_F,True,49,8,unknown
S0,506,H1A2_1200:0514,True,135,continuous_F,True,49,8,unknown
S0,507,H1A2_1200:0515,True,48,continuous_F,True,49,8,unknown
S0,508,H1A2_1200:0516,True,42,continuous_F,True,49,8,unknown
S0,509,H1A2_1200:0517,True,66,continuous_F,True,49,8,unknown
S0,510,H1A2_1200:0518,True,42,continuous_F,True,49,8,unknown
S0,511,H1A2_1200:0519,True,42,continuous_F,True,49,8,unknown
S0,512,H1A2_1200:0520,True,39,continuous_F,True,49,8,unknown
S0,513,H1A2_1200:0521,True,24,continuous_F,True,49,8,6
S0,514,H1A2_1200:0522,True,18,continuous_F,True,49,8,1
S0,515,H1A2_1200:0523,True,176,continuous_F,True,49,8,unknown
S0,516,H1A2_1200:0524,True,30,continuous_F,True,49,8,unknown
S0,517,H1A2_1200:0525,True,48,continuous_F,True,49,8,7
S0,518,H1A2_1200:0526,True,54,continuous_F,True,49,8,unknown
S0,519,H1A2_1200:0527,True,33,continuous_F,True,49,8,5
S0,520,H1A2_1200:0528,True,48,continuous_F,True,49,8,unknown
S0,521,H1A2_1200:0529,True,42,continuous_F,True,49,8,5
S0,522,H1A2_1200:0530,True,63,continuous_F,True,49,8,unknown
S0,523,H1A2_1200:0531,True,21,continuous_F,True,49,8,unknown
S0,524,H1A2_1200:0532,True,57,continuous_F,True,49,8,unknown
S0,525,H1A2_1200:0533,True,48,continuous_F,True,49,8,2
S0,526,H1A2_1200:0534,True,36,continuous_F,True,49,8,unknown
S0,527,H1A2_1200:0535,True,73,continuous_F,True,49,8,unknown
S0,528,H1A2_1200:0536,True,21,continuous_F,True,49,8,6
S0,529,H1A2_1200:0537,True,194,continuous_F,True,49,8,unknown
S0,530,H1A2_1200:0538,True,36,continuous_F,True,49,8,7
S0,531,H1A2_1200:0539,True,24,continuous_F,True,49,8,unknown
S0,532,H1A2_1200:0540,True,18,continuous_F,True,49,8,5
S0,533,H1A2_1200:0541,True,24,continuous_F,True,49,8,0
S0,534,H1A2_1200:0542,True,30,continuous_F,True,49,8,0
S0,535,H1A2_1200:0543,True,54,continuous_F,True,49,8,unknown
S0,536,H1A2_1200:0544,True,60,continuous_F,True,49,8,3
S0,537,H1A2_1200:0545,True,155,continuous_F,True,49,8,unknown
S0,538,H1A2_1200:0546,True,60,continuous_F,True,49,8,1
S0,539,H1A2_1200:0547,True,54,continuous_F,True,49,8,unknown
S0,540,H1A2_1200:0548,True,18,continuous_F,True,49,8,0
S0,541,H1A2_1200:0549,True,42,continuous_F,True,49,8,unknown
S0,542,H1A2_1200:0550,True,63,continuous_F,True,49,8,unknown
S0,543,H1A2_1200:0551,True,45,continuous_F,True,49,8,7
S0,544,H1A2_1200:0552,True,30,continuous_F,True,49,8,4
S0,545,H1A2_1200:0553,True,24,continuous_F,True,49,8,7
S0,546,H1A2_1200:0554,True,18,continuous_F,True,49,8,5
S0,547,H1A2_1200:0555,True,18,continuous_F,True,49,8,6
S0,548,H1A2_1200:0556,True,21,continuous_F,True,49,8,1
S0,549,H1A2_1200:0557,True,42,continuous_F,True,49,8,3
S0,550,H1A2_1200:0558,True,36,continuous_F,True,49,8,unknown
S0,551,H1A2_1200:0559,True,66,continuous_F,True,49,8,unknown
S0,552,H1A2_1200:0560,True,57,continuous_F,True,49,8,unknown
S0,553,H1A2_1200:0561,True,60,continuous_F,True,49,8,unknown
S0,554,H1A2_1200:0562,True,36,continuous_F,True,49,8,5
S0,555,H1A2_1200:0563,True,18,continuous_F,True,49,8,unknown
S0,556,H1A2_1200:0564,True,109,continuous_F,True,49,8,unknown
S0,557,H1A2_1200:0565,True,54,continuous_F,True,49,8,7
S0,558,H1A2_1200:0566,True,33,continuous_F,True,49,8,7
S0,559,H1A2_1200:0567,True,96,continuous_F,True,49,8,unknown
S0,560,H1A2_1200:0568,True,30,continuous_F,True,49,8,6
S0,561,H1A2_1200:0569,True,105,continuous_F,True,49,8,unknown
S0,562,H1A2_1200:0570,True,36,continuous_F,True,49,8,unknown
S0,563,H1A2_1200:0571,True,42,continuous_F,True,49,8,5
S0,564,H1A2_1200:0572,True,30,continuous_F,True,49,8,unknown
S0,565,H1A2_1200:0573,True,48,continuous_F,True,49,8,unknown
S0,566,H1A2_1200:0574,True,21,continuous_F,True,49,8,1
S0,567,H1A2_1200:0575,True,54,continuous_F,True,49,8,1
S0,568,H1A2_1200:0576,True,36,continuous_F,True,49,8,3
S0,569,H1A2_1200:0577,True,24,continuous_F,True,49,8,unknown
S0,570,H1A2_1200:0578,True,27,continuous_F,True,49,8,unknown
S0,571,H1A2_1200:0579,True,18,continuous_F,True,49,8,3
S0,572,H1A2_1200:0580,True,30,continuous_F,True,49,8,unknown
S0,573,H1A2_1200:0581,True,33,continuous_F,True,49,8,3
S0,574,H1A2_1200:0582,True,54,continuous_F,True,49,8,2
S0,575,H1A2_1200:0583,True,42,continuous_F,True,49,8,4
S0,576,H1A2_1200:0584,True,66,continuous_F,True,49,8,unknown
S0,577,H1A2_1200:0585,True,42,continuous_F,True,49,8,unknown
S0,578,H1A2_1200:0586,True,51,continuous_F,True,49,8,unknown
S0,579,H1A2_1200:0587,True,164,continuous_F,True,49,8,unknown
S0,580,H1A2_1200:0588,True,18,continuous_F,True,49,8,4
S0,581,H1A2_1200:0589,True,24,continuous_F,True,49,8,7
S0,582,H1A2_1200:0590,True,48,continuous_F,True,49,8,unknown
S0,583,H1A2_1200:0591,True,66,continuous_F,True,49,8,unknown
S0,584,H1A2_1200:0592,True,51,continuous_F,True,49,8,unknown
S0,585,H1A2_1200:0593,True,48,continuous_F,True,49,8,7
S0,586,H1A2_1200:0594,True,48,continuous_F,True,49,8,unknown
S0,587,H1A2_1200:0595,True,30,continuous_F,True,49,8,0
S0,588,H1A2_1200:0596,True,42,continuous_F,True,49,8,unknown
S0,589,H1A2_1200:0597,True,24,continuous_F,True,49,8,2
S0,590,H1A2_1200:0598,True,30,continuous_F,True,49,8,3
S0,591,H1A2_1200:0599,True,36,continuous_F,True,49,8,5
S0,592,H1A2_1200:0600,True,84,continuous_F,True,49,8,4
S0,593,H1A2_1200:0601,True,48,continuous_F,True,49,8,unknown
S0,594,H1A2_1200:0602,True,18,continuous_F,True,49,8,4
S0,595,H1A2_1200:0603,True,24,continuous_F,True,49,8,4
S0,596,H1A2_1200:0604,True,36,continuous_F,True,49,8,2
S0,597,H1A2_1200:0605,True,45,continuous_F,True,49,8,unknown
S0,598,H1A2_1200:0606,True,24,continuous_F,True,49,8,4
S0,599,H1A2_1200:0607,True,33,continuous_F,True,49,8,1
S0,600,H1A2_1200:0608,True,42,continuous_F,True,49,8,unknown
S0,601,H1A2_1200:0609,True,54,continuous_F,True,49,8,unknown
S0,602,H1A2_1200:0610,True,18,continuous_F,True,49,8,0
S0,603,H1A2_1200:0611,True,66,continuous_F,True,49,8,0
S0,604,H1A2_1200:0612,True,36,continuous_F,True,49,8,unknown
S0,605,H1A2_1200:0613,True,36,continuous_F,True,49,8,unknown
S0,606,H1A2_1200:0614,True,42,continuous_F,True,49,8,5
S0,607,H1A2_1200:0615,True,12,continuous_F,True,49,8,0
S0,608,H1A2_1200:0616,True,24,continuous_F,True,49,8,3
S0,609,H1A2_1200:0617,True,42,continuous_F,True,49,8,unknown
S0,610,H1A2_1200:0618,True,48,continuous_F,True,49,8,unknown
S0,611,H1A2_1200:0619,True,21,continuous_F,True,49,8,1
S0,612,H1A2_1200:0620,True,54,continuous_F,True,49,8,1
S0,613,H1A2_1200:0621,True,24,continuous_F,True,49,8,unknown
S0,614,H1A2_1200:0622,True,48,continuous_F,True,49,8,7
S0,615,H1A2_1200:0623,True,60,continuous_F,True,49,8,unknown
S0,616,H1A2_1200:0624,True,33,continuous_F,True,49,8,1
S0,617,H1A2_1200:0625,True,42,continuous_F,True,49,8,unknown
S0,618,H1A2_1200:0626,True,72,continuous_F,True,49,8,3
S0,619,H1A2_1200:0627,True,24,continuous_F,True,49,8,unknown
S0,620,H1A2_1200:0628,True,24,continuous_F,True,49,8,6
S0,621,H1A2_1200:0629,True,172,continuous_F,True,49,8,unknown
S0,622,H1A2_1200:0630,True,48,continuous_F,True,49,8,unknown
S0,623,H1A2_1200:0631,True,18,continuous_F,True,49,8,0
S0,624,H1A2_1200:0632,True,36,continuous_F,True,49,8,2
S0,625,H1A2_1200:0633,True,45,continuous_F,True,49,8,unknown
S0,626,H1A2_1200:0634,True,178,continuous_F,True,49,8,1
S0,627,H1A2_1200:0635,True,24,continuous_F,True,49,8,0
S0,628,H1A2_1200:0636,True,54,continuous_F,True,49,8,0
S0,629,H1A2_1200:0638,True,66,continuous_F,True,49,8,0
S0,630,H1A2_1200:0639,True,36,continuous_F,True,49,8,unknown
S0,631,H1A2_1200:0640,True,30,continuous_F,True,49,8,unknown
S0,632,H1A2_1200:0641,True,27,continuous_F,True,49,8,unknown
S0,633,H1A2_1200:0642,True,48,continuous_F,True,49,8,unknown
S0,634,H1A2_1200:0643,True,12,continuous_F,True,49,8,6
S0,635,H1A2_1200:0644,True,54,continuous_F,True,49,8,unknown
S0,636,H1A2_1200:0645,True,24,continuous_F,True,49,8,4
S0,637,H1A2_1200:0646,True,18,continuous_F,True,49,8,6
S0,638,H1A2_1200:0647,True,30,continuous_F,True,49,8,unknown
S0,639,H1A2_1200:0648,True,42,continuous_F,True,49,8,unknown
S0,640,H1A2_1200:0649,True,18,continuous_F,True,49,8,1
S0,641,H1A2_1200:0650,True,30,continuous_F,True,49,8,5
S0,642,H1A2_1200:0651,True,182,continuous_F,True,49,8,unknown
S0,643,H1A2_1200:0652,True,30,continuous_F,True,49,8,1
S0,644,H1A2_1200:0653,True,60,continuous_F,True,49,8,unknown
S0,645,H1A2_1200:0654,True,186,continuous_F,True,49,8,unknown
S0,646,H1A2_1200:0655,True,30,continuous_F,True,49,8,7
S0,647,H1A2_1200:0656,True,27,continuous_F,True,49,8,unknown
S0,648,H1A2_1200:0657,True,66,continuous_F,True,49,8,unknown
S0,649,H1A2_1200:0658,True,60,continuous_F,True,49,8,unknown
S0,650,H1A2_1200:0659,True,18,continuous_F,True,49,8,5
S0,651,H1A2_1200:0660,True,195,continuous_F,True,49,8,unknown
S0,652,H1A2_1200:0661,True,36,continuous_F,True,49,8,unknown
S0,653,H1A2_1200:0662,True,98,continuous_F,True,49,8,1
S0,654,H1A2_1200:0663,True,54,continuous_F,True,49,8,3
S0,655,H1A2_1200:0664,True,48,continuous_F,True,49,8,unknown
S0,656,H1A2_1200:0665,True,21,continuous_F,True,49,8,5
S0,657,H1A2_1200:0666,True,42,continuous_F,True,49,8,unknown
S0,658,H1A2_1200:0667,True,42,continuous_F,True,49,8,5
S0,659,H1A2_1200:0668,True,33,continuous_F,True,49,8,unknown
S0,660,H1A2_1200:0669,True,42,continuous_F,True,49,8,unknown
S0,661,H1A2_1200:0670,True,36,continuous_F,True,49,8,unknown
S0,662,H1A2_1200:0671,True,66,continuous_F,True,49,8,unknown
S0,663,H1A2_1200:0672,True,18,continuous_F,True,49,8,5
S0,664,H1A2_1200:0673,True,54,continuous_F,True,49,8,unknown
S0,665,H1A2_1200:0674,True,48,continuous_F,True,49,8,unknown
S0,666,H1A2_1200:0675,True,30,continuous_F,True,49,8,unknown
S0,667,H1A2_1200:0676,True,24,continuous_F,True,49,8,2
S0,668,H1A2_1200:0677,True,60,continuous_F,True,49,8,unknown
S0,669,H1A2_1200:0678,True,48,continuous_F,True,49,8,unknown
S0,670,H1A2_1200:0679,True,36,continuous_F,True,49,8,0
S0,671,H1A2_1200:0680,True,18,continuous_F,True,49,8,unknown
S0,672,H1A2_1200:0681,True,45,continuous_F,True,49,8,2
S0,673,H1A2_1200:0682,True,36,continuous_F,True,49,8,unknown
S0,674,H1A2_1200:0683,True,15,continuous_F,True,49,8,2
S0,675,H1A2_1200:0684,True,42,continuous_F,True,49,8,unknown
S0,676,H1A2_1200:0685,True,54,continuous_F,True,49,8,unknown
S0,677,H1A2_1200:0686,True,48,continuous_F,True,49,8,unknown
S0,678,H1A2_1200:0687,True,42,continuous_F,True,49,8,unknown
S0,679,H1A2_1200:0688,True,18,continuous_F,True,49,8,3
S0,680,H1A2_1200:0689,True,48,continuous_F,True,49,8,unknown
S0,681,H1A2_1200:0690,True,18,continuous_F,True,49,8,4
S0,682,H1A2_1200:0691,True,33,continuous_F,True,49,8,3
S0,683,H1A2_1200:0692,True,42,continuous_F,True,49,8,unknown
S0,684,H1A2_1200:0693,True,60,continuous_F,True,49,8,unknown
S0,685,H1A2_1200:0694,True,54,continuous_F,True,49,8,unknown
S0,686,H1A2_1200:0695,True,24,continuous_F,True,49,8,4
S0,687,H1A2_1200:0696,True,36,continuous_F,True,49,8,unknown
S0,688,H1A2_1200:0697,True,18,continuous_F,True,49,8,4
S0,689,H1A2_1200:0698,True,48,continuous_F,True,49,8,4
S0,690,H1A2_1200:0699,True,66,continuous_F,True,49,8,unknown
S0,691,H1A2_1200:0700,True,24,continuous_F,True,49,8,unknown
S0,692,H1A2_1200:0701,True,166,continuous_F,True,49,8,1
S0,693,H1A2_1200:0702,True,12,continuous_F,True,49,8,1
S0,694,H1A2_1200:0703,True,27,continuous_F,True,49,8,unknown
S0,695,H1A2_1200:0704,True,63,continuous_F,True,49,8,unknown
S0,696,H1A2_1200:0705,True,18,continuous_F,True,49,8,5
S0,697,H1A2_1200:0706,True,36,continuous_F,True,49,8,unknown
S0,698,H1A2_1200:0707,True,33,continuous_F,True,49,8,5
S0,699,H1A2_1200:0708,True,48,continuous_F,True,49,8,5
S0,700,H1A2_1200:0709,True,51,continuous_F,True,49,8,unknown
S0,701,H1A2_1200:0710,True,33,continuous_F,True,49,8,unknown
S0,702,H1A2_1200:0711,True,42,continuous_F,True,49,8,unknown
S0,703,H1A2_1200:0712,True,33,continuous_F,True,49,8,unknown
S0,704,H1A2_1200:0713,True,21,continuous_F,True,49,8,5
S0,705,H1A2_1200:0714,True,21,continuous_F,True,49,8,4
S0,706,H1A2_1200:0715,True,42,continuous_F,True,49,8,1
S0,707,H1A2_1200:0716,True,104,continuous_F,True,49,8,unknown
S0,708,H1A2_1200:0717,True,36,continuous_F,True,49,8,3
S0,709,H1A2_1200:0718,True,21,continuous_F,True,49,8,0
S0,710,H1A2_1200:0719,True,32,continuous_F,True,49,8,0
S0,711,H1A2_1200:0720,True,90,continuous_F,True,49,8,unknown
S0,712,H1A2_1200:0721,True,186,continuous_F,True,49,8,unknown
S0,713,H1A2_1200:0722,True,172,continuous_F,True,49,8,unknown
S0,714,H1A2_1200:0723,True,24,continuous_F,True,49,8,unknown
S0,715,H1A2_1200:0724,True,27,continuous_F,True,49,8,unknown
S0,716,H1A2_1200:0725,True,24,continuous_F,True,49,8,4
S0,717,H1A2_1200:0726,True,42,continuous_F,True,49,8,7
S0,718,H1A2_1200:0727,True,36,continuous_F,True,49,8,unknown
S0,719,H1A2_1200:0728,True,18,continuous_F,True,49,8,6
S0,720,H1A2_1200:0729,True,30,continuous_F,True,49,8,unknown
S0,721,H1A2_1200:0730,True,91,continuous_F,True,49,8,unknown
S0,722,H1A2_1200:0731,True,42,continuous_F,True,49,8,4
S0,723,H1A2_1200:0733,True,30,continuous_F,True,49,8,3
S0,724,H1A2_1200:0734,True,85,continuous_F,True,49,8,unknown
S0,725,H1A2_1200:0735,True,60,continuous_F,True,49,8,unknown
S0,726,H1A2_1200:0736,True,18,continuous_F,True,49,8,7
S0,727,H1A2_1200:0737,True,42,continuous_F,True,49,8,unknown
S0,728,H1A2_1200:0738,True,30,continuous_F,True,49,8,0
S0,729,H1A2_1200:0739,True,54,continuous_F,True,49,8,unknown
S0,730,H1A2_1200:0740,True,54,continuous_F,True,49,8,unknown
S0,731,H1A2_1200:0741,True,169,continuous_F,True,49,8,unknown
S0,732,H1A2_1200:0742,True,21,continuous_F,True,49,8,6
S0,733,H1A2_1200:0743,True,48,continuous_F,True,49,8,unknown
S0,734,H1A2_1200:0744,True,18,continuous_F,True,49,8,7
S0,735,H1A2_1200:0745,True,24,continuous_F,True,49,8,7
S0,736,H1A2_1200:0746,True,116,continuous_F,True,49,8,4
S0,737,H1A2_1200:0747,True,42,continuous_F,True,49,8,3
S0,738,H1A2_1200:0748,True,36,continuous_F,True,49,8,7
S0,739,H1A2_1200:0749,True,90,continuous_F,True,49,8,5
S0,740,H1A2_1200:0750,True,30,continuous_F,True,49,8,0
S0,741,H1A2_1200:0751,True,24,continuous_F,True,49,8,1
S0,742,H1A2_1200:0752,True,90,continuous_F,True,49,8,unknown
S0,743,H1A2_1200:0753,True,41,continuous_F,True,49,8,unknown
S0,744,H1A2_1200:0754,True,54,continuous_F,True,49,8,5
S0,745,H1A2_1200:0755,True,60,continuous_F,True,49,8,unknown
S0,746,H1A2_1200:0756,True,42,continuous_F,True,49,8,6
S0,747,H1A2_1200:0757,True,18,continuous_F,True,49,8,1
S0,748,H1A2_1200:0758,True,36,continuous_F,True,49,8,unknown
S0,749,H1A2_1200:0759,True,36,continuous_F,True,49,8,unknown
S0,750,H1A2_1200:0760,True,42,continuous_F,True,49,8,5
S0,751,H1A2_1200:0761,True,18,continuous_F,True,49,8,0
S0,752,H1A2_1200:0762,True,69,continuous_F,True,49,8,5
S0,753,H1A2_1200:0763,True,36,continuous_F,True,49,8,unknown
S0,754,H1A2_1200:0764,True,66,continuous_F,True,49,8,5
S0,755,H1A2_1200:0765,True,36,continuous_F,True,49,8,unknown
S0,756,H1A2_1200:0766,True,195,continuous_F,True,49,8,unknown
S0,757,H1A2_1200:0767,True,36,continuous_F,True,49,8,0
S0,758,H1A2_1200:0768,True,24,continuous_F,True,49,8,6
S0,759,H1A2_1200:0769,True,32,continuous_F,True,49,8,unknown
S0,760,H1A2_1200:0770,True,18,continuous_F,True,49,8,4
S0,761,H1A2_1200:0771,True,42,continuous_F,True,49,8,7
S0,762,H1A2_1200:0772,True,129,continuous_F,True,49,8,5
S0,763,H1A2_1200:0773,True,21,continuous_F,True,49,8,2
S0,764,H1A2_1200:0774,True,174,continuous_F,True,49,8,unknown
S0,765,H1A2_1200:0775,True,178,continuous_F,True,49,8,unknown
S0,766,H1A2_1200:0776,True,36,continuous_F,True,49,8,7
S0,767,H1A2_1200:0777,True,66,continuous_F,True,49,8,unknown
S0,768,H1A2_1200:0778,True,30,continuous_F,True,49,8,6
S0,769,H1A2_1200:0779,True,24,continuous_F,True,49,8,2
S0,770,H1A2_1200:0780,True,30,continuous_F,True,49,8,5
S0,771,H1A2_1200:0781,True,116,continuous_F,True,49,8,unknown
S0,772,H1A2_1200:0782,True,66,continuous_F,True,49,8,unknown
S0,773,H1A2_1200:0783,True,30,continuous_F,True,49,8,unknown
S0,774,H1A2_1200:0784,True,33,continuous_F,True,49,8,unknown
S0,775,H1A2_1200:0785,True,26,continuous_F,True,49,8,5
S0,776,H1A2_1200:0786,True,21,continuous_F,True,49,8,0
S0,777,H1A2_1200:0787,True,51,continuous_F,True,49,8,7
S0,778,H1A2_1200:0788,True,95,continuous_F,True,49,8,2
S0,779,H1A2_1200:0789,True,189,continuous_F,True,49,8,unknown
S0,780,H1A2_1200:0790,True,48,continuous_F,True,49,8,unknown
S0,781,H1A2_1200:0791,True,44,continuous_F,True,49,8,unknown
S0,782,H1A2_1200:0792,True,18,continuous_F,True,49,8,7
S0,783,H1A2_1200:0793,True,70,continuous_F,True,49,8,unknown
S0,784,H1A2_1200:0794,True,45,continuous_F,True,49,8,unknown
S0,785,H1A2_1200:0795,True,42,continuous_F,True,49,8,unknown
S0,786,H1A2_1200:0796,True,42,continuous_F,True,49,8,unknown
S0,787,H1A2_1200:0797,True,30,continuous_F,True,49,8,6
S0,788,H1A2_1200:0798,True,36,continuous_F,True,49,8,unknown
S0,789,H1A2_1200:0799,True,38,continuous_F,True,49,8,4
S0,790,H1A2_1200:0800,True,27,continuous_F,True,49,8,6
S0,791,H1A2_1200:0801,True,48,continuous_F,True,49,8,unknown
S0,792,H1A2_1200:0802,True,21,continuous_F,True,49,8,6
S0,793,H1A2_1200:0803,True,36,continuous_F,True,49,8,0
S0,794,H1A2_1200:0804,True,18,continuous_F,True,49,8,3
S0,795,H1A2_1200:0805,True,48,continuous_F,True,49,8,5
S0,796,H1A2_1200:0806,True,60,continuous_F,True,49,8,unknown
S0,797,H1A2_1200:0807,True,33,continuous_F,True,49,8,unknown
S0,798,H1A2_1200:0808,True,142,continuous_F,True,49,8,unknown
S0,799,H1A2_1200:0809,True,18,continuous_F,True,49,8,6
S0,800,H1A2_1200:0810,True,18,continuous_F,True,49,8,0
S0,801,H1A2_1200:0811,True,39,continuous_F,True,49,8,6
S0,802,H1A2_1200:0812,True,33,continuous_F,True,49,8,3
S0,803,H1A2_1200:0813,True,42,continuous_F,True,49,8,unknown
S0,804,H1A2_1200:0814,True,18,continuous_F,True,49,8,3
S0,805,H1A2_1200:0815,True,48,continuous_F,True,49,8,unknown
S0,806,H1A2_1200:0816,True,36,continuous_F,True,49,8,unknown
S0,807,H1A2_1200:0817,True,104,continuous_F,True,49,8,unknown
S0,808,H1A2_1200:0818,True,36,continuous_F,True,49,8,6
S0,809,H1A2_1200:0819,True,42,continuous_F,True,49,8,unknown
S0,810,H1A2_1200:0820,True,48,continuous_F,True,49,8,6
S0,811,H1A2_1200:0821,True,30,continuous_F,True,49,8,1
S0,812,H1A2_1200:0822,True,161,continuous_F,True,49,8,unknown
S0,813,H1A2_1200:0823,True,68,continuous_F,True,49,8,1
S0,814,H1A2_1200:0824,True,21,continuous_F,True,49,8,1
S0,815,H1A2_1200:0825,True,24,continuous_F,True,49,8,0
S0,816,H1A2_1200:0827,True,66,continuous_F,True,49,8,unknown
S0,817,H1A2_1200:0828,True,21,continuous_F,True,49,8,unknown
S0,818,H1A2_1200:0829,True,42,continuous_F,True,49,8,1
S0,819,H1A2_1200:0830,True,69,continuous_F,True,49,8,unknown
S0,820,H1A2_1200:0831,True,24,continuous_F,True,49,8,7
S0,821,H1A2_1200:0832,False,161,G,False,0,0,unknown
S0,822,H1A2_1200:0833,True,18,continuous_F,True,49,8,3
S0,823,H1A2_1200:0834,True,159,continuous_F,True,49,8,unknown
S0,824,H1A2_1200:0835,True,24,continuous_F,True,49,8,unknown
S0,825,H1A2_1200:0836,True,48,continuous_F,True,49,8,unknown
S0,826,H1A2_1200:0837,True,44,continuous_F,True,49,8,unknown
S0,827,H1A2_1200:0838,True,54,continuous_F,True,49,8,unknown
S0,828,H1A2_1200:0839,True,21,continuous_F,True,49,8,5
S0,829,H1A2_1200:0840,True,18,continuous_F,True,49,8,5
S0,830,H1A2_1200:0841,True,45,continuous_F,True,49,8,unknown
S0,831,H1A2_1200:0842,True,54,continuous_F,True,49,8,unknown
S0,832,H1A2_1200:0843,True,24,continuous_F,True,49,8,unknown
S0,833,H1A2_1200:0844,True,42,continuous_F,True,49,8,4
S0,834,H1A2_1200:0845,True,101,continuous_F,True,49,8,unknown
S0,835,H1A2_1200:0846,True,21,continuous_F,True,49,8,2
S0,836,H1A2_1200:0847,True,36,continuous_F,True,49,8,3
S0,837,H1A2_1200:0848,True,39,continuous_F,True,49,8,unknown
S0,838,H1A2_1200:0849,True,24,continuous_F,True,49,8,0
S0,839,H1A2_1200:0850,True,57,continuous_F,True,49,8,unknown
S0,840,H1A2_1200:0851,True,24,continuous_F,True,49,8,unknown
S0,841,H1A2_1200:0852,True,188,continuous_F,True,49,8,unknown
S0,842,H1A2_1200:0853,True,54,continuous_F,True,49,8,1
S0,843,H1A2_1200:0854,True,102,continuous_F,True,49,8,unknown
S0,844,H1A2_1200:0855,True,36,continuous_F,True,49,8,4
S0,845,H1A2_1200:0856,True,42,continuous_F,True,49,8,3
S0,846,H1A2_1200:0857,True,54,continuous_F,True,49,8,unknown
S0,847,H1A2_1200:0858,True,48,continuous_F,True,49,8,unknown
S0,848,H1A2_1200:0859,True,39,continuous_F,True,49,8,3
S0,849,H1A2_1200:0860,True,39,continuous_F,True,49,8,unknown
S0,850,H1A2_1200:0861,True,174,continuous_F,True,49,8,unknown
S0,851,H1A2_1200:0862,True,30,continuous_F,True,49,8,3
S0,852,H1A2_1200:0863,True,18,continuous_F,True,49,8,1
S0,853,H1A2_1200:0864,True,21,continuous_F,True,49,8,unknown
S0,854,H1A2_1200:0865,True,21,continuous_F,True,49,8,5
S0,855,H1A2_1200:0866,True,39,continuous_F,True,49,8,6
S0,856,H1A2_1200:0867,True,187,continuous_F,True,49,8,unknown
S0,857,H1A2_1200:0868,True,54,continuous_F,True,49,8,unknown
S0,858,H1A2_1200:0869,True,42,continuous_F,True,49,8,3
S0,859,H1A2_1200:0870,True,24,continuous_F,True,49,8,2
S0,860,H1A2_1200:0871,True,42,continuous_F,True,49,8,6
S0,861,H1A2_1200:0872,True,36,continuous_F,True,49,8,0
S0,862,H1A2_1200:0873,True,66,continuous_F,True,49,8,unknown
S0,863,H1A2_1200:0874,True,57,continuous_F,True,49,8,unknown
S0,864,H1A2_1200:0875,True,138,continuous_F,True,49,8,unknown
S0,865,H1A2_1200:0876,True,36,continuous_F,True,49,8,unknown
S0,866,H1A2_1200:0877,True,24,continuous_F,True,49,8,unknown
S0,867,H1A2_1200:0878,True,24,continuous_F,True,49,8,unknown
S0,868,H1A2_1200:0879,True,27,continuous_F,True,49,8,5
S0,869,H1A2_1200:0880,True,21,continuous_F,True,49,8,6
S0,870,H1A2_1200:0881,True,54,continuous_F,True,49,8,unknown
S0,871,H1A2_1200:0882,True,12,continuous_F,True,49,8,0
S0,872,H1A2_1200:0883,True,120,continuous_F,True,49,8,unknown
S0,873,H1A2_1200:0884,True,24,continuous_F,True,49,8,unknown
S0,874,H1A2_1200:0885,True,39,continuous_F,True,49,8,unknown
S0,875,H1A2_1200:0886,True,21,continuous_F,True,49,8,unknown
S0,876,H1A2_1200:0887,True,24,continuous_F,True,49,8,2
S0,877,H1A2_1200:0888,True,176,continuous_F,True,49,8,unknown
S0,878,H1A2_1200:0889,True,54,continuous_F,True,49,8,0
S0,879,H1A2_1200:0890,True,42,continuous_F,True,49,8,unknown
S0,880,H1A2_1200:0891,True,18,continuous_F,True,49,8,4
S0,881,H1A2_1200:0892,True,107,continuous_F,True,49,8,unknown
S0,882,H1A2_1200:0893,True,122,continuous_F,True,49,8,unknown
S0,883,H1A2_1200:0894,True,18,continuous_F,True,49,8,0
S0,884,H1A2_1200:0895,True,33,continuous_F,True,49,8,unknown
S0,885,H1A2_1200:0896,True,42,continuous_F,True,49,8,3
S0,886,H1A2_1200:0897,True,36,continuous_F,True,49,8,unknown
S0,887,H1A2_1200:0898,True,48,continuous_F,True,49,8,unknown
S0,888,H1A2_1200:0899,True,30,continuous_F,True,49,8,unknown
S0,889,H1A2_1200:0900,True,30,continuous_F,True,49,8,1
S0,890,H1A2_1200:0901,True,42,continuous_F,True,49,8,unknown
S0,891,H1A2_1200:0902,True,143,continuous_F,True,49,8,unknown
S0,892,H1A2_1200:0903,True,48,continuous_F,True,49,8,unknown
S0,893,H1A2_1200:0904,True,27,continuous_F,True,49,8,6
S0,894,H1A2_1200:0905,True,48,continuous_F,True,49,8,6
S0,895,H1A2_1200:0906,True,32,continuous_F,True,49,8,unknown
S0,896,H1A2_1200:0907,True,48,continuous_F,True,49,8,3
S0,897,H1A2_1200:0908,True,24,continuous_F,True,49,8,7
S0,898,H1A2_1200:0909,True,66,continuous_F,True,49,8,unknown
S0,899,H1A2_1200:0910,True,24,continuous_F,True,49,8,0
S0,900,H1A2_1200:0911,True,18,continuous_F,True,49,8,7
S0,901,H1A2_1200:0912,True,162,continuous_F,True,49,8,unknown
S0,902,H1A2_1200:0913,True,168,continuous_F,True,49,8,unknown
S0,903,H1A2_1200:0914,True,12,continuous_F,True,49,8,2
S0,904,H1A2_1200:0915,True,18,continuous_F,True,49,8,1
S0,905,H1A2_1200:0916,True,15,continuous_F,True,49,8,4
S0,906,H1A2_1200:0917,True,18,continuous_F,True,49,8,1
S0,907,H1A2_1200:0919,True,66,continuous_F,True,49,8,unknown
S0,908,H1A2_1200:0920,True,45,continuous_F,True,49,8,unknown
S0,909,H1A2_1200:0921,True,64,continuous_F,True,49,8,unknown
S0,910,H1A2_1200:0922,True,51,continuous_F,True,49,8,unknown
S0,911,H1A2_1200:0923,True,33,continuous_F,True,49,8,4
S0,912,H1A2_1200:0924,True,24,continuous_F,True,49,8,unknown
S0,913,H1A2_1200:0925,True,162,continuous_F,True,49,8,unknown
S0,914,H1A2_1200:0926,True,80,continuous_F,True,49,8,5
S0,915,H1A2_1200:0927,True,45,continuous_F,True,49,8,unknown
S0,916,H1A2_1200:0928,True,50,continuous_F,True,49,8,unknown
S0,917,H1A2_1200:0929,True,30,continuous_F,True,49,8,unknown
S0,918,H1A2_1200:0930,True,42,continuous_F,True,49,8,unknown
S0,919,H1A2_1200:0931,True,18,continuous_F,True,49,8,1
S0,920,H1A2_1200:0932,True,69,continuous_F,True,49,8,unknown
S0,921,H1A2_1200:0933,True,42,continuous_F,True,49,8,5
S0,922,H1A2_1200:0934,True,36,continuous_F,True,49,8,unknown
S0,923,H1A2_1200:0935,True,24,continuous_F,True,49,8,unknown
S0,924,H1A2_1200:0936,True,54,continuous_F,True,49,8,unknown
S0,925,H1A2_1200:0937,True,18,continuous_F,True,49,8,1
S0,926,H1A2_1200:0938,True,48,continuous_F,True,49,8,unknown
S0,927,H1A2_1200:0939,True,48,continuous_F,True,49,8,unknown
S0,928,H1A2_1200:0940,True,33,continuous_F,True,49,8,2
S0,929,H1A2_1200:0941,True,24,continuous_F,True,49,8,unknown
S0,930,H1A2_1200:0942,True,54,continuous_F,True,49,8,unknown
S0,931,H1A2_1200:0943,True,48,continuous_F,True,49,8,unknown
S0,932,H1A2_1200:0944,True,54,continuous_F,True,49,8,unknown
S0,933,H1A2_1200:0945,True,152,continuous_F,True,49,8,0
S0,934,H1A2_1200:0946,True,45,continuous_F,True,49,8,unknown
S0,935,H1A2_1200:0947,True,60,continuous_F,True,49,8,6
S0,936,H1A2_1200:0948,True,42,continuous_F,True,49,8,unknown
S0,937,H1A2_1200:0949,True,189,continuous_F,True,49,8,unknown
S0,938,H1A2_1200:0950,True,36,continuous_F,True,49,8,unknown
S0,939,H1A2_1200:0951,True,15,continuous_F,True,49,8,4
S0,940,H1A2_1200:0952,True,18,continuous_F,True,49,8,7
S0,941,H1A2_1200:0953,True,66,continuous_F,True,49,8,0
S0,942,H1A2_1200:0954,True,24,continuous_F,True,49,8,1
S0,943,H1A2_1200:0955,True,30,continuous_F,True,49,8,1
S0,944,H1A2_1200:0956,True,18,continuous_F,True,49,8,6
S0,945,H1A2_1200:0957,True,30,continuous_F,True,49,8,3
S0,946,H1A2_1200:0958,True,42,continuous_F,True,49,8,unknown
S0,947,H1A2_1200:0959,True,36,continuous_F,True,49,8,3
S0,948,H1A2_1200:0960,True,48,continuous_F,True,49,8,4
S0,949,H1A2_1200:0961,True,24,continuous_F,True,49,8,2
S0,950,H1A2_1200:0962,True,36,continuous_F,True,49,8,unknown
S0,951,H1A2_1200:0963,True,30,continuous_F,True,49,8,4
S0,952,H1A2_1200:0964,True,42,continuous_F,True,49,8,unknown
S0,953,H1A2_1200:0965,True,42,continuous_F,True,49,8,unknown
S0,954,H1A2_1200:0966,True,157,continuous_F,True,49,8,3
S0,955,H1A2_1200:0967,True,18,continuous_F,True,49,8,7
S0,956,H1A2_1200:0968,True,42,continuous_F,True,49,8,unknown
S0,957,H1A2_1200:0969,True,36,continuous_F,True,49,8,unknown
S0,958,H1A2_1200:0970,True,48,continuous_F,True,49,8,4
S0,959,H1A2_1200:0971,True,196,continuous_F,True,49,8,unknown
S0,960,H1A2_1200:0972,True,36,continuous_F,True,49,8,unknown
S0,961,H1A2_1200:0973,True,168,G_after_invalid_F_geometry,True,33,8,unknown
S0,962,H1A2_1200:0974,True,18,continuous_F,True,49,8,7
S0,963,H1A2_1200:0975,True,12,continuous_F,True,49,8,7
S0,964,H1A2_1200:0976,True,36,continuous_F,True,49,8,unknown
S0,965,H1A2_1200:0977,True,39,continuous_F,True,49,8,unknown
S0,966,H1A2_1200:0978,True,18,continuous_F,True,49,8,6
S0,967,H1A2_1200:0979,True,168,continuous_F,True,49,8,unknown
S0,968,H1A2_1200:0980,True,39,continuous_F,True,49,8,unknown
S0,969,H1A2_1200:0981,True,45,continuous_F,True,49,8,unknown
S0,970,H1A2_1200:0982,True,18,continuous_F,True,49,8,4
S0,971,H1A2_1200:0983,True,24,continuous_F,True,49,8,unknown
S0,972,H1A2_1200:0984,True,154,continuous_F,True,49,8,unknown
S0,973,H1A2_1200:0985,True,42,continuous_F,True,49,8,unknown
S0,974,H1A2_1200:0986,True,114,continuous_F,True,49,8,unknown
S0,975,H1A2_1200:0987,True,45,continuous_F,True,49,8,6
S0,976,H1A2_1200:0988,True,36,continuous_F,True,49,8,unknown
S0,977,H1A2_1200:0989,True,54,continuous_F,True,49,8,unknown
S0,978,H1A2_1200:0990,True,157,continuous_F,True,49,8,unknown
S0,979,H1A2_1200:0991,True,104,continuous_F,True,49,8,unknown
S0,980,H1A2_1200:0992,True,18,continuous_F,True,49,8,3
S0,981,H1A2_1200:0993,True,18,continuous_F,True,49,8,5
S0,982,H1A2_1200:0994,True,27,continuous_F,True,49,8,7
S0,983,H1A2_1200:0995,True,108,continuous_F,True,49,8,unknown
S0,984,H1A2_1200:0996,True,60,continuous_F,True,49,8,unknown
S0,985,H1A2_1200:0997,True,172,continuous_F,True,49,8,unknown
S0,986,H1A2_1200:0998,True,54,continuous_F,True,49,8,unknown
S0,987,H1A2_1200:0999,True,39,continuous_F,True,49,8,7
S0,988,H1A2_1200:1000,True,66,continuous_F,True,49,8,unknown
S0,989,H1A2_1200:1001,True,36,continuous_F,True,49,8,unknown
S0,990,H1A2_1200:1002,True,42,continuous_F,True,49,8,unknown
S0,991,H1A2_1200:1003,True,27,continuous_F,True,49,8,4
S0,992,H1A2_1200:1004,True,21,continuous_F,True,49,8,unknown
S0,993,H1A2_1200:1005,True,54,continuous_F,True,49,8,unknown
S0,994,H1A2_1200:1006,True,18,continuous_F,True,49,8,5
S0,995,H1A2_1200:1007,True,36,continuous_F,True,49,8,6
S0,996,H1A2_1200:1008,True,48,continuous_F,True,49,8,unknown
S0,997,H1A2_1200:1009,True,12,continuous_F,True,49,8,2
S0,998,H1A2_1200:1010,True,95,continuous_F,True,49,8,unknown
S0,999,H1A2_1200:1011,True,149,continuous_F,True,49,8,unknown
S0,1000,H1A2_1200:1012,True,42,continuous_F,True,49,8,unknown
S0,1001,H1A2_1200:1013,True,148,continuous_F,True,49,8,unknown
S0,1002,H1A2_1200:1014,True,33,continuous_F,True,49,8,unknown
S0,1003,H1A2_1200:1015,True,48,continuous_F,True,49,8,unknown
S0,1004,H1A2_1200:1016,True,60,continuous_F,True,49,8,4
S0,1005,H1A2_1200:1017,True,24,continuous_F,True,49,8,0
S0,1006,H1A2_1200:1018,True,165,continuous_F,True,49,8,4
S0,1007,H1A2_1200:1019,True,36,continuous_F,True,49,8,unknown
S0,1008,H1A2_1200:1020,True,24,continuous_F,True,49,8,unknown
S0,1009,H1A2_1200:1021,True,33,continuous_F,True,49,8,1
S0,1010,H1A2_1200:1022,True,60,continuous_F,True,49,8,6
S0,1011,H1A2_1200:1023,True,42,continuous_F,True,49,8,unknown
S0,1012,H1A2_1200:1024,True,27,continuous_F,True,49,8,0
S0,1013,H1A2_1200:1025,True,36,continuous_F,True,49,8,unknown
S0,1014,H1A2_1200:1026,True,48,continuous_F,True,49,8,unknown
S0,1015,H1A2_1200:1027,True,26,continuous_F,True,49,8,4
S0,1016,H1A2_1200:1028,True,174,continuous_F,True,49,8,unknown
S0,1017,H1A2_1200:1029,True,36,continuous_F,True,49,8,unknown
S0,1018,H1A2_1200:1030,True,24,continuous_F,True,49,8,7
S0,1019,H1A2_1200:1031,True,54,continuous_F,True,49,8,unknown
S0,1020,H1A2_1200:1032,True,18,continuous_F,True,49,8,3
S0,1021,H1A2_1200:1033,True,42,continuous_F,True,49,8,unknown
S0,1022,H1A2_1200:1034,True,170,continuous_F,True,49,8,6
S0,1023,H1A2_1200:1035,True,48,continuous_F,True,49,8,unknown
S0,1024,H1A2_1200:1036,True,48,continuous_F,True,49,8,unknown
S0,1025,H1A2_1200:1037,True,36,continuous_F,True,49,8,unknown
S0,1026,H1A2_1200:1038,True,24,continuous_F,True,49,8,5
S0,1027,H1A2_1200:1039,True,51,continuous_F,True,49,8,1
S0,1028,H1A2_1200:1040,True,36,continuous_F,True,49,8,unknown
S0,1029,H1A2_1200:1041,True,33,continuous_F,True,49,8,4
S0,1030,H1A2_1200:1042,True,66,continuous_F,True,49,8,unknown
S0,1031,H1A2_1200:1043,True,39,continuous_F,True,49,8,unknown
S0,1032,H1A2_1200:1044,True,54,continuous_F,True,49,8,unknown
S0,1033,H1A2_1200:1045,True,54,continuous_F,True,49,8,unknown
S0,1034,H1A2_1200:1046,True,188,continuous_F,True,49,8,2
S0,1035,H1A2_1200:1047,True,18,continuous_F,True,49,8,6
S0,1036,H1A2_1200:1048,True,36,continuous_F,True,49,8,6
S0,1037,H1A2_1200:1049,True,18,continuous_F,True,49,8,3
S0,1038,H1A2_1200:1050,True,36,continuous_F,True,49,8,unknown
S0,1039,H1A2_1200:1051,True,36,continuous_F,True,49,8,2
S0,1040,H1A2_1200:1052,True,54,continuous_F,True,49,8,unknown
S0,1041,H1A2_1200:1053,True,36,continuous_F,True,49,8,unknown
S0,1042,H1A2_1200:1054,True,30,continuous_F,True,49,8,1
S0,1043,H1A2_1200:1055,True,36,continuous_F,True,49,8,unknown
S0,1044,H1A2_1200:1056,True,18,continuous_F,True,49,8,4
S0,1045,H1A2_1200:1057,True,36,continuous_F,True,49,8,6
S0,1046,H1A2_1200:1058,True,24,continuous_F,True,49,8,7
S0,1047,H1A2_1200:1059,True,65,continuous_F,True,49,8,0
S0,1048,H1A2_1200:1060,True,18,continuous_F,True,49,8,7
S0,1049,H1A2_1200:1061,True,24,continuous_F,True,49,8,1
S1,0,H1A2_1200:0000,True,9,continuous_F,True,73,6,0
S1,1,H1A2_1200:0001,True,98,continuous_F,True,49,8,unknown
S1,2,H1A2_1200:0002,True,95,continuous_F,True,49,8,unknown
S1,3,H1A2_1200:0003,True,36,continuous_F,True,49,8,unknown
S1,4,H1A2_1200:0004,True,30,continuous_F,True,49,8,3
S1,5,H1A2_1200:0005,True,12,continuous_F,True,49,8,7
S1,6,H1A2_1200:0006,True,30,continuous_F,True,49,8,4
S1,7,H1A2_1200:0007,True,66,continuous_F,True,49,8,unknown
S1,8,H1A2_1200:0008,True,36,continuous_F,True,49,8,unknown
S1,9,H1A2_1200:0009,True,30,continuous_F,True,49,8,4
S1,10,H1A2_1200:0011,True,42,continuous_F,True,49,8,3
S1,11,H1A2_1200:0012,True,60,continuous_F,True,49,8,0
S1,12,H1A2_1200:0013,True,147,continuous_F,True,49,8,unknown
S1,13,H1A2_1200:0014,True,48,continuous_F,True,49,8,unknown
S1,14,H1A2_1200:0015,True,18,continuous_F,True,49,8,5
S1,15,H1A2_1200:0016,True,51,continuous_F,True,49,8,unknown
S1,16,H1A2_1200:0017,True,36,continuous_F,True,49,8,7
S1,17,H1A2_1200:0018,True,30,continuous_F,True,49,8,1
S1,18,H1A2_1200:0019,True,36,continuous_F,True,49,8,unknown
S1,19,H1A2_1200:0020,True,54,continuous_F,True,49,8,unknown
S1,20,H1A2_1200:0021,True,21,continuous_F,True,49,8,5
S1,21,H1A2_1200:0022,True,42,continuous_F,True,49,8,unknown
S1,22,H1A2_1200:0023,True,36,continuous_F,True,49,8,3
S1,23,H1A2_1200:0024,True,48,continuous_F,True,49,8,unknown
S1,24,H1A2_1200:0025,True,48,continuous_F,True,49,8,unknown
S1,25,H1A2_1200:0026,True,18,continuous_F,True,49,8,3
S1,26,H1A2_1200:0027,True,36,continuous_F,True,49,8,7
S1,27,H1A2_1200:0028,True,106,continuous_F,True,49,8,unknown
S1,28,H1A2_1200:0029,True,21,continuous_F,True,49,8,4
S1,29,H1A2_1200:0030,True,33,continuous_F,True,49,8,unknown
S1,30,H1A2_1200:0031,True,60,continuous_F,True,49,8,unknown
S1,31,H1A2_1200:0032,True,48,continuous_F,True,49,8,unknown
S1,32,H1A2_1200:0033,True,21,continuous_F,True,49,8,1
S1,33,H1A2_1200:0034,True,21,continuous_F,True,49,8,4
S1,34,H1A2_1200:0035,True,54,continuous_F,True,49,8,unknown
S1,35,H1A2_1200:0036,True,36,continuous_F,True,49,8,4
S1,36,H1A2_1200:0037,True,24,continuous_F,True,49,8,1
S1,37,H1A2_1200:0038,True,18,continuous_F,True,49,8,1
S1,38,H1A2_1200:0039,True,51,continuous_F,True,49,8,2
S1,39,H1A2_1200:0040,True,48,continuous_F,True,49,8,6
S1,40,H1A2_1200:0041,True,18,continuous_F,True,49,8,5
S1,41,H1A2_1200:0042,True,24,continuous_F,True,49,8,7
S1,42,H1A2_1200:0043,True,122,continuous_F,True,49,8,3
S1,43,H1A2_1200:0044,True,33,continuous_F,True,49,8,1
S1,44,H1A2_1200:0045,True,36,continuous_F,True,49,8,unknown
S1,45,H1A2_1200:0046,True,18,continuous_F,True,49,8,6
S1,46,H1A2_1200:0047,True,42,continuous_F,True,49,8,1
S1,47,H1A2_1200:0048,True,15,continuous_F,True,49,8,7
S1,48,H1A2_1200:0049,True,45,continuous_F,True,49,8,unknown
S1,49,H1A2_1200:0050,True,171,continuous_F,True,49,8,unknown
S1,50,H1A2_1200:0051,True,39,continuous_F,True,49,8,unknown
S1,51,H1A2_1200:0052,True,84,continuous_F,True,49,8,unknown
S1,52,H1A2_1200:0053,True,112,continuous_F,True,49,8,unknown
S1,53,H1A2_1200:0054,True,39,continuous_F,True,49,8,7
S1,54,H1A2_1200:0055,True,21,continuous_F,True,49,8,5
S1,55,H1A2_1200:0056,True,51,continuous_F,True,49,8,2
S1,56,H1A2_1200:0057,True,54,continuous_F,True,49,8,unknown
S1,57,H1A2_1200:0058,True,30,continuous_F,True,49,8,1
S1,58,H1A2_1200:0059,True,27,continuous_F,True,49,8,4
S1,59,H1A2_1200:0060,True,60,continuous_F,True,49,8,unknown
S1,60,H1A2_1200:0061,True,178,continuous_F,True,49,8,unknown
S1,61,H1A2_1200:0062,True,54,continuous_F,True,49,8,7
S1,62,H1A2_1200:0063,True,18,continuous_F,True,49,8,1
S1,63,H1A2_1200:0064,True,21,continuous_F,True,49,8,5
S1,64,H1A2_1200:0065,True,66,continuous_F,True,49,8,unknown
S1,65,H1A2_1200:0066,True,21,continuous_F,True,49,8,6
S1,66,H1A2_1200:0067,True,54,continuous_F,True,49,8,unknown
S1,67,H1A2_1200:0068,True,54,continuous_F,True,49,8,0
S1,68,H1A2_1200:0069,True,30,continuous_F,True,49,8,6
S1,69,H1A2_1200:0070,True,42,continuous_F,True,49,8,unknown
S1,70,H1A2_1200:0071,True,45,continuous_F,True,49,8,7
S1,71,H1A2_1200:0072,True,66,continuous_F,True,49,8,unknown
S1,72,H1A2_1200:0073,True,18,continuous_F,True,49,8,3
S1,73,H1A2_1200:0074,True,30,continuous_F,True,49,8,5
S1,74,H1A2_1200:0075,True,18,continuous_F,True,49,8,2
S1,75,H1A2_1200:0076,True,42,continuous_F,True,49,8,unknown
S1,76,H1A2_1200:0077,True,30,continuous_F,True,49,8,1
S1,77,H1A2_1200:0078,True,42,continuous_F,True,49,8,0
S1,78,H1A2_1200:0079,True,36,continuous_F,True,49,8,unknown
S1,79,H1A2_1200:0080,True,48,continuous_F,True,49,8,unknown
S1,80,H1A2_1200:0081,True,66,continuous_F,True,49,8,unknown
S1,81,H1A2_1200:0082,True,66,continuous_F,True,49,8,unknown
S1,82,H1A2_1200:0083,True,18,continuous_F,True,49,8,6
S1,83,H1A2_1200:0084,True,21,continuous_F,True,49,8,3
S1,84,H1A2_1200:0085,True,24,continuous_F,True,49,8,7
S1,85,H1A2_1200:0086,True,36,continuous_F,True,49,8,unknown
S1,86,H1A2_1200:0087,True,18,continuous_F,True,49,8,7
S1,87,H1A2_1200:0088,True,60,continuous_F,True,49,8,unknown
S1,88,H1A2_1200:0089,True,33,continuous_F,True,49,8,1
S1,89,H1A2_1200:0090,True,57,continuous_F,True,49,8,unknown
S1,90,H1A2_1200:0091,True,54,continuous_F,True,49,8,unknown
S1,91,H1A2_1200:0092,True,18,continuous_F,True,49,8,2
S1,92,H1A2_1200:0093,True,24,continuous_F,True,49,8,4
S1,93,H1A2_1200:0094,True,86,continuous_F,True,49,8,1
S1,94,H1A2_1200:0095,True,63,continuous_F,True,49,8,unknown
S1,95,H1A2_1200:0096,True,42,continuous_F,True,49,8,unknown
S1,96,H1A2_1200:0097,True,45,continuous_F,True,49,8,unknown
S1,97,H1A2_1200:0098,True,24,continuous_F,True,49,8,4
S1,98,H1A2_1200:0099,True,18,continuous_F,True,49,8,0
S1,99,H1A2_1200:0100,True,48,continuous_F,True,49,8,unknown
S1,100,H1A2_1200:0101,True,36,continuous_F,True,49,8,unknown
S1,101,H1A2_1200:0102,True,18,continuous_F,True,49,8,6
S1,102,H1A2_1200:0103,True,36,continuous_F,True,49,8,3
S1,103,H1A2_1200:0104,True,60,continuous_F,True,49,8,7
S1,104,H1A2_1200:0105,True,60,continuous_F,True,49,8,1
S1,105,H1A2_1200:0106,True,18,continuous_F,True,49,8,3
S1,106,H1A2_1200:0107,True,36,continuous_F,True,49,8,unknown
S1,107,H1A2_1200:0108,True,21,continuous_F,True,49,8,7
S1,108,H1A2_1200:0109,True,48,continuous_F,True,49,8,7
S1,109,H1A2_1200:0110,True,48,continuous_F,True,49,8,7
S1,110,H1A2_1200:0111,True,18,continuous_F,True,49,8,3
S1,111,H1A2_1200:0112,True,60,continuous_F,True,49,8,2
S1,112,H1A2_1200:0113,True,36,continuous_F,True,49,8,7
S1,113,H1A2_1200:0114,True,54,continuous_F,True,49,8,unknown
S1,114,H1A2_1200:0115,True,36,continuous_F,True,49,8,6
S1,115,H1A2_1200:0116,True,54,continuous_F,True,49,8,7
S1,116,H1A2_1200:0117,True,30,continuous_F,True,49,8,4
S1,117,H1A2_1200:0118,True,18,continuous_F,True,49,8,7
S1,118,H1A2_1200:0119,True,66,continuous_F,True,49,8,unknown
S1,119,H1A2_1200:0120,True,18,continuous_F,True,49,8,6
S1,120,H1A2_1200:0121,True,48,continuous_F,True,49,8,unknown
S1,121,H1A2_1200:0122,True,42,continuous_F,True,49,8,unknown
S1,122,H1A2_1200:0123,True,42,continuous_F,True,49,8,unknown
S1,123,H1A2_1200:0124,True,194,continuous_F,True,49,8,unknown
S1,124,H1A2_1200:0125,True,42,continuous_F,True,49,8,unknown
S1,125,H1A2_1200:0126,True,24,continuous_F,True,49,8,3
S1,126,H1A2_1200:0127,True,54,continuous_F,True,49,8,0
S1,127,H1A2_1200:0128,True,24,continuous_F,True,49,8,0
S1,128,H1A2_1200:0129,True,85,continuous_F,True,49,8,2
S1,129,H1A2_1200:0130,True,18,continuous_F,True,49,8,0
S1,130,H1A2_1200:0131,True,36,continuous_F,True,49,8,7
S1,131,H1A2_1200:0132,True,24,continuous_F,True,49,8,0
S1,132,H1A2_1200:0133,True,45,continuous_F,True,49,8,4
S1,133,H1A2_1200:0134,True,39,continuous_F,True,49,8,4
S1,134,H1A2_1200:0135,True,18,continuous_F,True,49,8,3
S1,135,H1A2_1200:0136,True,54,continuous_F,True,49,8,unknown
S1,136,H1A2_1200:0137,True,15,continuous_F,True,49,8,0
S1,137,H1A2_1200:0138,True,51,continuous_F,True,49,8,unknown
S1,138,H1A2_1200:0139,True,30,continuous_F,True,49,8,7
S1,139,H1A2_1200:0140,True,24,continuous_F,True,49,8,3
S1,140,H1A2_1200:0141,True,27,continuous_F,True,49,8,unknown
S1,141,H1A2_1200:0142,True,42,continuous_F,True,49,8,unknown
S1,142,H1A2_1200:0143,True,109,continuous_F,True,49,8,unknown
S1,143,H1A2_1200:0144,True,70,continuous_F,True,49,8,unknown
S1,144,H1A2_1200:0145,True,30,continuous_F,True,49,8,0
S1,145,H1A2_1200:0146,True,36,continuous_F,True,49,8,5
S1,146,H1A2_1200:0147,True,15,continuous_F,True,49,8,0
S1,147,H1A2_1200:0148,True,87,continuous_F,True,49,8,2
S1,148,H1A2_1200:0149,True,48,continuous_F,True,49,8,unknown
S1,149,H1A2_1200:0150,True,104,continuous_F,True,49,8,unknown
S1,150,H1A2_1200:0151,True,24,continuous_F,True,49,8,7
S1,151,H1A2_1200:0152,True,42,continuous_F,True,49,8,4
S1,152,H1A2_1200:0153,True,21,continuous_F,True,49,8,0
S1,153,H1A2_1200:0154,True,42,continuous_F,True,49,8,6
S1,154,H1A2_1200:0155,True,54,continuous_F,True,49,8,unknown
S1,155,H1A2_1200:0156,True,18,continuous_F,True,49,8,4
S1,156,H1A2_1200:0157,True,54,continuous_F,True,49,8,unknown
S1,157,H1A2_1200:0158,True,18,continuous_F,True,49,8,5
S1,158,H1A2_1200:0159,True,30,continuous_F,True,49,8,6
S1,159,H1A2_1200:0160,True,63,continuous_F,True,49,8,4
S1,160,H1A2_1200:0161,True,33,continuous_F,True,49,8,1
S1,161,H1A2_1200:0162,True,54,continuous_F,True,49,8,unknown
S1,162,H1A2_1200:0163,True,18,continuous_F,True,49,8,6
S1,163,H1A2_1200:0164,True,36,continuous_F,True,49,8,5
S1,164,H1A2_1200:0165,True,15,continuous_F,True,49,8,6
S1,165,H1A2_1200:0166,True,48,continuous_F,True,49,8,5
S1,166,H1A2_1200:0167,True,18,continuous_F,True,49,8,2
S1,167,H1A2_1200:0168,True,27,continuous_F,True,49,8,3
S1,168,H1A2_1200:0169,True,24,continuous_F,True,49,8,4
S1,169,H1A2_1200:0170,True,54,continuous_F,True,49,8,0
S1,170,H1A2_1200:0171,True,54,continuous_F,True,49,8,unknown
S1,171,H1A2_1200:0172,True,26,continuous_F,True,49,8,3
S1,172,H1A2_1200:0173,True,18,continuous_F,True,49,8,5
S1,173,H1A2_1200:0174,True,30,continuous_F,True,49,8,2
S1,174,H1A2_1200:0175,True,27,continuous_F,True,49,8,6
S1,175,H1A2_1200:0176,True,66,continuous_F,True,49,8,unknown
S1,176,H1A2_1200:0177,True,66,continuous_F,True,49,8,unknown
S1,177,H1A2_1200:0178,True,36,continuous_F,True,49,8,unknown
S1,178,H1A2_1200:0179,True,42,continuous_F,True,49,8,unknown
S1,179,H1A2_1200:0181,True,168,continuous_F,True,49,8,5
S1,180,H1A2_1200:0182,True,18,continuous_F,True,49,8,0
S1,181,H1A2_1200:0183,True,59,continuous_F,True,49,8,unknown
S1,182,H1A2_1200:0184,True,36,continuous_F,True,49,8,unknown
S1,183,H1A2_1200:0185,True,39,continuous_F,True,49,8,unknown
S1,184,H1A2_1200:0186,True,36,continuous_F,True,49,8,unknown
S1,185,H1A2_1200:0187,True,24,continuous_F,True,49,8,1
S1,186,H1A2_1200:0188,True,69,continuous_F,True,49,8,unknown
S1,187,H1A2_1200:0189,True,30,continuous_F,True,49,8,3
S1,188,H1A2_1200:0190,True,36,continuous_F,True,49,8,6
S1,189,H1A2_1200:0191,True,36,continuous_F,True,49,8,unknown
S1,190,H1A2_1200:0192,True,42,continuous_F,True,49,8,0
S1,191,H1A2_1200:0193,True,21,continuous_F,True,49,8,5
S1,192,H1A2_1200:0194,True,42,continuous_F,True,49,8,7
S1,193,H1A2_1200:0196,True,128,continuous_F,True,49,8,unknown
S1,194,H1A2_1200:0197,True,66,continuous_F,True,49,8,3
S1,195,H1A2_1200:0198,True,54,continuous_F,True,49,8,unknown
S1,196,H1A2_1200:0199,True,21,continuous_F,True,49,8,2
S1,197,H1A2_1200:0200,True,18,continuous_F,True,49,8,2
S1,198,H1A2_1200:0201,True,48,continuous_F,True,49,8,unknown
S1,199,H1A2_1200:0202,True,30,continuous_F,True,49,8,7
S1,200,H1A2_1200:0203,True,132,continuous_F,True,49,8,unknown
S1,201,H1A2_1200:0204,True,66,continuous_F,True,49,8,unknown
S1,202,H1A2_1200:0205,True,24,continuous_F,True,49,8,0
S1,203,H1A2_1200:0206,True,27,continuous_F,True,49,8,unknown
S1,204,H1A2_1200:0207,True,60,continuous_F,True,49,8,unknown
S1,205,H1A2_1200:0208,True,18,continuous_F,True,49,8,2
S1,206,H1A2_1200:0209,True,36,continuous_F,True,49,8,5
S1,207,H1A2_1200:0210,True,30,continuous_F,True,49,8,unknown
S1,208,H1A2_1200:0211,True,18,continuous_F,True,49,8,2
S1,209,H1A2_1200:0212,True,48,continuous_F,True,49,8,unknown
S1,210,H1A2_1200:0213,True,18,continuous_F,True,49,8,1
S1,211,H1A2_1200:0214,True,36,continuous_F,True,49,8,1
S1,212,H1A2_1200:0215,True,50,continuous_F,True,49,8,unknown
S1,213,H1A2_1200:0216,True,51,continuous_F,True,49,8,unknown
S1,214,H1A2_1200:0217,True,18,continuous_F,True,49,8,3
S1,215,H1A2_1200:0218,True,30,continuous_F,True,49,8,unknown
S1,216,H1A2_1200:0219,True,54,continuous_F,True,49,8,unknown
S1,217,H1A2_1200:0220,True,42,continuous_F,True,49,8,3
S1,218,H1A2_1200:0221,True,36,continuous_F,True,49,8,2
S1,219,H1A2_1200:0222,True,42,continuous_F,True,49,8,5
S1,220,H1A2_1200:0223,True,18,continuous_F,True,49,8,7
S1,221,H1A2_1200:0224,True,51,continuous_F,True,49,8,0
S1,222,H1A2_1200:0225,True,18,continuous_F,True,49,8,0
S1,223,H1A2_1200:0226,True,48,continuous_F,True,49,8,2
S1,224,H1A2_1200:0227,True,18,continuous_F,True,49,8,7
S1,225,H1A2_1200:0228,True,18,continuous_F,True,49,8,1
S1,226,H1A2_1200:0229,True,36,continuous_F,True,49,8,unknown
S1,227,H1A2_1200:0230,True,51,continuous_F,True,49,8,unknown
S1,228,H1A2_1200:0231,True,18,continuous_F,True,49,8,2
S1,229,H1A2_1200:0232,True,30,continuous_F,True,49,8,1
S1,230,H1A2_1200:0233,True,42,continuous_F,True,49,8,4
S1,231,H1A2_1200:0234,True,33,continuous_F,True,49,8,7
S1,232,H1A2_1200:0235,True,45,continuous_F,True,49,8,unknown
S1,233,H1A2_1200:0236,True,51,continuous_F,True,49,8,unknown
S1,234,H1A2_1200:0237,True,24,continuous_F,True,49,8,7
S1,235,H1A2_1200:0238,True,15,continuous_F,True,49,8,7
S1,236,H1A2_1200:0239,True,96,continuous_F,True,49,8,unknown
S1,237,H1A2_1200:0240,True,36,continuous_F,True,49,8,unknown
S1,238,H1A2_1200:0241,True,47,continuous_F,True,49,8,unknown
S1,239,H1A2_1200:0242,True,24,continuous_F,True,49,8,0
S1,240,H1A2_1200:0243,True,36,continuous_F,True,49,8,7
S1,241,H1A2_1200:0244,True,48,continuous_F,True,49,8,0
S1,242,H1A2_1200:0245,True,96,continuous_F,True,49,8,3
S1,243,H1A2_1200:0246,True,51,continuous_F,True,49,8,5
S1,244,H1A2_1200:0247,True,33,continuous_F,True,49,8,1
S1,245,H1A2_1200:0248,True,48,continuous_F,True,49,8,unknown
S1,246,H1A2_1200:0249,True,120,continuous_F,True,49,8,1
S1,247,H1A2_1200:0250,True,42,continuous_F,True,49,8,unknown
S1,248,H1A2_1200:0251,True,30,continuous_F,True,49,8,0
S1,249,H1A2_1200:0252,True,54,continuous_F,True,49,8,unknown
S1,250,H1A2_1200:0253,True,39,continuous_F,True,49,8,unknown
S1,251,H1A2_1200:0254,True,18,continuous_F,True,49,8,3
S1,252,H1A2_1200:0255,True,23,continuous_F,True,49,8,6
S1,253,H1A2_1200:0256,True,36,continuous_F,True,49,8,5
S1,254,H1A2_1200:0257,True,39,continuous_F,True,49,8,2
S1,255,H1A2_1200:0258,True,69,continuous_F,True,49,8,6
S1,256,H1A2_1200:0260,True,18,continuous_F,True,49,8,6
S1,257,H1A2_1200:0261,True,36,continuous_F,True,49,8,unknown
S1,258,H1A2_1200:0262,True,36,continuous_F,True,49,8,unknown
S1,259,H1A2_1200:0263,True,84,continuous_F,True,49,8,unknown
S1,260,H1A2_1200:0264,True,165,continuous_F,True,49,8,unknown
S1,261,H1A2_1200:0265,True,57,continuous_F,True,49,8,unknown
S1,262,H1A2_1200:0266,True,18,continuous_F,True,49,8,1
S1,263,H1A2_1200:0267,True,30,continuous_F,True,49,8,5
S1,264,H1A2_1200:0268,True,24,continuous_F,True,49,8,0
S1,265,H1A2_1200:0269,True,30,continuous_F,True,49,8,3
S1,266,H1A2_1200:0270,True,42,continuous_F,True,49,8,2
S1,267,H1A2_1200:0271,True,63,continuous_F,True,49,8,1
S1,268,H1A2_1200:0272,True,42,continuous_F,True,49,8,1
S1,269,H1A2_1200:0273,True,54,continuous_F,True,49,8,3
S1,270,H1A2_1200:0274,True,36,continuous_F,True,49,8,unknown
S1,271,H1A2_1200:0275,True,54,continuous_F,True,49,8,unknown
S1,272,H1A2_1200:0276,True,30,continuous_F,True,49,8,5
S1,273,H1A2_1200:0277,True,18,continuous_F,True,49,8,0
S1,274,H1A2_1200:0278,True,173,continuous_F,True,49,8,unknown
S1,275,H1A2_1200:0279,True,60,continuous_F,True,49,8,unknown
S1,276,H1A2_1200:0280,True,27,continuous_F,True,49,8,5
S1,277,H1A2_1200:0281,True,63,continuous_F,True,49,8,unknown
S1,278,H1A2_1200:0282,True,63,continuous_F,True,49,8,7
S1,279,H1A2_1200:0283,True,36,continuous_F,True,49,8,unknown
S1,280,H1A2_1200:0284,True,18,continuous_F,True,49,8,7
S1,281,H1A2_1200:0285,True,45,continuous_F,True,49,8,unknown
S1,282,H1A2_1200:0286,True,42,continuous_F,True,49,8,unknown
S1,283,H1A2_1200:0287,True,24,continuous_F,True,49,8,4
S1,284,H1A2_1200:0288,True,21,continuous_F,True,49,8,4
S1,285,H1A2_1200:0289,True,42,continuous_F,True,49,8,unknown
S1,286,H1A2_1200:0290,True,18,continuous_F,True,49,8,6
S1,287,H1A2_1200:0291,True,66,continuous_F,True,49,8,6
S1,288,H1A2_1200:0292,True,36,continuous_F,True,49,8,5
S1,289,H1A2_1200:0293,True,30,continuous_F,True,49,8,1
S1,290,H1A2_1200:0294,True,21,continuous_F,True,49,8,7
S1,291,H1A2_1200:0295,True,18,continuous_F,True,49,8,4
S1,292,H1A2_1200:0296,True,45,continuous_F,True,49,8,unknown
S1,293,H1A2_1200:0297,True,48,continuous_F,True,49,8,unknown
S1,294,H1A2_1200:0298,True,15,continuous_F,True,49,8,4
S1,295,H1A2_1200:0299,True,18,continuous_F,True,49,8,3
S1,296,H1A2_1200:0300,True,42,continuous_F,True,49,8,1
S1,297,H1A2_1200:0301,True,48,continuous_F,True,49,8,unknown
S1,298,H1A2_1200:0302,True,42,continuous_F,True,49,8,2
S1,299,H1A2_1200:0303,True,39,continuous_F,True,49,8,5
S1,300,H1A2_1200:0304,True,94,continuous_F,True,49,8,2
S1,301,H1A2_1200:0305,True,18,continuous_F,True,49,8,5
S1,302,H1A2_1200:0306,True,45,continuous_F,True,49,8,unknown
S1,303,H1A2_1200:0307,True,180,continuous_F,True,49,8,unknown
S1,304,H1A2_1200:0308,True,194,continuous_F,True,49,8,unknown
S1,305,H1A2_1200:0309,True,18,continuous_F,True,49,8,3
S1,306,H1A2_1200:0310,True,54,continuous_F,True,49,8,4
S1,307,H1A2_1200:0311,True,60,continuous_F,True,49,8,unknown
S1,308,H1A2_1200:0312,True,48,continuous_F,True,49,8,4
S1,309,H1A2_1200:0313,True,39,continuous_F,True,49,8,6
S1,310,H1A2_1200:0314,True,135,continuous_F,True,49,8,unknown
S1,311,H1A2_1200:0315,True,27,continuous_F,True,49,8,1
S1,312,H1A2_1200:0316,True,33,continuous_F,True,49,8,0
S1,313,H1A2_1200:0317,True,54,continuous_F,True,49,8,6
S1,314,H1A2_1200:0318,True,48,continuous_F,True,49,8,unknown
S1,315,H1A2_1200:0319,True,66,continuous_F,True,49,8,unknown
S1,316,H1A2_1200:0320,True,18,continuous_F,True,49,8,6
S1,317,H1A2_1200:0321,True,45,continuous_F,True,49,8,unknown
S1,318,H1A2_1200:0322,True,66,continuous_F,True,49,8,unknown
S1,319,H1A2_1200:0324,True,23,continuous_F,True,49,8,4
S1,320,H1A2_1200:0325,True,30,continuous_F,True,49,8,7
S1,321,H1A2_1200:0326,True,18,continuous_F,True,49,8,0
S1,322,H1A2_1200:0327,True,42,continuous_F,True,49,8,unknown
S1,323,H1A2_1200:0328,True,21,continuous_F,True,49,8,2
S1,324,H1A2_1200:0329,True,69,continuous_F,True,49,8,unknown
S1,325,H1A2_1200:0330,True,42,continuous_F,True,49,8,unknown
S1,326,H1A2_1200:0331,True,21,continuous_F,True,49,8,4
S1,327,H1A2_1200:0332,True,30,continuous_F,True,49,8,4
S1,328,H1A2_1200:0333,True,39,continuous_F,True,49,8,unknown
S1,329,H1A2_1200:0334,True,24,continuous_F,True,49,8,2
S1,330,H1A2_1200:0335,True,30,continuous_F,True,49,8,unknown
S1,331,H1A2_1200:0336,True,30,continuous_F,True,49,8,7
S1,332,H1A2_1200:0337,True,60,continuous_F,True,49,8,unknown
S1,333,H1A2_1200:0338,True,21,continuous_F,True,49,8,6
S1,334,H1A2_1200:0339,True,48,continuous_F,True,49,8,unknown
S1,335,H1A2_1200:0340,True,30,continuous_F,True,49,8,1
S1,336,H1A2_1200:0341,True,18,continuous_F,True,49,8,5
S1,337,H1A2_1200:0342,True,60,continuous_F,True,49,8,5
S1,338,H1A2_1200:0343,True,18,continuous_F,True,49,8,2
S1,339,H1A2_1200:0344,True,104,continuous_F,True,49,8,unknown
S1,340,H1A2_1200:0345,True,30,continuous_F,True,49,8,0
S1,341,H1A2_1200:0346,True,66,continuous_F,True,49,8,1
S1,342,H1A2_1200:0347,True,18,continuous_F,True,49,8,0
S1,343,H1A2_1200:0348,True,54,continuous_F,True,49,8,unknown
S1,344,H1A2_1200:0349,True,54,continuous_F,True,49,8,unknown
S1,345,H1A2_1200:0350,True,39,continuous_F,True,49,8,2
S1,346,H1A2_1200:0351,True,24,continuous_F,True,49,8,0
S1,347,H1A2_1200:0352,True,24,continuous_F,True,49,8,2
S1,348,H1A2_1200:0353,True,30,continuous_F,True,49,8,6
S1,349,H1A2_1200:0354,True,48,continuous_F,True,49,8,5
S1,350,H1A2_1200:0355,True,30,continuous_F,True,49,8,0
S1,351,H1A2_1200:0356,True,36,continuous_F,True,49,8,2
S1,352,H1A2_1200:0357,True,24,continuous_F,True,49,8,4
S1,353,H1A2_1200:0358,True,36,continuous_F,True,49,8,1
S1,354,H1A2_1200:0359,True,18,continuous_F,True,49,8,0
S1,355,H1A2_1200:0360,True,42,continuous_F,True,49,8,1
S1,356,H1A2_1200:0361,True,21,continuous_F,True,49,8,0
S1,357,H1A2_1200:0362,True,60,continuous_F,True,49,8,unknown
S1,358,H1A2_1200:0363,True,30,continuous_F,True,49,8,4
S1,359,H1A2_1200:0364,True,30,continuous_F,True,49,8,0
S1,360,H1A2_1200:0365,True,54,continuous_F,True,49,8,5
S1,361,H1A2_1200:0366,True,18,continuous_F,True,49,8,1
S1,362,H1A2_1200:0367,True,48,continuous_F,True,49,8,7
S1,363,H1A2_1200:0368,True,36,continuous_F,True,49,8,unknown
S1,364,H1A2_1200:0369,True,24,continuous_F,True,49,8,6
S1,365,H1A2_1200:0370,True,24,continuous_F,True,49,8,2
S1,366,H1A2_1200:0371,True,27,continuous_F,True,49,8,3
S1,367,H1A2_1200:0372,True,30,continuous_F,True,49,8,6
S1,368,H1A2_1200:0373,True,39,continuous_F,True,49,8,2
S1,369,H1A2_1200:0374,True,42,continuous_F,True,49,8,unknown
S1,370,H1A2_1200:0375,True,30,continuous_F,True,49,8,2
S1,371,H1A2_1200:0376,True,42,continuous_F,True,49,8,unknown
S1,372,H1A2_1200:0377,True,18,continuous_F,True,49,8,3
S1,373,H1A2_1200:0378,True,42,continuous_F,True,49,8,1
S1,374,H1A2_1200:0379,True,42,continuous_F,True,49,8,6
S1,375,H1A2_1200:0380,True,18,continuous_F,True,49,8,3
S1,376,H1A2_1200:0381,True,47,continuous_F,True,49,8,4
S1,377,H1A2_1200:0382,True,30,continuous_F,True,49,8,4
S1,378,H1A2_1200:0383,True,12,continuous_F,True,49,8,0
S1,379,H1A2_1200:0384,True,36,continuous_F,True,49,8,unknown
S1,380,H1A2_1200:0385,True,186,continuous_F,True,49,8,unknown
S1,381,H1A2_1200:0386,True,30,continuous_F,True,49,8,7
S1,382,H1A2_1200:0387,True,27,continuous_F,True,49,8,6
S1,383,H1A2_1200:0388,True,42,continuous_F,True,49,8,3
S1,384,H1A2_1200:0389,True,18,continuous_F,True,49,8,3
S1,385,H1A2_1200:0390,True,45,continuous_F,True,49,8,1
S1,386,H1A2_1200:0391,True,108,continuous_F,True,49,8,unknown
S1,387,H1A2_1200:0392,True,33,continuous_F,True,49,8,5
S1,388,H1A2_1200:0393,True,145,continuous_F,True,49,8,4
S1,389,H1A2_1200:0395,True,30,continuous_F,True,49,8,1
S1,390,H1A2_1200:0396,True,66,continuous_F,True,49,8,6
S1,391,H1A2_1200:0397,True,36,continuous_F,True,49,8,unknown
S1,392,H1A2_1200:0398,True,57,continuous_F,True,49,8,0
S1,393,H1A2_1200:0399,True,18,continuous_F,True,49,8,2
S1,394,H1A2_1200:0400,True,21,continuous_F,True,49,8,7
S1,395,H1A2_1200:0401,True,30,continuous_F,True,49,8,4
S1,396,H1A2_1200:0402,True,124,continuous_F,True,49,8,unknown
S1,397,H1A2_1200:0403,True,18,continuous_F,True,49,8,7
S1,398,H1A2_1200:0404,True,33,continuous_F,True,49,8,1
S1,399,H1A2_1200:0405,True,48,continuous_F,True,49,8,2
S1,400,H1A2_1200:0406,True,102,continuous_F,True,49,8,unknown
S1,401,H1A2_1200:0407,True,174,continuous_F,True,49,8,unknown
S1,402,H1A2_1200:0408,True,54,continuous_F,True,49,8,1
S1,403,H1A2_1200:0409,True,66,continuous_F,True,49,8,unknown
S1,404,H1A2_1200:0410,True,183,continuous_F,True,49,8,unknown
S1,405,H1A2_1200:0411,True,18,continuous_F,True,49,8,4
S1,406,H1A2_1200:0412,True,39,continuous_F,True,49,8,3
S1,407,H1A2_1200:0413,True,209,continuous_F,True,49,8,unknown
S1,408,H1A2_1200:0414,True,48,continuous_F,True,49,8,unknown
S1,409,H1A2_1200:0415,True,30,continuous_F,True,49,8,1
S1,410,H1A2_1200:0416,True,42,continuous_F,True,49,8,unknown
S1,411,H1A2_1200:0417,True,36,continuous_F,True,49,8,5
S1,412,H1A2_1200:0418,True,27,continuous_F,True,49,8,7
S1,413,H1A2_1200:0420,True,42,continuous_F,True,49,8,unknown
S1,414,H1A2_1200:0421,True,24,continuous_F,True,49,8,5
S1,415,H1A2_1200:0422,True,42,continuous_F,True,49,8,0
S1,416,H1A2_1200:0423,True,42,continuous_F,True,49,8,0
S1,417,H1A2_1200:0424,True,18,continuous_F,True,49,8,4
S1,418,H1A2_1200:0425,True,18,continuous_F,True,49,8,4
S1,419,H1A2_1200:0426,True,42,continuous_F,True,49,8,unknown
S1,420,H1A2_1200:0427,True,48,continuous_F,True,49,8,2
S1,421,H1A2_1200:0428,True,54,continuous_F,True,49,8,unknown
S1,422,H1A2_1200:0429,True,51,continuous_F,True,49,8,unknown
S1,423,H1A2_1200:0430,True,60,continuous_F,True,49,8,unknown
S1,424,H1A2_1200:0431,True,24,continuous_F,True,49,8,5
S1,425,H1A2_1200:0432,True,36,continuous_F,True,49,8,6
S1,426,H1A2_1200:0433,True,36,continuous_F,True,49,8,unknown
S1,427,H1A2_1200:0434,True,57,continuous_F,True,49,8,unknown
S1,428,H1A2_1200:0435,True,66,continuous_F,True,49,8,unknown
S1,429,H1A2_1200:0436,True,24,continuous_F,True,49,8,0
S1,430,H1A2_1200:0437,True,169,continuous_F,True,49,8,unknown
S1,431,H1A2_1200:0438,True,202,continuous_F,True,49,8,unknown
S1,432,H1A2_1200:0439,True,33,continuous_F,True,49,8,4
S1,433,H1A2_1200:0440,True,60,continuous_F,True,49,8,unknown
S1,434,H1A2_1200:0441,True,48,continuous_F,True,49,8,7
S1,435,H1A2_1200:0442,True,54,continuous_F,True,49,8,0
S1,436,H1A2_1200:0443,True,21,continuous_F,True,49,8,0
S1,437,H1A2_1200:0444,True,12,continuous_F,True,49,8,3
S1,438,H1A2_1200:0445,True,18,continuous_F,True,49,8,5
S1,439,H1A2_1200:0446,True,42,continuous_F,True,49,8,unknown
S1,440,H1A2_1200:0447,True,33,continuous_F,True,49,8,3
S1,441,H1A2_1200:0448,True,48,continuous_F,True,49,8,unknown
S1,442,H1A2_1200:0449,True,42,continuous_F,True,49,8,5
S1,443,H1A2_1200:0450,True,18,continuous_F,True,49,8,4
S1,444,H1A2_1200:0451,True,48,continuous_F,True,49,8,3
S1,445,H1A2_1200:0452,True,42,continuous_F,True,49,8,unknown
S1,446,H1A2_1200:0453,True,36,continuous_F,True,49,8,unknown
S1,447,H1A2_1200:0454,True,141,continuous_F,True,49,8,0
S1,448,H1A2_1200:0455,True,48,continuous_F,True,49,8,unknown
S1,449,H1A2_1200:0456,True,60,continuous_F,True,49,8,3
S1,450,H1A2_1200:0457,True,39,continuous_F,True,49,8,1
S1,451,H1A2_1200:0458,True,178,continuous_F,True,49,8,unknown
S1,452,H1A2_1200:0459,True,15,continuous_F,True,49,8,0
S1,453,H1A2_1200:0460,True,66,continuous_F,True,49,8,unknown
S1,454,H1A2_1200:0461,True,33,continuous_F,True,49,8,unknown
S1,455,H1A2_1200:0462,True,24,continuous_F,True,49,8,2
S1,456,H1A2_1200:0463,True,93,continuous_F,True,49,8,unknown
S1,457,H1A2_1200:0465,True,21,continuous_F,True,49,8,6
S1,458,H1A2_1200:0466,True,48,continuous_F,True,49,8,6
S1,459,H1A2_1200:0467,True,24,continuous_F,True,49,8,6
S1,460,H1A2_1200:0468,True,42,continuous_F,True,49,8,7
S1,461,H1A2_1200:0469,True,18,continuous_F,True,49,8,2
S1,462,H1A2_1200:0470,True,42,continuous_F,True,49,8,unknown
S1,463,H1A2_1200:0471,True,33,continuous_F,True,49,8,7
S1,464,H1A2_1200:0472,True,18,continuous_F,True,49,8,6
S1,465,H1A2_1200:0473,True,30,continuous_F,True,49,8,2
S1,466,H1A2_1200:0474,True,72,continuous_F,True,49,8,unknown
S1,467,H1A2_1200:0475,True,18,continuous_F,True,49,8,3
S1,468,H1A2_1200:0476,True,21,continuous_F,True,49,8,1
S1,469,H1A2_1200:0477,True,94,continuous_F,True,49,8,unknown
S1,470,H1A2_1200:0478,True,53,continuous_F,True,49,8,5
S1,471,H1A2_1200:0479,True,30,continuous_F,True,49,8,4
S1,472,H1A2_1200:0480,True,71,continuous_F,True,49,8,unknown
S1,473,H1A2_1200:0481,True,36,continuous_F,True,49,8,7
S1,474,H1A2_1200:0482,True,36,continuous_F,True,49,8,7
S1,475,H1A2_1200:0483,True,66,continuous_F,True,49,8,unknown
S1,476,H1A2_1200:0484,True,36,continuous_F,True,49,8,5
S1,477,H1A2_1200:0485,True,36,continuous_F,True,49,8,1
S1,478,H1A2_1200:0486,True,24,continuous_F,True,49,8,5
S1,479,H1A2_1200:0487,True,36,continuous_F,True,49,8,7
S1,480,H1A2_1200:0488,True,24,continuous_F,True,49,8,7
S1,481,H1A2_1200:0489,True,54,continuous_F,True,49,8,unknown
S1,482,H1A2_1200:0490,True,54,continuous_F,True,49,8,7
S1,483,H1A2_1200:0491,True,51,continuous_F,True,49,8,unknown
S1,484,H1A2_1200:0492,True,33,continuous_F,True,49,8,5
S1,485,H1A2_1200:0493,True,42,continuous_F,True,49,8,unknown
S1,486,H1A2_1200:0494,True,119,continuous_F,True,49,8,unknown
S1,487,H1A2_1200:0495,True,45,continuous_F,True,49,8,unknown
S1,488,H1A2_1200:0496,True,190,continuous_F,True,49,8,unknown
S1,489,H1A2_1200:0497,True,36,continuous_F,True,49,8,unknown
S1,490,H1A2_1200:0498,True,42,continuous_F,True,49,8,unknown
S1,491,H1A2_1200:0499,True,12,continuous_F,True,49,8,2
S1,492,H1A2_1200:0500,True,18,continuous_F,True,49,8,0
S1,493,H1A2_1200:0501,True,42,continuous_F,True,49,8,unknown
S1,494,H1A2_1200:0502,True,36,continuous_F,True,49,8,7
S1,495,H1A2_1200:0503,True,63,continuous_F,True,49,8,unknown
S1,496,H1A2_1200:0504,True,48,continuous_F,True,49,8,unknown
S1,497,H1A2_1200:0505,True,60,continuous_F,True,49,8,unknown
S1,498,H1A2_1200:0506,True,18,continuous_F,True,49,8,6
S1,499,H1A2_1200:0507,True,24,continuous_F,True,49,8,2
S1,500,H1A2_1200:0508,True,30,continuous_F,True,49,8,0
S1,501,H1A2_1200:0509,True,48,continuous_F,True,49,8,unknown
S1,502,H1A2_1200:0510,True,51,continuous_F,True,49,8,0
S1,503,H1A2_1200:0511,True,54,continuous_F,True,49,8,7
S1,504,H1A2_1200:0512,True,24,continuous_F,True,49,8,2
S1,505,H1A2_1200:0513,True,54,continuous_F,True,49,8,unknown
S1,506,H1A2_1200:0514,True,54,continuous_F,True,49,8,unknown
S1,507,H1A2_1200:0515,True,48,continuous_F,True,49,8,unknown
S1,508,H1A2_1200:0516,True,42,continuous_F,True,49,8,7
S1,509,H1A2_1200:0517,True,180,continuous_F,True,49,8,4
S1,510,H1A2_1200:0518,True,42,continuous_F,True,49,8,0
S1,511,H1A2_1200:0519,True,42,continuous_F,True,49,8,unknown
S1,512,H1A2_1200:0520,True,39,continuous_F,True,49,8,unknown
S1,513,H1A2_1200:0521,True,24,continuous_F,True,49,8,5
S1,514,H1A2_1200:0522,True,18,continuous_F,True,49,8,7
S1,515,H1A2_1200:0523,True,102,continuous_F,True,49,8,unknown
S1,516,H1A2_1200:0524,True,30,continuous_F,True,49,8,5
S1,517,H1A2_1200:0525,True,48,continuous_F,True,49,8,unknown
S1,518,H1A2_1200:0526,True,54,continuous_F,True,49,8,unknown
S1,519,H1A2_1200:0527,True,33,continuous_F,True,49,8,1
S1,520,H1A2_1200:0528,True,48,continuous_F,True,49,8,unknown
S1,521,H1A2_1200:0529,True,42,continuous_F,True,49,8,7
S1,522,H1A2_1200:0530,True,65,continuous_F,True,49,8,unknown
S1,523,H1A2_1200:0531,True,21,continuous_F,True,49,8,3
S1,524,H1A2_1200:0532,True,57,continuous_F,True,49,8,5
S1,525,H1A2_1200:0533,True,48,continuous_F,True,49,8,unknown
S1,526,H1A2_1200:0534,True,36,continuous_F,True,49,8,0
S1,527,H1A2_1200:0535,True,69,continuous_F,True,49,8,unknown
S1,528,H1A2_1200:0536,True,21,continuous_F,True,49,8,2
S1,529,H1A2_1200:0537,True,190,continuous_F,True,49,8,7
S1,530,H1A2_1200:0538,True,36,continuous_F,True,49,8,6
S1,531,H1A2_1200:0539,True,26,continuous_F,True,49,8,unknown
S1,532,H1A2_1200:0540,True,18,continuous_F,True,49,8,2
S1,533,H1A2_1200:0541,True,24,continuous_F,True,49,8,6
S1,534,H1A2_1200:0542,True,30,continuous_F,True,49,8,2
S1,535,H1A2_1200:0543,True,54,continuous_F,True,49,8,unknown
S1,536,H1A2_1200:0544,True,60,continuous_F,True,49,8,2
S1,537,H1A2_1200:0545,True,51,continuous_F,True,49,8,4
S1,538,H1A2_1200:0546,True,177,continuous_F,True,49,8,unknown
S1,539,H1A2_1200:0547,True,54,continuous_F,True,49,8,unknown
S1,540,H1A2_1200:0548,True,18,continuous_F,True,49,8,2
S1,541,H1A2_1200:0549,True,42,continuous_F,True,49,8,unknown
S1,542,H1A2_1200:0550,True,63,continuous_F,True,49,8,2
S1,543,H1A2_1200:0551,True,45,continuous_F,True,49,8,unknown
S1,544,H1A2_1200:0552,True,48,continuous_F,True,49,8,5
S1,545,H1A2_1200:0553,True,24,continuous_F,True,49,8,3
S1,546,H1A2_1200:0554,True,18,continuous_F,True,49,8,1
S1,547,H1A2_1200:0555,True,18,continuous_F,True,49,8,6
S1,548,H1A2_1200:0556,True,23,continuous_F,True,49,8,4
S1,549,H1A2_1200:0557,True,45,continuous_F,True,49,8,6
S1,550,H1A2_1200:0558,True,39,continuous_F,True,49,8,3
S1,551,H1A2_1200:0559,True,66,continuous_F,True,49,8,unknown
S1,552,H1A2_1200:0560,True,54,continuous_F,True,49,8,unknown
S1,553,H1A2_1200:0561,True,60,continuous_F,True,49,8,unknown
S1,554,H1A2_1200:0562,True,36,continuous_F,True,49,8,7
S1,555,H1A2_1200:0563,True,18,continuous_F,True,49,8,6
S1,556,H1A2_1200:0564,True,60,continuous_F,True,49,8,unknown
S1,557,H1A2_1200:0565,True,54,continuous_F,True,49,8,0
S1,558,H1A2_1200:0566,True,33,continuous_F,True,49,8,6
S1,559,H1A2_1200:0567,True,98,continuous_F,True,49,8,unknown
S1,560,H1A2_1200:0568,True,30,continuous_F,True,49,8,7
S1,561,H1A2_1200:0569,True,54,continuous_F,True,49,8,unknown
S1,562,H1A2_1200:0570,True,36,continuous_F,True,49,8,4
S1,563,H1A2_1200:0571,True,42,continuous_F,True,49,8,3
S1,564,H1A2_1200:0572,True,30,continuous_F,True,49,8,4
S1,565,H1A2_1200:0573,True,48,continuous_F,True,49,8,0
S1,566,H1A2_1200:0574,True,21,continuous_F,True,49,8,2
S1,567,H1A2_1200:0575,True,54,continuous_F,True,49,8,unknown
S1,568,H1A2_1200:0576,True,36,continuous_F,True,49,8,0
S1,569,H1A2_1200:0577,True,24,continuous_F,True,49,8,6
S1,570,H1A2_1200:0578,True,27,continuous_F,True,49,8,1
S1,571,H1A2_1200:0579,True,18,continuous_F,True,49,8,4
S1,572,H1A2_1200:0580,True,30,continuous_F,True,49,8,3
S1,573,H1A2_1200:0581,True,33,continuous_F,True,49,8,unknown
S1,574,H1A2_1200:0582,True,54,continuous_F,True,49,8,unknown
S1,575,H1A2_1200:0583,True,42,continuous_F,True,49,8,1
S1,576,H1A2_1200:0584,True,66,continuous_F,True,49,8,unknown
S1,577,H1A2_1200:0585,True,42,continuous_F,True,49,8,3
S1,578,H1A2_1200:0586,True,51,continuous_F,True,49,8,unknown
S1,579,H1A2_1200:0587,True,66,continuous_F,True,49,8,unknown
S1,580,H1A2_1200:0588,True,18,continuous_F,True,49,8,1
S1,581,H1A2_1200:0589,True,24,continuous_F,True,49,8,3
S1,582,H1A2_1200:0590,True,48,continuous_F,True,49,8,unknown
S1,583,H1A2_1200:0591,True,66,continuous_F,True,49,8,unknown
S1,584,H1A2_1200:0592,True,48,continuous_F,True,49,8,7
S1,585,H1A2_1200:0593,True,48,continuous_F,True,49,8,unknown
S1,586,H1A2_1200:0594,True,48,continuous_F,True,49,8,3
S1,587,H1A2_1200:0595,True,30,continuous_F,True,49,8,1
S1,588,H1A2_1200:0596,True,42,continuous_F,True,49,8,unknown
S1,589,H1A2_1200:0597,True,24,continuous_F,True,49,8,6
S1,590,H1A2_1200:0598,True,30,continuous_F,True,49,8,unknown
S1,591,H1A2_1200:0599,True,36,continuous_F,True,49,8,3
S1,592,H1A2_1200:0600,True,54,continuous_F,True,49,8,unknown
S1,593,H1A2_1200:0601,True,48,continuous_F,True,49,8,unknown
S1,594,H1A2_1200:0602,True,18,continuous_F,True,49,8,2
S1,595,H1A2_1200:0603,True,24,continuous_F,True,49,8,5
S1,596,H1A2_1200:0604,True,36,continuous_F,True,49,8,unknown
S1,597,H1A2_1200:0605,True,84,continuous_F,True,49,8,7
S1,598,H1A2_1200:0606,True,24,continuous_F,True,49,8,4
S1,599,H1A2_1200:0607,True,33,continuous_F,True,49,8,1
S1,600,H1A2_1200:0608,True,42,continuous_F,True,49,8,unknown
S1,601,H1A2_1200:0609,True,54,continuous_F,True,49,8,1
S1,602,H1A2_1200:0610,True,18,continuous_F,True,49,8,2
S1,603,H1A2_1200:0611,True,189,continuous_F,True,49,8,unknown
S1,604,H1A2_1200:0612,True,36,continuous_F,True,49,8,2
S1,605,H1A2_1200:0613,True,36,continuous_F,True,49,8,6
S1,606,H1A2_1200:0614,True,42,continuous_F,True,49,8,5
S1,607,H1A2_1200:0615,True,12,continuous_F,True,49,8,1
S1,608,H1A2_1200:0616,True,24,continuous_F,True,49,8,3
S1,609,H1A2_1200:0617,True,42,continuous_F,True,49,8,unknown
S1,610,H1A2_1200:0618,True,48,continuous_F,True,49,8,unknown
S1,611,H1A2_1200:0619,True,21,continuous_F,True,49,8,6
S1,612,H1A2_1200:0620,True,54,continuous_F,True,49,8,3
S1,613,H1A2_1200:0621,True,24,continuous_F,True,49,8,unknown
S1,614,H1A2_1200:0622,True,48,continuous_F,True,49,8,unknown
S1,615,H1A2_1200:0623,True,90,continuous_F,True,49,8,unknown
S1,616,H1A2_1200:0624,True,33,continuous_F,True,49,8,5
S1,617,H1A2_1200:0625,True,42,continuous_F,True,49,8,1
S1,618,H1A2_1200:0626,True,42,continuous_F,True,49,8,unknown
S1,619,H1A2_1200:0627,True,24,continuous_F,True,49,8,0
S1,620,H1A2_1200:0628,True,24,continuous_F,True,49,8,1
S1,621,H1A2_1200:0629,True,66,continuous_F,True,49,8,unknown
S1,622,H1A2_1200:0630,True,48,continuous_F,True,49,8,unknown
S1,623,H1A2_1200:0631,True,18,continuous_F,True,49,8,1
S1,624,H1A2_1200:0632,True,36,continuous_F,True,49,8,2
S1,625,H1A2_1200:0633,True,45,continuous_F,True,49,8,unknown
S1,626,H1A2_1200:0634,True,69,continuous_F,True,49,8,4
S1,627,H1A2_1200:0635,True,24,continuous_F,True,49,8,0
S1,628,H1A2_1200:0636,True,54,continuous_F,True,49,8,2
S1,629,H1A2_1200:0638,True,36,continuous_F,True,49,8,3
S1,630,H1A2_1200:0639,True,36,continuous_F,True,49,8,unknown
S1,631,H1A2_1200:0640,True,30,continuous_F,True,49,8,3
S1,632,H1A2_1200:0641,True,27,continuous_F,True,49,8,1
S1,633,H1A2_1200:0642,True,48,continuous_F,True,49,8,unknown
S1,634,H1A2_1200:0643,True,12,continuous_F,True,49,8,7
S1,635,H1A2_1200:0644,True,54,continuous_F,True,49,8,unknown
S1,636,H1A2_1200:0645,True,24,continuous_F,True,49,8,5
S1,637,H1A2_1200:0646,True,18,continuous_F,True,49,8,4
S1,638,H1A2_1200:0647,True,30,continuous_F,True,49,8,4
S1,639,H1A2_1200:0648,True,42,continuous_F,True,49,8,1
S1,640,H1A2_1200:0649,True,18,continuous_F,True,49,8,3
S1,641,H1A2_1200:0650,True,30,continuous_F,True,49,8,2
S1,642,H1A2_1200:0651,True,73,continuous_F,True,49,8,5
S1,643,H1A2_1200:0652,True,30,continuous_F,True,49,8,7
S1,644,H1A2_1200:0653,True,63,continuous_F,True,49,8,unknown
S1,645,H1A2_1200:0654,True,177,continuous_F,True,49,8,unknown
S1,646,H1A2_1200:0655,True,30,continuous_F,True,49,8,6
S1,647,H1A2_1200:0656,True,27,continuous_F,True,49,8,3
S1,648,H1A2_1200:0657,True,66,continuous_F,True,49,8,6
S1,649,H1A2_1200:0658,True,60,continuous_F,True,49,8,unknown
S1,650,H1A2_1200:0659,True,18,continuous_F,True,49,8,6
S1,651,H1A2_1200:0660,True,197,continuous_F,True,49,8,unknown
S1,652,H1A2_1200:0661,True,36,continuous_F,True,49,8,5
S1,653,H1A2_1200:0662,True,66,continuous_F,True,49,8,unknown
S1,654,H1A2_1200:0663,True,54,continuous_F,True,49,8,4
S1,655,H1A2_1200:0664,True,78,continuous_F,True,49,8,4
S1,656,H1A2_1200:0665,True,21,continuous_F,True,49,8,2
S1,657,H1A2_1200:0666,True,42,continuous_F,True,49,8,3
S1,658,H1A2_1200:0667,True,42,continuous_F,True,49,8,5
S1,659,H1A2_1200:0668,True,33,continuous_F,True,49,8,unknown
S1,660,H1A2_1200:0669,True,42,continuous_F,True,49,8,4
S1,661,H1A2_1200:0670,True,36,continuous_F,True,49,8,3
S1,662,H1A2_1200:0671,True,66,continuous_F,True,49,8,unknown
S1,663,H1A2_1200:0672,True,18,continuous_F,True,49,8,5
S1,664,H1A2_1200:0673,True,54,continuous_F,True,49,8,3
S1,665,H1A2_1200:0674,True,48,continuous_F,True,49,8,unknown
S1,666,H1A2_1200:0675,True,30,continuous_F,True,49,8,4
S1,667,H1A2_1200:0676,True,24,continuous_F,True,49,8,0
S1,668,H1A2_1200:0677,True,63,continuous_F,True,49,8,7
S1,669,H1A2_1200:0678,True,48,continuous_F,True,49,8,unknown
S1,670,H1A2_1200:0679,True,36,continuous_F,True,49,8,2
S1,671,H1A2_1200:0680,True,18,continuous_F,True,49,8,4
S1,672,H1A2_1200:0681,True,45,continuous_F,True,49,8,2
S1,673,H1A2_1200:0682,True,36,continuous_F,True,49,8,4
S1,674,H1A2_1200:0683,True,15,continuous_F,True,49,8,3
S1,675,H1A2_1200:0684,True,42,continuous_F,True,49,8,unknown
S1,676,H1A2_1200:0685,True,54,continuous_F,True,49,8,unknown
S1,677,H1A2_1200:0686,True,48,continuous_F,True,49,8,4
S1,678,H1A2_1200:0687,True,42,continuous_F,True,49,8,3
S1,679,H1A2_1200:0688,True,18,continuous_F,True,49,8,0
S1,680,H1A2_1200:0689,True,48,continuous_F,True,49,8,unknown
S1,681,H1A2_1200:0690,True,18,continuous_F,True,49,8,0
S1,682,H1A2_1200:0691,True,33,continuous_F,True,49,8,7
S1,683,H1A2_1200:0692,True,42,continuous_F,True,49,8,7
S1,684,H1A2_1200:0693,True,63,continuous_F,True,49,8,unknown
S1,685,H1A2_1200:0694,True,54,continuous_F,True,49,8,unknown
S1,686,H1A2_1200:0695,True,24,continuous_F,True,49,8,2
S1,687,H1A2_1200:0696,True,36,continuous_F,True,49,8,5
S1,688,H1A2_1200:0697,True,18,continuous_F,True,49,8,0
S1,689,H1A2_1200:0698,True,48,continuous_F,True,49,8,unknown
S1,690,H1A2_1200:0699,True,66,continuous_F,True,49,8,unknown
S1,691,H1A2_1200:0700,True,24,continuous_F,True,49,8,4
S1,692,H1A2_1200:0701,True,96,continuous_F,True,49,8,unknown
S1,693,H1A2_1200:0702,True,12,continuous_F,True,49,8,3
S1,694,H1A2_1200:0703,True,27,continuous_F,True,49,8,5
S1,695,H1A2_1200:0704,True,63,continuous_F,True,49,8,7
S1,696,H1A2_1200:0705,True,18,continuous_F,True,49,8,5
S1,697,H1A2_1200:0706,True,36,continuous_F,True,49,8,7
S1,698,H1A2_1200:0707,True,33,continuous_F,True,49,8,unknown
S1,699,H1A2_1200:0708,True,48,continuous_F,True,49,8,2
S1,700,H1A2_1200:0709,True,51,continuous_F,True,49,8,unknown
S1,701,H1A2_1200:0710,True,33,continuous_F,True,49,8,4
S1,702,H1A2_1200:0711,True,42,continuous_F,True,49,8,2
S1,703,H1A2_1200:0712,True,33,continuous_F,True,49,8,4
S1,704,H1A2_1200:0713,True,21,continuous_F,True,49,8,6
S1,705,H1A2_1200:0714,True,21,continuous_F,True,49,8,4
S1,706,H1A2_1200:0715,True,42,continuous_F,True,49,8,1
S1,707,H1A2_1200:0716,True,188,continuous_F,True,49,8,unknown
S1,708,H1A2_1200:0717,True,36,continuous_F,True,49,8,5
S1,709,H1A2_1200:0718,True,21,continuous_F,True,49,8,0
S1,710,H1A2_1200:0719,True,30,continuous_F,True,49,8,5
S1,711,H1A2_1200:0720,True,92,continuous_F,True,49,8,4
S1,712,H1A2_1200:0721,True,175,continuous_F,True,49,8,unknown
S1,713,H1A2_1200:0722,True,60,continuous_F,True,49,8,unknown
S1,714,H1A2_1200:0723,True,24,continuous_F,True,49,8,3
S1,715,H1A2_1200:0724,True,27,continuous_F,True,49,8,unknown
S1,716,H1A2_1200:0725,True,24,continuous_F,True,49,8,6
S1,717,H1A2_1200:0726,True,42,continuous_F,True,49,8,unknown
S1,718,H1A2_1200:0727,True,36,continuous_F,True,49,8,7
S1,719,H1A2_1200:0728,True,18,continuous_F,True,49,8,6
S1,720,H1A2_1200:0729,True,30,continuous_F,True,49,8,3
S1,721,H1A2_1200:0730,True,48,continuous_F,True,49,8,unknown
S1,722,H1A2_1200:0731,True,42,continuous_F,True,49,8,unknown
S1,723,H1A2_1200:0733,True,30,continuous_F,True,49,8,7
S1,724,H1A2_1200:0734,True,48,continuous_F,True,49,8,4
S1,725,H1A2_1200:0735,True,60,continuous_F,True,49,8,unknown
S1,726,H1A2_1200:0736,True,18,continuous_F,True,49,8,4
S1,727,H1A2_1200:0737,True,42,continuous_F,True,49,8,0
S1,728,H1A2_1200:0738,True,30,continuous_F,True,49,8,unknown
S1,729,H1A2_1200:0739,True,54,continuous_F,True,49,8,unknown
S1,730,H1A2_1200:0740,True,54,continuous_F,True,49,8,unknown
S1,731,H1A2_1200:0741,True,163,continuous_F,True,49,8,unknown
S1,732,H1A2_1200:0742,True,21,continuous_F,True,49,8,2
S1,733,H1A2_1200:0743,True,48,continuous_F,True,49,8,7
S1,734,H1A2_1200:0744,True,18,continuous_F,True,49,8,0
S1,735,H1A2_1200:0745,True,24,continuous_F,True,49,8,1
S1,736,H1A2_1200:0746,True,120,continuous_F,True,49,8,unknown
S1,737,H1A2_1200:0747,True,42,continuous_F,True,49,8,6
S1,738,H1A2_1200:0748,True,36,continuous_F,True,49,8,unknown
S1,739,H1A2_1200:0749,True,60,continuous_F,True,49,8,5
S1,740,H1A2_1200:0750,True,30,continuous_F,True,49,8,7
S1,741,H1A2_1200:0751,True,24,continuous_F,True,49,8,1
S1,742,H1A2_1200:0752,True,60,continuous_F,True,49,8,7
S1,743,H1A2_1200:0753,True,39,continuous_F,True,49,8,unknown
S1,744,H1A2_1200:0754,True,54,continuous_F,True,49,8,unknown
S1,745,H1A2_1200:0755,True,60,continuous_F,True,49,8,unknown
S1,746,H1A2_1200:0756,True,42,continuous_F,True,49,8,1
S1,747,H1A2_1200:0757,True,18,continuous_F,True,49,8,5
S1,748,H1A2_1200:0758,True,36,continuous_F,True,49,8,2
S1,749,H1A2_1200:0759,True,36,continuous_F,True,49,8,unknown
S1,750,H1A2_1200:0760,True,42,continuous_F,True,49,8,6
S1,751,H1A2_1200:0761,True,18,continuous_F,True,49,8,1
S1,752,H1A2_1200:0762,True,66,continuous_F,True,49,8,unknown
S1,753,H1A2_1200:0763,True,36,continuous_F,True,49,8,2
S1,754,H1A2_1200:0764,True,191,continuous_F,True,49,8,3
S1,755,H1A2_1200:0765,True,36,continuous_F,True,49,8,0
S1,756,H1A2_1200:0766,True,66,continuous_F,True,49,8,unknown
S1,757,H1A2_1200:0767,True,36,continuous_F,True,49,8,unknown
S1,758,H1A2_1200:0768,True,24,continuous_F,True,49,8,2
S1,759,H1A2_1200:0769,True,30,continuous_F,True,49,8,5
S1,760,H1A2_1200:0770,True,18,continuous_F,True,49,8,2
S1,761,H1A2_1200:0771,True,42,continuous_F,True,49,8,unknown
S1,762,H1A2_1200:0772,True,72,continuous_F,True,49,8,unknown
S1,763,H1A2_1200:0773,True,21,continuous_F,True,49,8,0
S1,764,H1A2_1200:0774,True,63,continuous_F,True,49,8,unknown
S1,765,H1A2_1200:0775,True,106,continuous_F,True,49,8,unknown
S1,766,H1A2_1200:0776,True,36,continuous_F,True,49,8,6
S1,767,H1A2_1200:0777,True,66,continuous_F,True,49,8,5
S1,768,H1A2_1200:0778,True,30,continuous_F,True,49,8,3
S1,769,H1A2_1200:0779,True,24,continuous_F,True,49,8,6
S1,770,H1A2_1200:0780,True,30,continuous_F,True,49,8,5
S1,771,H1A2_1200:0781,True,42,continuous_F,True,49,8,unknown
S1,772,H1A2_1200:0782,True,66,continuous_F,True,49,8,unknown
S1,773,H1A2_1200:0783,True,30,continuous_F,True,49,8,4
S1,774,H1A2_1200:0784,True,33,continuous_F,True,49,8,unknown
S1,775,H1A2_1200:0785,True,24,continuous_F,True,49,8,4
S1,776,H1A2_1200:0786,True,21,continuous_F,True,49,8,1
S1,777,H1A2_1200:0787,True,48,continuous_F,True,49,8,unknown
S1,778,H1A2_1200:0788,True,33,continuous_F,True,49,8,1
S1,779,H1A2_1200:0789,True,173,continuous_F,True,49,8,unknown
S1,780,H1A2_1200:0790,True,48,continuous_F,True,49,8,2
S1,781,H1A2_1200:0791,True,42,continuous_F,True,49,8,unknown
S1,782,H1A2_1200:0792,True,18,continuous_F,True,49,8,1
S1,783,H1A2_1200:0793,True,45,continuous_F,True,49,8,unknown
S1,784,H1A2_1200:0794,True,45,continuous_F,True,49,8,unknown
S1,785,H1A2_1200:0795,True,42,continuous_F,True,49,8,7
S1,786,H1A2_1200:0796,True,42,continuous_F,True,49,8,7
S1,787,H1A2_1200:0797,True,30,continuous_F,True,49,8,unknown
S1,788,H1A2_1200:0798,True,36,continuous_F,True,49,8,unknown
S1,789,H1A2_1200:0799,True,36,continuous_F,True,49,8,4
S1,790,H1A2_1200:0800,True,27,continuous_F,True,49,8,2
S1,791,H1A2_1200:0801,True,48,continuous_F,True,49,8,unknown
S1,792,H1A2_1200:0802,True,21,continuous_F,True,49,8,3
S1,793,H1A2_1200:0803,True,36,continuous_F,True,49,8,unknown
S1,794,H1A2_1200:0804,True,18,continuous_F,True,49,8,5
S1,795,H1A2_1200:0805,True,48,continuous_F,True,49,8,unknown
S1,796,H1A2_1200:0806,True,60,continuous_F,True,49,8,unknown
S1,797,H1A2_1200:0807,True,33,continuous_F,True,49,8,7
S1,798,H1A2_1200:0808,True,140,continuous_F,True,49,8,unknown
S1,799,H1A2_1200:0809,True,18,continuous_F,True,49,8,5
S1,800,H1A2_1200:0810,True,18,continuous_F,True,49,8,7
S1,801,H1A2_1200:0811,True,39,continuous_F,True,49,8,2
S1,802,H1A2_1200:0812,True,33,continuous_F,True,49,8,5
S1,803,H1A2_1200:0813,True,42,continuous_F,True,49,8,unknown
S1,804,H1A2_1200:0814,True,18,continuous_F,True,49,8,3
S1,805,H1A2_1200:0815,True,48,continuous_F,True,49,8,7
S1,806,H1A2_1200:0816,True,36,continuous_F,True,49,8,unknown
S1,807,H1A2_1200:0817,True,94,continuous_F,True,49,8,5
S1,808,H1A2_1200:0818,True,70,continuous_F,True,49,8,0
S1,809,H1A2_1200:0819,True,42,continuous_F,True,49,8,4
S1,810,H1A2_1200:0820,True,48,continuous_F,True,49,8,6
S1,811,H1A2_1200:0821,True,30,continuous_F,True,49,8,2
S1,812,H1A2_1200:0822,True,170,continuous_F,True,49,8,unknown
S1,813,H1A2_1200:0823,True,193,continuous_F,True,49,8,unknown
S1,814,H1A2_1200:0824,True,23,continuous_F,True,49,8,7
S1,815,H1A2_1200:0825,True,24,continuous_F,True,49,8,5
S1,816,H1A2_1200:0827,True,184,continuous_F,True,49,8,unknown
S1,817,H1A2_1200:0828,True,23,continuous_F,True,49,8,3
S1,818,H1A2_1200:0829,True,42,continuous_F,True,49,8,unknown
S1,819,H1A2_1200:0830,True,66,continuous_F,True,49,8,unknown
S1,820,H1A2_1200:0831,True,24,continuous_F,True,49,8,4
S1,821,H1A2_1200:0832,True,66,continuous_F,True,49,8,5
S1,822,H1A2_1200:0833,True,18,continuous_F,True,49,8,2
S1,823,H1A2_1200:0834,True,189,continuous_F,True,49,8,5
S1,824,H1A2_1200:0835,True,24,continuous_F,True,49,8,3
S1,825,H1A2_1200:0836,True,48,continuous_F,True,49,8,unknown
S1,826,H1A2_1200:0837,True,44,continuous_F,True,49,8,5
S1,827,H1A2_1200:0838,True,54,continuous_F,True,49,8,4
S1,828,H1A2_1200:0839,True,21,continuous_F,True,49,8,2
S1,829,H1A2_1200:0840,True,18,continuous_F,True,49,8,5
S1,830,H1A2_1200:0841,True,45,continuous_F,True,49,8,unknown
S1,831,H1A2_1200:0842,True,54,continuous_F,True,49,8,2
S1,832,H1A2_1200:0843,True,24,continuous_F,True,49,8,7
S1,833,H1A2_1200:0844,True,42,continuous_F,True,49,8,unknown
S1,834,H1A2_1200:0845,True,66,continuous_F,True,49,8,2
S1,835,H1A2_1200:0846,True,21,continuous_F,True,49,8,7
S1,836,H1A2_1200:0847,True,36,continuous_F,True,49,8,4
S1,837,H1A2_1200:0848,True,39,continuous_F,True,49,8,5
S1,838,H1A2_1200:0849,True,24,continuous_F,True,49,8,5
S1,839,H1A2_1200:0850,True,57,continuous_F,True,49,8,unknown
S1,840,H1A2_1200:0851,True,24,continuous_F,True,49,8,1
S1,841,H1A2_1200:0852,True,69,continuous_F,True,49,8,unknown
S1,842,H1A2_1200:0853,True,54,continuous_F,True,49,8,unknown
S1,843,H1A2_1200:0854,True,112,continuous_F,True,49,8,unknown
S1,844,H1A2_1200:0855,True,115,continuous_F,True,49,8,4
S1,845,H1A2_1200:0856,True,42,continuous_F,True,49,8,4
S1,846,H1A2_1200:0857,True,54,continuous_F,True,49,8,unknown
S1,847,H1A2_1200:0858,True,48,continuous_F,True,49,8,unknown
S1,848,H1A2_1200:0859,True,39,continuous_F,True,49,8,2
S1,849,H1A2_1200:0860,True,39,continuous_F,True,49,8,unknown
S1,850,H1A2_1200:0861,True,175,continuous_F,True,49,8,6
S1,851,H1A2_1200:0862,True,30,continuous_F,True,49,8,6
S1,852,H1A2_1200:0863,True,18,continuous_F,True,49,8,7
S1,853,H1A2_1200:0864,True,21,continuous_F,True,49,8,4
S1,854,H1A2_1200:0865,True,21,continuous_F,True,49,8,2
S1,855,H1A2_1200:0866,True,39,continuous_F,True,49,8,unknown
S1,856,H1A2_1200:0867,True,157,continuous_F,True,49,8,unknown
S1,857,H1A2_1200:0868,True,54,continuous_F,True,49,8,unknown
S1,858,H1A2_1200:0869,True,42,continuous_F,True,49,8,2
S1,859,H1A2_1200:0870,True,24,continuous_F,True,49,8,4
S1,860,H1A2_1200:0871,True,42,continuous_F,True,49,8,7
S1,861,H1A2_1200:0872,True,36,continuous_F,True,49,8,6
S1,862,H1A2_1200:0873,True,66,continuous_F,True,49,8,unknown
S1,863,H1A2_1200:0874,True,57,continuous_F,True,49,8,unknown
S1,864,H1A2_1200:0875,True,136,continuous_F,True,49,8,3
S1,865,H1A2_1200:0876,True,36,continuous_F,True,49,8,5
S1,866,H1A2_1200:0877,True,24,continuous_F,True,49,8,1
S1,867,H1A2_1200:0878,True,24,continuous_F,True,49,8,7
S1,868,H1A2_1200:0879,True,27,continuous_F,True,49,8,2
S1,869,H1A2_1200:0880,True,21,continuous_F,True,49,8,4
S1,870,H1A2_1200:0881,True,54,continuous_F,True,49,8,2
S1,871,H1A2_1200:0882,True,12,continuous_F,True,49,8,4
S1,872,H1A2_1200:0883,True,116,continuous_F,True,49,8,unknown
S1,873,H1A2_1200:0884,True,24,continuous_F,True,49,8,2
S1,874,H1A2_1200:0885,True,39,continuous_F,True,49,8,1
S1,875,H1A2_1200:0886,True,21,continuous_F,True,49,8,5
S1,876,H1A2_1200:0887,True,24,continuous_F,True,49,8,5
S1,877,H1A2_1200:0888,True,66,continuous_F,True,49,8,unknown
S1,878,H1A2_1200:0889,True,54,continuous_F,True,49,8,unknown
S1,879,H1A2_1200:0890,True,42,continuous_F,True,49,8,unknown
S1,880,H1A2_1200:0891,True,18,continuous_F,True,49,8,6
S1,881,H1A2_1200:0892,True,149,continuous_F,True,49,8,7
S1,882,H1A2_1200:0893,True,84,continuous_F,True,49,8,unknown
S1,883,H1A2_1200:0894,True,18,continuous_F,True,49,8,2
S1,884,H1A2_1200:0895,True,33,continuous_F,True,49,8,7
S1,885,H1A2_1200:0896,True,42,continuous_F,True,49,8,unknown
S1,886,H1A2_1200:0897,True,36,continuous_F,True,49,8,4
S1,887,H1A2_1200:0898,True,48,continuous_F,True,49,8,5
S1,888,H1A2_1200:0899,True,30,continuous_F,True,49,8,5
S1,889,H1A2_1200:0900,True,30,continuous_F,True,49,8,0
S1,890,H1A2_1200:0901,True,42,continuous_F,True,49,8,2
S1,891,H1A2_1200:0902,True,65,continuous_F,True,49,8,3
S1,892,H1A2_1200:0903,True,48,continuous_F,True,49,8,3
S1,893,H1A2_1200:0904,True,27,continuous_F,True,49,8,3
S1,894,H1A2_1200:0905,True,48,continuous_F,True,49,8,3
S1,895,H1A2_1200:0906,True,30,continuous_F,True,49,8,3
S1,896,H1A2_1200:0907,True,48,continuous_F,True,49,8,6
S1,897,H1A2_1200:0908,True,24,continuous_F,True,49,8,3
S1,898,H1A2_1200:0909,True,66,continuous_F,True,49,8,unknown
S1,899,H1A2_1200:0910,True,24,continuous_F,True,49,8,4
S1,900,H1A2_1200:0911,True,18,continuous_F,True,49,8,1
S1,901,H1A2_1200:0912,True,66,continuous_F,True,49,8,4
S1,902,H1A2_1200:0913,True,54,continuous_F,True,49,8,unknown
S1,903,H1A2_1200:0914,True,12,continuous_F,True,49,8,2
S1,904,H1A2_1200:0915,True,18,continuous_F,True,49,8,6
S1,905,H1A2_1200:0916,True,15,continuous_F,True,49,8,4
S1,906,H1A2_1200:0917,True,18,continuous_F,True,49,8,3
S1,907,H1A2_1200:0919,True,66,continuous_F,True,49,8,unknown
S1,908,H1A2_1200:0920,True,45,continuous_F,True,49,8,unknown
S1,909,H1A2_1200:0921,True,33,continuous_F,True,49,8,6
S1,910,H1A2_1200:0922,True,51,continuous_F,True,49,8,5
S1,911,H1A2_1200:0923,True,33,continuous_F,True,49,8,3
S1,912,H1A2_1200:0924,True,24,continuous_F,True,49,8,6
S1,913,H1A2_1200:0925,True,167,continuous_F,True,49,8,7
S1,914,H1A2_1200:0926,True,78,continuous_F,True,49,8,unknown
S1,915,H1A2_1200:0927,True,45,continuous_F,True,49,8,unknown
S1,916,H1A2_1200:0928,True,48,continuous_F,True,49,8,unknown
S1,917,H1A2_1200:0929,True,30,continuous_F,True,49,8,6
S1,918,H1A2_1200:0930,True,42,continuous_F,True,49,8,2
S1,919,H1A2_1200:0931,True,18,continuous_F,True,49,8,1
S1,920,H1A2_1200:0932,True,66,continuous_F,True,49,8,unknown
S1,921,H1A2_1200:0933,True,42,continuous_F,True,49,8,7
S1,922,H1A2_1200:0934,True,36,continuous_F,True,49,8,1
S1,923,H1A2_1200:0935,True,24,continuous_F,True,49,8,3
S1,924,H1A2_1200:0936,True,54,continuous_F,True,49,8,unknown
S1,925,H1A2_1200:0937,True,18,continuous_F,True,49,8,3
S1,926,H1A2_1200:0938,True,48,continuous_F,True,49,8,unknown
S1,927,H1A2_1200:0939,True,48,continuous_F,True,49,8,7
S1,928,H1A2_1200:0940,True,61,continuous_F,True,49,8,0
S1,929,H1A2_1200:0941,True,24,continuous_F,True,49,8,6
S1,930,H1A2_1200:0942,True,54,continuous_F,True,49,8,unknown
S1,931,H1A2_1200:0943,True,48,continuous_F,True,49,8,unknown
S1,932,H1A2_1200:0944,True,54,continuous_F,True,49,8,unknown
S1,933,H1A2_1200:0945,True,54,continuous_F,True,49,8,unknown
S1,934,H1A2_1200:0946,True,45,continuous_F,True,49,8,2
S1,935,H1A2_1200:0947,True,60,continuous_F,True,49,8,unknown
S1,936,H1A2_1200:0948,True,42,continuous_F,True,49,8,7
S1,937,H1A2_1200:0949,True,188,continuous_F,True,49,8,unknown
S1,938,H1A2_1200:0950,True,36,continuous_F,True,49,8,5
S1,939,H1A2_1200:0951,True,17,continuous_F,True,49,8,4
S1,940,H1A2_1200:0952,True,18,continuous_F,True,49,8,0
S1,941,H1A2_1200:0953,True,66,continuous_F,True,49,8,1
S1,942,H1A2_1200:0954,True,24,continuous_F,True,49,8,0
S1,943,H1A2_1200:0955,True,30,continuous_F,True,49,8,4
S1,944,H1A2_1200:0956,True,18,continuous_F,True,49,8,0
S1,945,H1A2_1200:0957,True,30,continuous_F,True,49,8,5
S1,946,H1A2_1200:0958,True,42,continuous_F,True,49,8,unknown
S1,947,H1A2_1200:0959,True,36,continuous_F,True,49,8,3
S1,948,H1A2_1200:0960,True,48,continuous_F,True,49,8,4
S1,949,H1A2_1200:0961,True,24,continuous_F,True,49,8,1
S1,950,H1A2_1200:0962,True,36,continuous_F,True,49,8,3
S1,951,H1A2_1200:0963,True,30,continuous_F,True,49,8,unknown
S1,952,H1A2_1200:0964,True,42,continuous_F,True,49,8,unknown
S1,953,H1A2_1200:0965,True,42,continuous_F,True,49,8,unknown
S1,954,H1A2_1200:0966,True,54,continuous_F,True,49,8,4
S1,955,H1A2_1200:0967,True,18,continuous_F,True,49,8,6
S1,956,H1A2_1200:0968,True,42,continuous_F,True,49,8,0
S1,957,H1A2_1200:0969,True,36,continuous_F,True,49,8,unknown
S1,958,H1A2_1200:0970,True,48,continuous_F,True,49,8,2
S1,959,H1A2_1200:0971,True,193,continuous_F,True,49,8,unknown
S1,960,H1A2_1200:0972,True,36,continuous_F,True,49,8,5
S1,961,H1A2_1200:0973,True,59,continuous_F,True,49,8,unknown
S1,962,H1A2_1200:0974,True,18,continuous_F,True,49,8,7
S1,963,H1A2_1200:0975,True,12,continuous_F,True,49,8,6
S1,964,H1A2_1200:0976,True,36,continuous_F,True,49,8,unknown
S1,965,H1A2_1200:0977,True,70,continuous_F,True,49,8,6
S1,966,H1A2_1200:0978,True,18,continuous_F,True,49,8,6
S1,967,H1A2_1200:0979,True,165,continuous_F,True,49,8,5
S1,968,H1A2_1200:0980,True,39,continuous_F,True,49,8,unknown
S1,969,H1A2_1200:0981,True,87,continuous_F,True,49,8,2
S1,970,H1A2_1200:0982,True,18,continuous_F,True,49,8,6
S1,971,H1A2_1200:0983,True,24,continuous_F,True,49,8,5
S1,972,H1A2_1200:0984,True,155,continuous_F,True,49,8,0
S1,973,H1A2_1200:0985,True,42,continuous_F,True,49,8,unknown
S1,974,H1A2_1200:0986,True,66,continuous_F,True,49,8,unknown
S1,975,H1A2_1200:0987,True,45,continuous_F,True,49,8,unknown
S1,976,H1A2_1200:0988,True,36,continuous_F,True,49,8,5
S1,977,H1A2_1200:0989,True,54,continuous_F,True,49,8,unknown
S1,978,H1A2_1200:0990,True,63,continuous_F,True,49,8,unknown
S1,979,H1A2_1200:0991,True,113,continuous_F,True,49,8,1
S1,980,H1A2_1200:0992,True,18,continuous_F,True,49,8,5
S1,981,H1A2_1200:0993,True,18,continuous_F,True,49,8,4
S1,982,H1A2_1200:0994,True,27,continuous_F,True,49,8,5
S1,983,H1A2_1200:0995,True,178,continuous_F,True,49,8,1
S1,984,H1A2_1200:0996,True,63,continuous_F,True,49,8,4
S1,985,H1A2_1200:0997,True,190,continuous_F,True,49,8,4
S1,986,H1A2_1200:0998,True,54,continuous_F,True,49,8,0
S1,987,H1A2_1200:0999,True,39,continuous_F,True,49,8,2
S1,988,H1A2_1200:1000,True,66,continuous_F,True,49,8,unknown
S1,989,H1A2_1200:1001,True,36,continuous_F,True,49,8,unknown
S1,990,H1A2_1200:1002,True,42,continuous_F,True,49,8,unknown
S1,991,H1A2_1200:1003,True,27,continuous_F,True,49,8,7
S1,992,H1A2_1200:1004,True,21,continuous_F,True,49,8,4
S1,993,H1A2_1200:1005,True,54,continuous_F,True,49,8,unknown
S1,994,H1A2_1200:1006,True,18,continuous_F,True,49,8,2
S1,995,H1A2_1200:1007,True,36,continuous_F,True,49,8,unknown
S1,996,H1A2_1200:1008,True,144,continuous_F,True,49,8,unknown
S1,997,H1A2_1200:1009,True,12,continuous_F,True,49,8,0
S1,998,H1A2_1200:1010,True,145,continuous_F,True,49,8,unknown
S1,999,H1A2_1200:1011,True,54,continuous_F,True,49,8,unknown
S1,1000,H1A2_1200:1012,True,42,continuous_F,True,49,8,6
S1,1001,H1A2_1200:1013,True,57,continuous_F,True,49,8,unknown
S1,1002,H1A2_1200:1014,True,33,continuous_F,True,49,8,0
S1,1003,H1A2_1200:1015,True,48,continuous_F,True,49,8,1
S1,1004,H1A2_1200:1016,True,60,continuous_F,True,49,8,3
S1,1005,H1A2_1200:1017,True,24,continuous_F,True,49,8,0
S1,1006,H1A2_1200:1018,True,60,continuous_F,True,49,8,0
S1,1007,H1A2_1200:1019,True,36,continuous_F,True,49,8,1
S1,1008,H1A2_1200:1020,True,24,continuous_F,True,49,8,2
S1,1009,H1A2_1200:1021,True,33,continuous_F,True,49,8,0
S1,1010,H1A2_1200:1022,True,60,continuous_F,True,49,8,unknown
S1,1011,H1A2_1200:1023,True,103,continuous_F,True,49,8,4
S1,1012,H1A2_1200:1024,True,27,continuous_F,True,49,8,2
S1,1013,H1A2_1200:1025,True,36,continuous_F,True,49,8,3
S1,1014,H1A2_1200:1026,True,48,continuous_F,True,49,8,2
S1,1015,H1A2_1200:1027,True,24,continuous_F,True,49,8,3
S1,1016,H1A2_1200:1028,True,180,continuous_F,True,49,8,unknown
S1,1017,H1A2_1200:1029,True,36,continuous_F,True,49,8,unknown
S1,1018,H1A2_1200:1030,True,24,continuous_F,True,49,8,2
S1,1019,H1A2_1200:1031,True,54,continuous_F,True,49,8,unknown
S1,1020,H1A2_1200:1032,True,18,continuous_F,True,49,8,3
S1,1021,H1A2_1200:1033,True,42,continuous_F,True,49,8,4
S1,1022,H1A2_1200:1034,True,66,continuous_F,True,49,8,unknown
S1,1023,H1A2_1200:1035,True,48,continuous_F,True,49,8,unknown
S1,1024,H1A2_1200:1036,True,45,continuous_F,True,49,8,unknown
S1,1025,H1A2_1200:1037,True,36,continuous_F,True,49,8,unknown
S1,1026,H1A2_1200:1038,True,26,continuous_F,True,49,8,2
S1,1027,H1A2_1200:1039,True,81,continuous_F,True,49,8,unknown
S1,1028,H1A2_1200:1040,True,36,continuous_F,True,49,8,6
S1,1029,H1A2_1200:1041,True,33,continuous_F,True,49,8,6
S1,1030,H1A2_1200:1042,True,66,continuous_F,True,49,8,unknown
S1,1031,H1A2_1200:1043,True,39,continuous_F,True,49,8,2
S1,1032,H1A2_1200:1044,True,54,continuous_F,True,49,8,2
S1,1033,H1A2_1200:1045,True,54,continuous_F,True,49,8,unknown
S1,1034,H1A2_1200:1046,True,66,continuous_F,True,49,8,unknown
S1,1035,H1A2_1200:1047,True,18,continuous_F,True,49,8,6
S1,1036,H1A2_1200:1048,True,36,continuous_F,True,49,8,7
S1,1037,H1A2_1200:1049,True,18,continuous_F,True,49,8,0
S1,1038,H1A2_1200:1050,True,36,continuous_F,True,49,8,unknown
S1,1039,H1A2_1200:1051,True,36,continuous_F,True,49,8,5
S1,1040,H1A2_1200:1052,True,54,continuous_F,True,49,8,unknown
S1,1041,H1A2_1200:1053,True,36,continuous_F,True,49,8,2
S1,1042,H1A2_1200:1054,True,30,continuous_F,True,49,8,0
S1,1043,H1A2_1200:1055,True,36,continuous_F,True,49,8,2
S1,1044,H1A2_1200:1056,True,18,continuous_F,True,49,8,1
S1,1045,H1A2_1200:1057,True,36,continuous_F,True,49,8,4
S1,1046,H1A2_1200:1058,True,24,continuous_F,True,49,8,2
S1,1047,H1A2_1200:1059,True,63,continuous_F,True,49,8,3
S1,1048,H1A2_1200:1060,True,18,continuous_F,True,49,8,5
S1,1049,H1A2_1200:1061,True,24,continuous_F,True,49,8,5
