group,source_id,ordinal,formula,comp_valid_standard,comp_valid,mixed_supplement,struct_valid,V,U,N,UN,VUN,VUN_standard,Stable,MetaStable,SUN,MSUN,terminal_status
F800,H1A2_1200:0000,0,Sn,True,True,False,True,True,True,False,False,False,False,False,True,False,False,verified
F800,H1A2_1200:0001,1,Se12Ba4Pr2Tm2,False,False,False,True,False,True,True,True,False,False,False,True,False,True,verified
F800,H1A2_1200:0002,2,Mn12Ge4,True,True,False,True,True,True,True,True,True,True,False,True,False,True,verified
F800,H1A2_1200:0003,3,O4Se2In2Bi2,True,True,False,True,True,True,True,True,True,True,False,False,False,False,verified
F800,H1A2_1200:0004,4,Cu2Ge4Nd2,True,True,False,True,True,True,True,True,True,True,False,True,False,True,verified
F800,H1A2_1200:0005,5,MgRh,True,True,False,True,True,True,False,False,False,False,True,True,False,False,verified
F800,H1A2_1200:0006,6,Ti2Co2As4,True,True,False,True,True,True,True,True,True,True,False,False,False,False,verified
F800,H1A2_1200:0007,7,O12Na2Sr2Tm2W2,True,True,False,True,True,True,True,True,True,True,False,True,False,True,verified
F800,H1A2_1200:0008,8,O6TiSr2Sb,True,True,False,True,True,True,True,True,True,True,False,False,False,False,verified
F800,H1A2_1200:0009,9,P4K4,True,True,False,True,True,True,True,True,True,True,False,True,False,True,verified
F800,H1A2_1200:0011,10,Li2F8V2,True,True,False,True,True,True,True,True,True,True,False,True,False,True,verified
F800,H1A2_1200:0012,11,O10Sr2Y2Ba2Bi2,True,True,False,True,True,True,True,True,True,True,False,False,False,False,verified
F800,H1A2_1200:0013,12,H6O6Ca2Rb2,True,True,False,True,True,True,True,True,True,True,False,True,False,True,verified
F800,H1A2_1200:0014,13,O8NaY4Tl,True,True,False,True,True,True,True,True,True,True,False,False,False,False,verified
F800,H1A2_1200:0015,14,YAg3,True,True,False,True,True,True,True,True,True,True,False,True,False,True,verified
F800,H1A2_1200:0016,15,Ti3Ge6Tm6,True,True,False,True,True,True,True,True,True,True,False,True,False,True,verified
F800,H1A2_1200:0017,16,O6Cs3Nd,True,True,False,True,True,True,True,True,True,True,False,False,False,False,verified
F800,H1A2_1200:0018,17,As2Eu4Au2,True,True,False,True,True,True,True,True,True,True,False,True,False,True,verified
F800,H1A2_1200:0019,18,F6NaCs2Pb,True,True,False,True,True,True,False,False,False,False,True,True,False,False,verified
F800,H1A2_1200:0020,19,H10Al4K2,False,False,False,True,False,True,True,True,False,False,False,False,False,False,verified
F800,H1A2_1200:0021,20,B2Rh3,False,False,False,True,False,True,True,True,False,False,False,True,False,True,verified
F800,H1A2_1200:0022,21,K2As4Ag6,True,True,False,True,True,True,True,True,True,True,False,True,False,True,verified
F800,H1A2_1200:0023,22,O6Ba2TbU,True,True,False,True,True,True,True,True,True,True,True,True,True,True,verified
F800,H1A2_1200:0024,23,Li2O4F6V2,True,True,False,True,True,True,True,True,True,True,False,False,False,False,verified
F800,H1A2_1200:0025,24,Li4F8V2,True,True,False,True,True,True,True,True,True,True,False,True,False,True,verified
F800,H1A2_1200:0026,25,Pd2Ag2,True,True,False,True,True,True,True,True,True,True,True,True,True,True,verified
F800,H1A2_1200:0027,26,O6NbBa2Tb,True,True,False,True,True,True,False,False,False,False,False,True,False,False,verified
F800,H1A2_1200:0028,27,O8YMo2,True,True,False,True,True,True,True,True,True,True,False,False,False,False,verified
F800,H1A2_1200:0029,28,Si2Fe2Dy,True,True,False,True,True,True,True,True,True,True,False,True,False,True,verified
F800,H1A2_1200:0030,29,Cl6Rb2Ir,True,True,False,True,True,True,True,True,True,True,True,True,True,True,verified
F800,H1A2_1200:0031,30,O12Fe4Zr2,True,True,False,True,True,True,True,True,True,True,False,False,False,False,verified
F800,H1A2_1200:0032,31,O4S4Mo2Te4,True,True,False,True,True,True,True,True,True,True,False,False,False,False,verified
F800,H1A2_1200:0033,32,LiBr3Cs,False,False,False,True,False,True,True,True,False,False,False,False,False,False,verified
F800,H1A2_1200:0034,33,Si3CaAg,False,False,False,True,False,True,True,True,False,False,False,False,False,False,verified
F800,H1A2_1200:0035,34,O4S8Ta4,True,True,False,True,True,True,True,True,True,True,False,False,False,False,verified
F800,H1A2_1200:0036,35,Ge2Rh4Hf4,True,True,False,True,True,True,True,True,True,True,False,True,False,True,verified
F800,H1A2_1200:0037,36,Mg2Ag2Cd2,True,True,False,True,True,True,True,True,True,True,False,True,False,True,verified
F800,H1A2_1200:0038,37,Sc2CdPb,True,True,False,True,True,True,True,True,True,True,False,False,False,False,verified
F800,H1A2_1200:0039,38,Ti5Cu6Ge4,True,True,False,True,True,True,True,True,True,True,False,False,False,False,verified
F800,H1A2_1200:0040,39,Mg6As8,False,False,False,True,False,True,True,True,False,False,False,False,False,False,verified
F800,H1A2_1200:0041,40,CaCd2In,True,True,False,True,True,True,True,True,True,True,False,True,False,True,verified
F800,H1A2_1200:0042,41,O4Sb2,True,True,False,True,True,True,True,True,True,True,False,False,False,False,verified
F800,H1A2_1200:0043,42,H4O10K2Co3,True,True,False,True,True,True,True,True,True,True,False,False,False,False,verified
F800,H1A2_1200:0044,43,Ag3In3Sm3,True,True,False,True,True,True,True,True,True,True,False,True,False,True,verified
F800,H1A2_1200:0045,44,LiCl6Cs2La,True,True,False,True,True,True,False,False,False,False,False,True,False,False,verified
F800,H1A2_1200:0046,45,ZnRh2Sb,True,True,False,True,True,True,True,True,True,True,False,True,False,True,verified
F800,H1A2_1200:0047,46,O6K2Cu2La2,True,True,False,True,True,True,True,True,True,True,False,False,False,False,verified
F800,H1A2_1200:0048,47,CuPdSb,True,True,False,True,True,True,True,True,True,True,False,False,False,False,verified
F800,H1A2_1200:0049,48,O8K2Nb2In,True,True,False,True,True,True,True,True,True,True,False,False,False,False,verified
F800,H1A2_1200:0051,50,O7As2Rb2,False,False,False,True,False,True,True,True,False,False,True,True,True,True,verified
F800,H1A2_1200:0052,51,O8Ni4Rb4,True,True,False,True,True,True,True,True,True,True,False,False,False,False,verified
F800,H1A2_1200:0053,52,O12Co4Tb4,True,True,False,True,True,True,True,True,True,True,False,False,False,False,verified
F800,H1A2_1200:0054,53,Al5Ge5Ho,True,True,False,True,True,True,True,True,True,True,False,False,False,False,verified
F800,H1A2_1200:0055,54,Li2F2Mg,False,False,False,True,False,True,True,True,False,False,False,False,False,False,verified
F800,H1A2_1200:0056,55,CoZr6Te8,True,True,False,True,True,True,True,True,True,True,False,True,False,True,verified
F800,H1A2_1200:0057,56,Ga4Ag4Te8,True,True,False,True,True,True,True,True,True,True,False,True,False,True,verified
F800,H1A2_1200:0058,57,Cl4Pd4,True,True,False,True,True,True,True,True,True,True,False,False,False,False,verified
F800,H1A2_1200:0059,58,TiCr2Te4,True,True,False,True,True,True,True,True,True,True,False,True,False,True,verified
F800,H1A2_1200:0060,59,Cu4Ge6Er8,True,True,False,True,True,True,True,True,True,True,False,False,False,False,verified
F800,H1A2_1200:0061,60,Ge4Sb4Te10,True,True,False,True,True,True,True,True,True,True,False,True,False,True,verified
F800,H1A2_1200:0062,61,Li2O2F8Mn4,True,True,False,True,True,True,True,True,True,True,False,True,False,True,verified
F800,H1A2_1200:0063,62,InLaHg2,True,True,False,True,True,True,True,True,True,True,False,True,False,True,verified
F800,H1A2_1200:0064,63,AlCo2Sm2,True,True,False,True,True,True,True,True,True,True,False,False,False,False,verified
F800,H1A2_1200:0065,64,O12Ga4Hf4,True,True,False,True,True,True,True,True,True,True,False,False,False,False,verified
F800,H1A2_1200:0066,65,O3SrTa,True,True,False,True,True,True,False,False,False,False,False,True,False,False,verified
F800,H1A2_1200:0067,66,Ge6Rh6Ce4,True,True,False,True,True,True,True,True,True,True,False,True,False,True,verified
F800,H1A2_1200:0068,67,O8Sr4Pt4,True,True,False,True,True,True,True,True,True,True,False,False,False,False,verified
F800,H1A2_1200:0070,69,O8Al2Ni2,True,True,False,True,True,True,True,True,True,True,False,False,False,False,verified
F800,H1A2_1200:0071,70,O7Ge4Cs2,True,True,False,True,True,True,True,True,True,True,True,True,True,True,verified
F800,H1A2_1200:0072,71,K4I12Hg4,True,True,False,True,True,True,True,True,True,True,False,True,False,True,verified
F800,H1A2_1200:0073,72,H3Np,True,True,False,True,True,True,False,False,False,False,False,True,False,False,verified
F800,H1A2_1200:0074,73,AgSn3Pt4,True,True,False,True,True,True,True,True,True,True,False,True,False,True,verified
F800,H1A2_1200:0075,74,Sc2As2,True,True,False,True,True,True,False,False,False,False,False,True,False,False,verified
F800,H1A2_1200:0076,75,O8Nb2Lu2,True,True,False,True,True,True,True,True,True,True,False,False,False,False,verified
F800,H1A2_1200:0077,76,Li2O4Mn2,True,True,False,True,True,True,True,True,True,True,False,True,False,True,verified
F800,H1A2_1200:0078,77,Pd4Sb4Pr4,True,True,False,True,True,True,True,True,True,True,False,True,False,True,verified
F800,H1A2_1200:0079,78,O6Ba2TaBi,True,True,False,True,True,True,False,False,False,False,False,True,False,False,verified
F800,H1A2_1200:0080,79,Zn2Se8Cs4,True,True,False,True,True,True,True,True,True,True,False,True,False,True,verified
F800,H1A2_1200:0081,80,Mg6Ge10Pr4,True,True,False,True,True,True,True,True,True,True,False,True,False,True,verified
F800,H1A2_1200:0082,81,C4O12Sm4,True,True,False,True,True,True,True,True,True,True,False,False,False,False,verified
F800,H1A2_1200:0085,84,Ag4Ce2,True,True,False,True,True,True,True,True,True,True,False,True,False,True,verified
F800,H1A2_1200:0086,85,O6FeBa2Bi,True,True,False,True,True,True,True,True,True,True,True,True,True,True,verified
F800,H1A2_1200:0087,86,Sc2ZnIr,True,True,False,True,True,True,True,True,True,True,False,True,False,True,verified
F800,H1A2_1200:0088,87,F12CaV2Zn2,True,True,False,True,True,True,True,True,True,True,False,True,False,True,verified
F800,H1A2_1200:0089,88,Cd3Pr3Au3,True,True,False,True,True,True,True,True,True,True,False,True,False,True,verified
F800,H1A2_1200:0090,89,O12W4,True,True,False,True,True,True,True,True,True,True,False,False,False,False,verified
F800,H1A2_1200:0091,90,P8Ge4Ba4,True,True,False,True,True,True,True,True,True,True,False,True,False,True,verified
F800,H1A2_1200:0092,91,Sc2CuIr,True,True,False,True,True,True,False,False,False,False,False,True,False,False,verified
F800,H1A2_1200:0093,92,Ca2Ag2In2,True,True,False,True,True,True,True,True,True,True,True,True,True,True,verified
F800,H1A2_1200:0094,93,O8Cr2Ba2La,True,True,False,True,True,True,True,True,True,True,False,False,False,False,verified
F800,H1A2_1200:0095,94,B6Pd12Ce,False,False,False,True,False,True,True,True,False,False,False,False,False,False,verified
F800,H1A2_1200:0096,95,S2Se4Ag4In2,True,True,False,True,True,True,True,True,True,True,False,False,False,False,verified
F800,H1A2_1200:0097,96,Si2Fe10Pr,False,False,False,True,False,True,True,True,False,False,False,True,False,True,verified
F800,H1A2_1200:0098,97,C2Mo2Hf2,True,True,False,True,True,True,True,True,True,True,False,False,False,False,verified
F800,H1A2_1200:0099,98,Zn2As2,True,True,False,True,True,True,True,True,True,True,False,True,False,True,verified
F800,H1A2_1200:0100,99,O8Pd2In4,True,True,False,True,True,True,True,True,True,True,False,False,False,False,verified
F800,H1A2_1200:0101,100,NaCl6Cs2Tm,True,True,False,True,True,True,True,True,True,True,True,True,True,True,verified
F800,H1A2_1200:0102,101,ZnInNd2,True,True,False,True,True,True,True,True,True,True,True,True,True,True,verified
F800,H1A2_1200:0103,102,Si4Fe6,True,True,False,True,True,True,True,True,True,True,False,True,False,True,verified
F800,H1A2_1200:0104,103,Ga7Sm10,True,True,False,True,True,True,True,True,True,True,False,True,False,True,verified
F800,H1A2_1200:0105,104,O2F10Mn6,True,True,False,True,True,True,True,True,True,True,False,True,False,True,verified
F800,H1A2_1200:0106,105,TiMn2Ge,True,True,False,True,True,True,True,True,True,True,False,True,False,True,verified
F800,H1A2_1200:0107,106,O4F2Rb4,False,False,False,True,False,True,True,True,False,False,False,True,False,True,verified
F800,H1A2_1200:0108,107,O3NiBa,True,True,False,True,True,True,True,True,True,True,False,False,False,False,verified
F800,H1A2_1200:0109,108,Li2O8Ti2Co2,True,True,False,True,True,True,True,True,True,True,False,False,False,False,verified
F800,H1A2_1200:0110,109,O8Ca2Ba2Tb2,True,True,False,True,True,True,True,True,True,True,False,False,False,False,verified
F800,H1A2_1200:0111,110,Ga2Ba2,True,True,False,True,True,True,True,True,True,True,False,True,False,True,verified
F800,H1A2_1200:0112,111,O8F4V6,True,True,False,True,True,True,True,True,True,True,False,False,False,False,verified
F800,H1A2_1200:0113,112,O6Ba2EuPa,True,True,False,True,True,True,True,True,True,True,True,True,True,True,verified
F800,H1A2_1200:0114,113,LiO8V7,True,True,False,True,True,True,True,True,True,True,False,True,False,True,verified
F800,H1A2_1200:0115,114,Si3Ni3Ta3,False,False,False,True,False,True,True,True,False,False,False,False,False,False,verified
F800,H1A2_1200:0116,115,H12Ba4,False,False,False,True,False,True,True,True,False,False,False,False,False,False,verified
F800,H1A2_1200:0117,116,O4F2Y2,True,True,False,True,True,True,True,True,True,True,False,False,False,False,verified
F800,H1A2_1200:0118,117,O2SbGd,True,True,False,True,True,True,True,True,True,True,False,False,False,False,verified
F800,H1A2_1200:0119,118,Li2O12Si4Nb2,True,True,False,True,True,True,True,True,True,True,False,False,False,False,verified
F800,H1A2_1200:0120,119,Zn2CeTb,True,True,False,True,True,True,True,True,True,True,False,True,False,True,verified
F800,H1A2_1200:0121,120,C2O6F2Rb4,True,True,False,True,True,True,True,True,True,True,False,True,False,True,verified
F800,H1A2_1200:0122,121,Sn4Lu4Pt4,True,True,False,True,True,True,True,True,True,True,False,True,False,True,verified
F800,H1A2_1200:0123,122,Ga4Pd4Eu4,True,True,False,True,True,True,True,True,True,True,True,True,True,True,verified
F800,H1A2_1200:0124,123,O12Mn2Cu2Ba2Pr2,True,True,False,True,True,True,True,True,True,True,False,True,False,True,verified
F800,H1A2_1200:0125,124,O8Co2Ni2,True,True,False,True,True,True,True,True,True,True,False,False,False,False,verified
F800,H1A2_1200:0126,125,Si4La2,True,True,False,True,True,True,False,False,False,False,False,True,False,False,verified
F800,H1A2_1200:0127,126,S8Se2Ag4Sb2,True,True,False,True,True,True,True,True,True,True,False,False,False,False,verified
F800,H1A2_1200:0128,127,Si2Cu2Gd2,False,False,False,True,False,True,True,True,False,False,False,True,False,True,verified
F800,H1A2_1200:0129,128,Ni6Ge6Dy,True,True,False,True,True,True,True,True,True,True,False,True,False,True,verified
F800,H1A2_1200:0130,129,MgCa3,True,True,False,True,True,True,False,False,False,False,False,True,False,False,verified
F800,H1A2_1200:0131,130,S6Rb3Ta,True,True,False,True,True,True,True,True,True,True,False,True,False,True,verified
F800,H1A2_1200:0132,131,Al4NdAu,True,True,False,True,True,True,True,True,True,True,True,True,True,True,verified
F800,H1A2_1200:0133,132,O8KCr4,False,True,True,True,True,True,True,True,True,False,False,False,False,False,verified
F800,H1A2_1200:0134,133,Zn4Sn4Tb3,True,True,False,True,True,True,True,True,True,True,False,True,False,True,verified
F800,H1A2_1200:0135,134,MnRh2Sn,True,True,False,True,True,True,False,False,False,False,False,True,False,False,verified
F800,H1A2_1200:0136,135,O10Sc2Mo2La2,True,True,False,True,True,True,True,True,True,True,False,False,False,False,verified
F800,H1A2_1200:0137,136,Mg2Pd,True,True,False,True,True,True,True,True,True,True,True,True,True,True,verified
F800,H1A2_1200:0138,137,O7P2Br3In3,True,True,False,True,True,True,True,True,True,True,False,False,False,False,verified
F800,H1A2_1200:0139,138,F6V2,True,True,False,True,True,True,True,True,True,True,False,False,False,False,verified
F800,H1A2_1200:0140,139,Si2Ca2Pd2,False,False,False,True,False,True,True,True,False,False,False,True,False,True,verified
F800,H1A2_1200:0141,140,SiCu5Ta,False,False,False,True,False,True,True,True,False,False,False,False,False,False,verified
F800,H1A2_1200:0142,141,O7Ba2Ce2W,True,True,False,True,True,True,True,True,True,True,False,False,False,False,verified
F800,H1A2_1200:0143,142,O12Al2Sc2Sb2Ba2,True,True,False,True,True,True,True,True,True,True,False,False,False,False,verified
F800,H1A2_1200:0144,143,Sc4Ni2Sb4,True,True,False,True,True,True,True,True,True,True,False,True,False,True,verified
F800,H1A2_1200:0145,144,O4Cu2Sb2,True,True,False,True,True,True,True,True,True,True,False,False,False,False,verified
F800,H1A2_1200:0146,145,S4Cl4Nb2,True,True,False,True,True,True,True,True,True,True,False,False,False,False,verified
F800,H1A2_1200:0147,146,YPdSb,True,True,False,True,True,True,False,False,False,False,False,True,False,False,verified
F800,H1A2_1200:0148,147,Y2Pm6,False,False,False,True,False,True,True,True,False,False,False,True,False,True,verified
F800,H1A2_1200:0149,148,Cu4Se8Sb2,True,True,False,True,True,True,True,True,True,True,False,True,False,True,verified
F800,H1A2_1200:0150,149,Mg4Sc6,True,True,False,True,True,True,True,True,True,True,False,True,False,True,verified
F800,H1A2_1200:0151,150,Ge2ZrRh3,True,True,False,True,True,True,True,True,True,True,False,True,False,True,verified
F800,H1A2_1200:0152,151,Cu3Ga3Te6,True,True,False,True,True,True,True,True,True,True,False,False,False,False,verified
F800,H1A2_1200:0153,152,Cd2Sb2La,True,True,False,True,True,True,True,True,True,True,True,True,True,True,verified
F800,H1A2_1200:0154,153,Li2F8Mn2,True,True,False,True,True,True,True,True,True,True,False,True,False,True,verified
F800,H1A2_1200:0155,154,Cl12Rb2Pr2,False,False,False,True,False,True,True,True,False,False,False,True,False,True,verified
F800,H1A2_1200:0156,155,SnHf2Ir,True,True,False,True,True,True,True,True,True,True,False,False,False,False,verified
F800,H1A2_1200:0157,156,Si6La6Ir4,False,False,False,True,False,True,True,True,False,False,False,True,False,True,verified
F800,H1A2_1200:0158,157,Pd3Eu,True,True,False,True,True,True,False,False,False,False,True,True,False,False,verified
F800,H1A2_1200:0159,158,S4Pb2Bi2,True,True,False,True,True,True,True,True,True,True,False,True,False,True,verified
F800,H1A2_1200:0160,159,Li3O12As2Tl2,False,False,False,True,False,True,True,True,False,False,False,False,False,False,verified
F800,H1A2_1200:0161,160,S4Mo2Te2W,True,True,False,True,True,True,True,True,True,True,False,True,False,True,verified
F800,H1A2_1200:0162,161,Sn6Pr10,True,True,False,True,True,True,True,True,True,True,False,True,False,True,verified
F800,H1A2_1200:0163,162,MgGeEu2,True,True,False,True,True,True,True,True,True,True,False,False,False,False,verified
F800,H1A2_1200:0164,163,Y4Pd4Cd2,True,True,False,True,True,True,True,True,True,True,True,True,True,True,verified
F800,H1A2_1200:0165,164,CuGeLa,True,True,False,True,True,True,False,False,False,False,True,True,False,False,verified
F800,H1A2_1200:0166,165,O8S2Pb4,True,True,False,True,True,True,True,True,True,True,False,False,False,False,verified
F800,H1A2_1200:0167,166,C2SrOs,True,True,False,True,True,True,True,True,True,True,False,True,False,True,verified
F800,H1A2_1200:0168,167,Cu2Se3Dy2,True,True,False,True,True,True,True,True,True,True,False,False,False,False,verified
F800,H1A2_1200:0169,168,S2Pb2Bi2,True,True,False,True,True,True,True,True,True,True,False,False,False,False,verified
F800,H1A2_1200:0170,169,B4Rh8Pr4,True,True,False,True,True,True,True,True,True,True,False,False,False,False,verified
F800,H1A2_1200:0171,170,F12Sb2Cs2,True,True,False,True,True,True,True,True,True,True,False,True,False,True,verified
F800,H1A2_1200:0172,171,Mg2S4,True,True,False,True,True,True,True,True,True,True,False,False,False,False,verified
F800,H1A2_1200:0173,172,AgInLu2,True,True,False,True,True,True,True,True,True,True,False,True,False,True,verified
F800,H1A2_1200:0174,173,O2F4P2,True,True,False,True,True,True,True,True,True,True,False,False,False,False,verified
F800,H1A2_1200:0175,174,B2Fe4Ho,True,True,False,True,True,True,True,True,True,True,False,False,False,False,verified
F800,H1A2_1200:0176,175,S12Sr4Ta4,True,True,False,True,True,True,True,True,True,True,False,False,False,False,verified
F800,H1A2_1200:0177,176,O12Fe4Sm4,True,True,False,True,True,True,True,True,True,True,False,True,False,True,verified
F800,H1A2_1200:0178,177,Ge4Y2Ru4,True,True,False,True,True,True,True,True,True,True,False,True,False,True,verified
F800,H1A2_1200:0179,178,Ca4Sb4Ba4,True,True,False,True,True,True,True,True,True,True,False,True,False,True,verified
F800,H1A2_1200:0181,179,C12Ti4Cr4,True,True,False,True,True,True,True,True,True,True,False,False,False,False,verified
F800,H1A2_1200:0182,180,AgCdTm2,True,True,False,True,True,True,True,True,True,True,False,True,False,True,verified
F800,H1A2_1200:0183,181,Fe12Y4,True,True,False,True,True,True,True,True,True,True,False,False,False,False,verified
F800,H1A2_1200:0184,182,Ge4Te6,True,True,False,True,True,True,True,True,True,True,True,True,True,True,verified
F800,H1A2_1200:0185,183,Ga5Ta6,True,True,False,True,True,True,True,True,True,True,False,True,False,True,verified
F800,H1A2_1200:0186,184,LiF6FeCs2,True,True,False,True,True,True,True,True,True,True,False,True,False,True,verified
F800,H1A2_1200:0187,185,Ga4In2,True,True,False,True,True,True,True,True,True,True,False,True,False,True,verified
F800,H1A2_1200:0188,186,H8O4F4Zn4,False,False,False,True,False,True,True,True,False,False,False,False,False,False,verified
F800,H1A2_1200:0189,187,Ge4Cd2La2,True,True,False,True,True,True,True,True,True,True,False,True,False,True,verified
F800,H1A2_1200:0190,188,Zn8Ce2,True,True,False,True,True,True,True,True,True,True,False,True,False,True,verified
F800,H1A2_1200:0191,189,N4Sr4Te2,True,True,False,True,True,True,True,True,True,True,False,False,False,False,verified
F800,H1A2_1200:0192,190,F8Cr2Rb2,True,True,False,True,True,True,True,True,True,True,False,True,False,True,verified
F800,H1A2_1200:0194,192,O6K4Ag2,True,True,False,True,True,True,True,True,True,True,False,True,False,True,verified
F800,H1A2_1200:0196,193,F14Co4Cs2,True,True,False,True,True,True,True,True,True,True,False,True,False,True,verified
F800,H1A2_1200:0197,194,O12Na4Ti4,True,True,False,True,True,True,True,True,True,True,False,False,False,False,verified
F800,H1A2_1200:0198,195,O6F6Fe4,True,True,False,True,True,True,True,True,True,True,False,False,False,False,verified
F800,H1A2_1200:0199,196,Co2Ge2Tm,True,True,False,True,True,True,True,True,True,True,False,True,False,True,verified
F800,H1A2_1200:0200,197,Co2ZnHf,True,True,False,True,True,True,True,True,True,True,True,True,True,True,verified
F800,H1A2_1200:0201,198,Si6Co2Ta6,True,True,False,True,True,True,True,True,True,True,False,False,False,False,verified
F800,H1A2_1200:0202,199,Pd8,True,True,False,True,True,True,False,False,False,False,True,True,False,False,verified
F800,H1A2_1200:0204,201,O12Al4Si4,True,True,False,True,True,True,True,True,True,True,False,False,False,False,verified
F800,H1A2_1200:0205,202,S2Se2Nd2,True,True,False,True,True,True,True,True,True,True,False,False,False,False,verified
F800,H1A2_1200:0206,203,Co2GaTe4,True,True,False,True,True,True,True,True,True,True,False,False,False,False,verified
F800,H1A2_1200:0207,204,O2F10Ni6,True,True,False,True,True,True,True,True,True,True,False,False,False,False,verified
F800,H1A2_1200:0208,205,Sn3Pm,False,False,False,True,False,True,True,True,False,False,False,True,False,True,verified
F800,H1A2_1200:0209,206,Ni4In2Pr4,True,True,False,True,True,True,False,False,False,False,True,True,False,False,verified
F800,H1A2_1200:0211,208,LiS2Pr,True,True,False,True,True,True,True,True,True,True,False,True,False,True,verified
F800,H1A2_1200:0212,209,Li2O8MnCo3,True,True,False,True,True,True,True,True,True,True,False,False,False,False,verified
F800,H1A2_1200:0213,210,O2TiTl,True,True,False,True,True,True,True,True,True,True,False,False,False,False,verified
F800,H1A2_1200:0214,211,S2Cl6Tl2,True,True,False,True,True,True,True,True,True,True,False,False,False,False,verified
F800,H1A2_1200:0215,212,S8Cr4Cu2,True,True,False,True,True,True,True,True,True,True,False,False,False,False,verified
F800,H1A2_1200:0216,213,Al12SmEr,True,True,False,True,True,True,True,True,True,True,False,True,False,True,verified
F800,H1A2_1200:0217,214,ZnAu2Th,True,True,False,True,True,True,False,False,False,False,False,True,False,False,verified
F800,H1A2_1200:0218,215,N4Ca2Co2,True,True,False,True,True,True,True,True,True,True,False,False,False,False,verified
F800,H1A2_1200:0219,216,O8Na4Cl2La2,True,True,False,True,True,True,True,True,True,True,False,False,False,False,verified
F800,H1A2_1200:0220,217,O8V2La2,True,True,False,True,True,True,True,True,True,True,False,True,False,True,verified
F800,H1A2_1200:0221,218,Cl6CuCs2Tl,True,True,False,True,True,True,True,True,True,True,False,True,False,True,verified
F800,H1A2_1200:0223,220,MgGa3,True,True,False,True,True,True,False,False,False,False,False,True,False,False,verified
F800,H1A2_1200:0224,221,H6O6Ca2Mn,True,True,False,True,True,True,True,True,True,True,False,True,False,True,verified
F800,H1A2_1200:0225,222,LiMn2Sb,True,True,False,True,True,True,True,True,True,True,False,False,False,False,verified
F800,H1A2_1200:0226,223,O8S2Zn4,True,True,False,True,True,True,True,True,True,True,False,False,False,False,verified
F800,H1A2_1200:0227,224,Ag2CdHg,True,True,False,True,True,True,True,True,True,True,False,True,False,True,verified
F800,H1A2_1200:0229,226,F6CoRb3,True,True,False,True,True,True,False,False,False,False,True,True,False,False,verified
F800,H1A2_1200:0230,227,O8Na4Mn3,True,True,False,True,True,True,True,True,True,True,False,True,False,True,verified
F800,H1A2_1200:0231,228,Cd2ErTm,True,True,False,True,True,True,True,True,True,True,False,True,False,True,verified
F800,H1A2_1200:0232,229,Sc6Hf2,True,True,False,True,True,True,True,True,True,True,False,True,False,True,verified
F800,H1A2_1200:0234,231,C2O6Fe,True,True,False,True,True,True,True,True,True,True,False,True,False,True,verified
F800,H1A2_1200:0235,232,S8Cr4Fe,True,True,False,True,True,True,True,True,True,True,False,False,False,False,verified
F800,H1A2_1200:0236,233,B3Fe9Ta3,False,False,False,True,False,True,True,True,False,False,False,False,False,False,verified
F800,H1A2_1200:0237,234,N2O2P2,True,True,False,True,True,True,False,False,False,False,True,True,False,False,verified
F800,H1A2_1200:0238,235,NaPd2,True,True,False,True,True,True,True,True,True,True,True,True,True,True,verified
F800,H1A2_1200:0239,236,O12Y2La2Ir2,True,True,False,True,True,True,True,True,True,True,True,True,True,True,verified
F800,H1A2_1200:0240,237,K3Br6Cs,False,False,False,True,False,True,True,True,False,False,False,False,False,False,verified
F800,H1A2_1200:0241,238,Se10Nb3,False,True,True,True,True,True,True,True,True,False,False,True,False,True,verified
F800,H1A2_1200:0242,239,As2Rb3Au,True,True,False,True,True,True,True,True,True,True,True,True,True,True,verified
F800,H1A2_1200:0243,240,O6SbCs2Sm,True,True,False,True,True,True,True,True,True,True,False,False,False,False,verified
F800,H1A2_1200:0244,241,B4Ca2Mn8,True,True,False,True,True,True,True,True,True,True,False,False,False,False,verified
F800,H1A2_1200:0245,242,O12Ge2Ba2La4,True,True,False,True,True,True,True,True,True,True,False,True,False,True,verified
F800,H1A2_1200:0246,243,Ga9Ag3Lu3,True,True,False,True,True,True,True,True,True,True,False,True,False,True,verified
F800,H1A2_1200:0247,244,Mn2Br6Pb,True,True,False,True,True,True,True,True,True,True,False,True,False,True,verified
F800,H1A2_1200:0248,245,O2F6K2Mn4,True,True,False,True,True,True,True,True,True,True,False,False,False,False,verified
F800,H1A2_1200:0249,246,O12Ti4Rh4,True,True,False,True,True,True,True,True,True,True,False,False,False,False,verified
F800,H1A2_1200:0250,247,O8Na2As2,True,True,False,True,True,True,True,True,True,True,False,False,False,False,verified
F800,H1A2_1200:0251,248,B2C2Al3Sm,True,True,False,True,True,True,True,True,True,True,False,False,False,False,verified
F800,H1A2_1200:0252,249,Al12Ga4,True,True,False,True,True,True,True,True,True,True,False,True,False,True,verified
F800,H1A2_1200:0253,250,O4Ni5Cd2,False,False,False,True,False,True,True,True,False,False,False,False,False,False,verified
F800,H1A2_1200:0254,251,RhHf2Ir,True,True,False,True,True,True,True,True,True,True,True,True,True,True,verified
F800,H1A2_1200:0255,252,Ti2Ge2Ce,True,True,False,True,True,True,True,True,True,True,False,True,False,True,verified
F800,H1A2_1200:0256,253,O6Sr2Pr2,True,True,False,True,True,True,True,True,True,True,False,False,False,False,verified
F800,H1A2_1200:0257,254,O6Na2TiCuLa,True,True,False,True,True,True,True,True,True,True,False,False,False,False,verified
F800,H1A2_1200:0258,255,O4F12Nb4,True,True,False,True,True,True,True,True,True,True,False,True,False,True,verified
F800,H1A2_1200:0260,256,In2EuTm,True,True,False,True,True,True,True,True,True,True,True,True,True,True,verified
F800,H1A2_1200:0261,257,Sb6La2Au2,True,True,False,True,True,True,True,True,True,True,True,True,True,True,verified
F800,H1A2_1200:0262,258,O6KIn2Th,True,True,False,True,True,True,True,True,True,True,False,False,False,False,verified
F800,H1A2_1200:0263,259,F12V4,True,True,False,True,True,True,False,False,False,False,False,True,False,False,verified
F800,H1A2_1200:0264,260,Li8O6F4,False,False,False,True,False,True,True,True,False,False,False,False,False,False,verified
F800,H1A2_1200:0265,261,Al12Nb4,True,True,False,True,True,True,True,True,True,True,False,False,False,False,verified
F800,H1A2_1200:0266,262,LiGaIr2,True,True,False,True,True,True,True,True,True,True,True,True,True,True,verified
F800,H1A2_1200:0267,263,O4Fe2Sr2,True,True,False,True,True,True,True,True,True,True,False,False,False,False,verified
F800,H1A2_1200:0268,264,Ni4ZnEr,True,True,False,True,True,True,True,True,True,True,True,True,True,True,verified
F800,H1A2_1200:0269,265,S2Se2Ho4,True,True,False,True,True,True,True,True,True,True,False,False,False,False,verified
F800,H1A2_1200:0270,266,O4Mg4I4,True,True,False,True,True,True,True,True,True,True,False,False,False,False,verified
F800,H1A2_1200:0271,267,F12K4As2,True,True,False,True,True,True,True,True,True,True,True,True,True,True,verified
F800,H1A2_1200:0272,268,P6Pd6,False,False,False,True,False,True,True,True,False,False,False,True,False,True,verified
F800,H1A2_1200:0273,269,Sn12Ho4,True,True,False,True,True,True,True,True,True,True,False,True,False,True,verified
F800,H1A2_1200:0274,270,Na3Cl6La,True,True,False,True,True,True,True,True,True,True,False,True,False,True,verified
F800,H1A2_1200:0275,271,Na2P4Cu4Se6,True,True,False,True,True,True,True,True,True,True,False,True,False,True,verified
F800,H1A2_1200:0276,272,Mg2P4Mn2,True,True,False,True,True,True,True,True,True,True,False,False,False,False,verified
F800,H1A2_1200:0277,273,CuZn3,True,True,False,True,True,True,True,True,True,True,False,True,False,True,verified
F800,H1A2_1200:0278,274,Sn6Tb10,True,True,False,True,True,True,True,True,True,True,False,True,False,True,verified
F800,H1A2_1200:0279,275,O12Mo4Te2,True,True,False,True,True,True,True,True,True,True,False,False,False,False,verified
F800,H1A2_1200:0280,276,Cu2I4Au,True,True,False,True,True,True,True,True,True,True,True,True,True,True,verified
F800,H1A2_1200:0281,277,O12V4Cr2,True,True,False,True,True,True,True,True,True,True,False,False,False,False,verified
F800,H1A2_1200:0282,278,H10K6Co2,True,True,False,True,True,True,True,True,True,True,True,True,True,True,verified
F800,H1A2_1200:0283,279,Cl6CrRb2Ag,True,True,False,True,True,True,True,True,True,True,True,True,True,True,verified
F800,H1A2_1200:0285,281,Al3S8Tb2,False,False,False,True,False,True,True,True,False,False,False,False,False,False,verified
F800,H1A2_1200:0286,282,Se8Tb4,True,True,False,True,True,True,True,True,True,True,False,False,False,False,verified
F800,H1A2_1200:0287,283,C2Fe2U2,True,True,False,True,True,True,True,True,True,True,False,False,False,False,verified
F800,H1A2_1200:0288,284,Ge3CeIr,True,True,False,True,True,True,False,False,False,False,False,True,False,False,verified
F800,H1A2_1200:0289,285,H2C2N2O2Cl2Cs2,True,True,False,True,True,True,True,True,True,True,False,False,False,False,verified
F800,H1A2_1200:0290,286,Ag3Ac,True,True,False,True,True,True,True,True,True,True,False,True,False,True,verified
F800,H1A2_1200:0291,287,F14Mg2Pd2Nd2,True,True,False,True,True,True,True,True,True,True,False,False,False,False,verified
F800,H1A2_1200:0292,288,O2F4Cu4,True,True,False,True,True,True,True,True,True,True,False,True,False,True,verified
F800,H1A2_1200:0293,289,S4Mn2Zn2,True,True,False,True,True,True,True,True,True,True,False,True,False,True,verified
F800,H1A2_1200:0294,290,LiS2AgIn,True,True,False,True,True,True,True,True,True,True,False,False,False,False,verified
F800,H1A2_1200:0295,291,Rh2InEr,True,True,False,True,True,True,False,False,False,False,False,True,False,False,verified
F800,H1A2_1200:0296,292,TiCu8Ge4,True,True,False,True,True,True,True,True,True,True,False,False,False,False,verified
F800,H1A2_1200:0297,293,S8Nd4Er2,True,True,False,True,True,True,True,True,True,True,False,True,False,True,verified
F800,H1A2_1200:0298,294,Sn2Sm,True,True,False,True,True,True,True,True,True,True,False,True,False,True,verified
F800,H1A2_1200:0300,296,O8Ti2Mn2,True,True,False,True,True,True,True,True,True,True,False,True,False,True,verified
F800,H1A2_1200:0301,297,O8Ca2Sr2Gd2,True,True,False,True,True,True,True,True,True,True,False,False,False,False,verified
F800,H1A2_1200:0302,298,Ge4Tb4Ir4,True,True,False,True,True,True,True,True,True,True,True,True,True,True,verified
F800,H1A2_1200:0303,299,O7Ni2La2,True,True,False,True,True,True,True,True,True,True,False,False,False,False,verified
F800,H1A2_1200:0304,300,Li6Ge6Pm2,False,False,False,True,False,True,True,True,False,False,True,True,True,True,verified
F800,H1A2_1200:0305,301,H4,True,True,False,True,True,True,False,False,False,False,False,True,False,False,verified
F800,H1A2_1200:0306,302,Mg2S8CrIn2,True,True,False,True,True,True,True,True,True,True,False,False,False,False,verified
F800,H1A2_1200:0307,303,Si6Ni3Dy10,False,False,False,True,False,True,True,True,False,False,False,True,False,True,verified
F800,H1A2_1200:0308,304,O12Ca4Y2Ce2,True,True,False,True,True,True,True,True,True,True,False,True,False,True,verified
F800,H1A2_1200:0309,305,NaTl3,True,True,False,True,True,True,True,True,True,True,False,True,False,True,verified
F800,H1A2_1200:0310,306,O10P2Sb2Cs2,True,True,False,True,True,True,True,True,True,True,False,False,False,False,verified
F800,H1A2_1200:0311,307,O2F10Cu6,True,True,False,True,True,True,True,True,True,True,False,True,False,True,verified
F800,H1A2_1200:0312,308,O8Fe4Sr2,True,True,False,True,True,True,True,True,True,True,False,False,False,False,verified
F800,H1A2_1200:0314,310,O6Na2Ti2Rb4,True,True,False,True,True,True,True,True,True,True,False,False,False,False,verified
F800,H1A2_1200:0315,311,Se3MoTe2W,True,True,False,True,True,True,True,True,True,True,False,False,False,False,verified
F800,H1A2_1200:0316,312,F6Ga2Ag,True,True,False,True,True,True,True,True,True,True,False,False,False,False,verified
F800,H1A2_1200:0317,313,Li4O8P2Cu2,True,True,False,True,True,True,False,False,False,False,False,True,False,False,verified
F800,H1A2_1200:0318,314,O8K4Nb2,True,True,False,True,True,True,True,True,True,True,False,False,False,False,verified
F800,H1A2_1200:0319,315,O12Cu4Sr2W2,True,True,False,True,True,True,True,True,True,True,False,False,False,False,verified
F800,H1A2_1200:0320,316,Sb4,True,True,False,True,True,True,True,True,True,True,False,True,False,True,verified
F800,H1A2_1200:0321,317,O8Zn3Sb2,True,True,False,True,True,True,True,True,True,True,False,False,False,False,verified
F800,H1A2_1200:0322,318,O12Sr4La2Ta2,True,True,False,True,True,True,True,True,True,True,False,False,False,False,verified
F800,H1A2_1200:0324,319,Si2Pt2U,False,False,False,True,False,True,True,True,False,False,False,True,False,True,verified
F800,H1A2_1200:0325,320,Li2O4SeTe,True,True,False,True,True,True,True,True,True,True,False,False,False,False,verified
F800,H1A2_1200:0326,321,MgGa3,True,True,False,True,True,True,True,True,True,True,False,True,False,True,verified
F800,H1A2_1200:0327,322,Li2O6V3Mn,True,True,False,True,True,True,True,True,True,True,False,True,False,True,verified
F800,H1A2_1200:0328,323,Co2Ge2Dy,True,True,False,True,True,True,False,False,False,False,False,True,False,False,verified
F800,H1A2_1200:0329,324,Si8Tb8Re4,False,False,False,True,False,True,True,True,False,False,False,False,False,False,verified
F800,H1A2_1200:0330,325,Co4Ni4Ce4,True,True,False,True,True,True,True,True,True,True,False,False,False,False,verified
F800,H1A2_1200:0331,326,Cu2Ge2Sm,True,True,False,True,True,True,False,False,False,False,False,True,False,False,verified
F800,H1A2_1200:0332,327,S4Ti2Rb2,True,True,False,True,True,True,True,True,True,True,False,False,False,False,verified
F800,H1A2_1200:0333,328,O6K2MnCuW,True,True,False,True,True,True,True,True,True,True,False,False,False,False,verified
F800,H1A2_1200:0335,330,Ge4Ru2Tb2,True,True,False,True,True,True,True,True,True,True,False,True,False,True,verified
F800,H1A2_1200:0336,331,NaCu2ZnSe4,True,True,False,True,True,True,True,True,True,True,False,False,False,False,verified
F800,H1A2_1200:0337,332,Co4Ga12Ce2,True,True,False,True,True,True,True,True,True,True,False,True,False,True,verified
F800,H1A2_1200:0338,333,Mg2Rh3,True,True,False,True,True,True,True,True,True,True,False,True,False,True,verified
F800,H1A2_1200:0339,334,O8P2KCu3,True,True,False,True,True,True,True,True,True,True,False,True,False,True,verified
F800,H1A2_1200:0340,335,O4K2Ag2,True,True,False,True,True,True,True,True,True,True,False,False,False,False,verified
F800,H1A2_1200:0341,336,PdSnPr2,True,True,False,True,True,True,True,True,True,True,False,True,False,True,verified
F800,H1A2_1200:0342,337,H8N2F6K2,True,True,False,True,True,True,True,True,True,True,False,False,False,False,verified
F800,H1A2_1200:0343,338,YRh3,True,True,False,True,True,True,True,True,True,True,False,True,False,True,verified
F800,H1A2_1200:0344,339,Ge12Nd4,True,True,False,True,True,True,True,True,True,True,False,True,False,True,verified
F800,H1A2_1200:0345,340,O4Mg4,True,True,False,True,True,True,False,False,False,False,False,True,False,False,verified
F800,H1A2_1200:0346,341,O12Na4P2Ag2,True,True,False,True,True,True,True,True,True,True,False,False,False,False,verified
F800,H1A2_1200:0347,342,MgCd2Ho,True,True,False,True,True,True,False,False,False,False,False,True,False,False,verified
F800,H1A2_1200:0348,343,Se8Sn4Cs4,True,True,False,True,True,True,True,True,True,True,False,True,False,True,verified
F800,H1A2_1200:0349,344,Ge10Pr6,True,True,False,True,True,True,True,True,True,True,False,True,False,True,verified
F800,H1A2_1200:0350,345,Ge4La3Ir4,True,True,False,True,True,True,True,True,True,True,False,False,False,False,verified
F800,H1A2_1200:0351,346,Co2Ga3Ho,True,True,False,True,True,True,True,True,True,True,False,True,False,True,verified
F800,H1A2_1200:0352,347,Mg2Sm4,True,True,False,True,True,True,False,False,False,False,False,True,False,False,verified
F800,H1A2_1200:0353,348,B4Al2Tb2,True,True,False,True,True,True,True,True,True,True,False,False,False,False,verified
F800,H1A2_1200:0354,349,O8Cu2Rb4,True,True,False,True,True,True,True,True,True,True,False,False,False,False,verified
F800,H1A2_1200:0355,350,As4Sr2Sn2,True,True,False,True,True,True,True,True,True,True,False,False,False,False,verified
F800,H1A2_1200:0356,351,Cl6K2RbSb,True,True,False,True,True,True,True,True,True,True,False,True,False,True,verified
F800,H1A2_1200:0357,352,MgNi4Hf,True,True,False,True,True,True,True,True,True,True,False,True,False,True,verified
F800,H1A2_1200:0358,353,B2O6La2,True,True,False,True,True,True,True,True,True,True,False,True,False,True,verified
F800,H1A2_1200:0360,355,B4Fe5Zr3,True,True,False,True,True,True,True,True,True,True,False,False,False,False,verified
F800,H1A2_1200:0361,356,Si2Sc2Tb,True,True,False,True,True,True,True,True,True,True,False,False,False,False,verified
F800,H1A2_1200:0362,357,O12Co2W4,True,True,False,True,True,True,True,True,True,True,False,True,False,True,verified
F800,H1A2_1200:0363,358,O4Sc2Cs2,True,True,False,True,True,True,True,True,True,True,True,True,True,True,verified
F800,H1A2_1200:0364,359,Li2O4Y2,True,True,False,True,True,True,True,True,True,True,False,False,False,False,verified
F800,H1A2_1200:0365,360,Li4O8Ti2Fe2,True,True,False,True,True,True,True,True,True,True,False,True,False,True,verified
F800,H1A2_1200:0366,361,CdGd2Ir,True,True,False,True,True,True,True,True,True,True,True,True,True,True,verified
F800,H1A2_1200:0367,362,Al2S8Nb4,False,True,True,True,True,True,True,True,True,False,False,True,False,True,verified
F800,H1A2_1200:0368,363,LiO6La2Bi,True,True,False,True,True,True,True,True,True,True,False,True,False,True,verified
F800,H1A2_1200:0369,364,C2Ru2Er2,True,True,False,True,True,True,True,True,True,True,True,True,True,True,verified
F800,H1A2_1200:0370,365,Ge4Th2,True,True,False,True,True,True,True,True,True,True,False,True,False,True,verified
F800,H1A2_1200:0372,367,O4Cl2Mn2,True,True,False,True,True,True,True,True,True,True,False,False,False,False,verified
F800,H1A2_1200:0373,368,Cu4Sn4Ce3,True,True,False,True,True,True,True,True,True,True,False,True,False,True,verified
F800,H1A2_1200:0374,369,Ge4Ru4Dy4,True,True,False,True,True,True,True,True,True,True,False,True,False,True,verified
F800,H1A2_1200:0375,370,O4P2Ag2,True,True,False,True,True,True,True,True,True,True,False,False,False,False,verified
F800,H1A2_1200:0376,371,Si4Co4Sm4,True,True,False,True,True,True,True,True,True,True,False,False,False,False,verified
F800,H1A2_1200:0377,372,O2BrTl,True,True,False,True,True,True,True,True,True,True,False,False,False,False,verified
F800,H1A2_1200:0378,373,Li5O6Ge,False,False,False,True,False,True,True,True,False,False,False,True,False,True,verified
F800,H1A2_1200:0379,374,S4Br4Cd4,True,True,False,True,True,True,True,True,True,True,False,False,False,False,verified
F800,H1A2_1200:0381,376,S4Se4Mo3W,True,True,False,True,True,True,True,True,True,True,False,False,False,False,verified
F800,H1A2_1200:0382,377,F6Al2,True,True,False,True,True,True,True,True,True,True,False,False,False,False,verified
F800,H1A2_1200:0383,378,AgEu,True,True,False,True,True,True,True,True,True,True,True,True,True,True,verified
F800,H1A2_1200:0384,379,O6Ba2SmTb,False,False,False,True,False,True,True,True,False,False,False,False,False,False,verified
F800,H1A2_1200:0386,381,Cd4In2Ba2,True,True,False,True,True,True,True,True,True,True,False,True,False,True,verified
F800,H1A2_1200:0387,382,CuGe4La2,True,True,False,True,True,True,True,True,True,True,False,True,False,True,verified
F800,H1A2_1200:0388,383,O8Cr2Sr2,True,True,False,True,True,True,True,True,True,True,False,False,False,False,verified
F800,H1A2_1200:0389,384,LiPdIn2,True,True,False,True,True,True,True,True,True,True,False,True,False,True,verified
F800,H1A2_1200:0390,385,S8Zr2Nb3,True,True,False,True,True,True,True,True,True,True,False,False,False,False,verified
F800,H1A2_1200:0391,386,O12Mn2Fe2Er4,True,True,False,True,True,True,True,True,True,True,False,True,False,True,verified
F800,H1A2_1200:0393,388,Li4O8Fe2Ni2,True,True,False,True,True,True,True,True,True,True,False,False,False,False,verified
F800,H1A2_1200:0395,389,O4Cu3Bi,True,True,False,True,True,True,True,True,True,True,False,False,False,False,verified
F800,H1A2_1200:0396,390,O12Ca4Bi4,True,True,False,True,True,True,True,True,True,True,False,True,False,True,verified
F800,H1A2_1200:0397,391,O6FeSr2Sb,True,True,False,True,True,True,True,True,True,True,False,True,False,True,verified
F800,H1A2_1200:0398,392,Co4Ta12,True,True,False,True,True,True,True,True,True,True,False,False,False,False,verified
F800,H1A2_1200:0399,393,S2KAg,True,True,False,True,True,True,True,True,True,True,False,True,False,True,verified
F800,H1A2_1200:0400,394,S2SnLa2,True,True,False,True,True,True,True,True,True,True,False,True,False,True,verified
F800,H1A2_1200:0401,395,S4Ag4,True,True,False,True,True,True,True,True,True,True,False,False,False,False,verified
F800,H1A2_1200:0402,396,O12Ca2Ti3Sr2La,True,True,False,True,True,True,True,True,True,True,False,True,False,True,verified
F800,H1A2_1200:0403,397,Hf2OsIr,True,True,False,True,True,True,True,True,True,True,False,True,False,True,verified
F800,H1A2_1200:0404,398,S2Se4W3,True,True,False,True,True,True,True,True,True,True,False,False,False,False,verified
F800,H1A2_1200:0405,399,O10V4,True,True,False,True,True,True,True,True,True,True,False,False,False,False,verified
F800,H1A2_1200:0406,400,S12Sc2Ba4Hf2,False,False,False,True,False,True,True,True,False,False,False,False,False,False,verified
F800,H1A2_1200:0407,401,F12Na3Ti2Cs2,False,True,True,True,True,True,True,True,True,False,False,False,False,False,verified
F800,H1A2_1200:0408,402,B4O9Ce3,True,True,False,True,True,True,True,True,True,True,False,False,False,False,verified
F800,H1A2_1200:0409,403,O12Mn4Fe2Sn2,True,True,False,True,True,True,True,True,True,True,False,False,False,False,verified
F800,H1A2_1200:0410,404,B8Fe4Tm8,True,True,False,True,True,True,True,True,True,True,False,False,False,False,verified
F800,H1A2_1200:0411,405,Pd2CdBi,True,True,False,True,True,True,True,True,True,True,False,True,False,True,verified
F800,H1A2_1200:0412,406,Si4Pd4Nd3,False,False,False,True,False,True,True,True,False,False,False,True,False,True,verified
F800,H1A2_1200:0413,407,B6Ca2Rh12,False,False,False,True,False,True,True,True,False,False,False,True,False,True,verified
F800,H1A2_1200:0414,408,Pd6Sn8,True,True,False,True,True,True,True,True,True,True,False,True,False,True,verified
F800,H1A2_1200:0415,409,Pd2Ho6,True,True,False,True,True,True,True,True,True,True,False,True,False,True,verified
F800,H1A2_1200:0416,410,As4In4Eu4,True,True,False,True,True,True,True,True,True,True,False,True,False,True,verified
F800,H1A2_1200:0417,411,S6Cr2Ba2,True,True,False,True,True,True,True,True,True,True,False,False,False,False,verified
F800,H1A2_1200:0418,412,CuIn4Ho2,True,True,False,True,True,True,True,True,True,True,False,False,False,False,verified
F800,H1A2_1200:0420,413,S6K2Mo2Tl2,True,True,False,True,True,True,True,True,True,True,False,True,False,True,verified
F800,H1A2_1200:0421,414,O4Ti2,True,True,False,True,True,True,True,True,True,True,False,False,False,False,verified
F800,H1A2_1200:0422,415,Al4Co4Hf4,True,True,False,True,True,True,True,True,True,True,False,True,False,True,verified
F800,H1A2_1200:0423,416,N6Zn4Mo2,True,True,False,True,True,True,True,True,True,True,False,False,False,False,verified
F800,H1A2_1200:0424,417,Na3Sb,True,True,False,True,True,True,True,True,True,True,False,True,False,True,verified
F800,H1A2_1200:0425,418,Mg2GaPd,True,True,False,True,True,True,False,False,False,False,True,True,False,False,verified
F800,H1A2_1200:0426,419,Al4Ga4Nb4,True,True,False,True,True,True,True,True,True,True,False,True,False,True,verified
F800,H1A2_1200:0427,420,Sb8Nd6,True,True,False,True,True,True,True,True,True,True,False,True,False,True,verified
F800,H1A2_1200:0428,421,S8Cu2Ba4Bi2,True,True,False,True,True,True,True,True,True,True,False,True,False,True,verified
F800,H1A2_1200:0429,422,Li2S8V3Rb2,True,True,False,True,True,True,True,True,True,True,False,True,False,True,verified
F800,H1A2_1200:0430,423,F12K4Mo2,True,True,False,True,True,True,True,True,True,True,True,True,True,True,verified
F800,H1A2_1200:0431,424,N2O2Ga2,True,True,False,True,True,True,True,True,True,True,False,False,False,False,verified
F800,H1A2_1200:0432,425,LiCl6Cs2Ce,True,True,False,True,True,True,False,False,False,False,True,True,False,False,verified
F800,H1A2_1200:0433,426,Ni4Y4Sn2,True,True,False,True,True,True,True,True,True,True,True,True,True,True,verified
F800,H1A2_1200:0434,427,Si8Pd6U3,False,False,False,True,False,True,True,True,False,False,False,False,False,False,verified
F800,H1A2_1200:0435,428,O12Ca2Sr2Ru4,True,True,False,True,True,True,True,True,True,True,False,False,False,False,verified
F800,H1A2_1200:0436,429,B2Mo4,True,True,False,True,True,True,True,True,True,True,False,False,False,False,verified
F800,H1A2_1200:0437,430,K4Br12Pb2,True,True,False,True,True,True,True,True,True,True,True,True,True,True,verified
F800,H1A2_1200:0438,431,P12Ni2Tm6,True,True,False,True,True,True,True,True,True,True,False,False,False,False,verified
F800,H1A2_1200:0439,432,Cl6Cs2Er,True,True,False,True,True,True,True,True,True,True,True,True,True,True,verified
F800,H1A2_1200:0440,433,O2F10Mn6,True,True,False,True,True,True,True,True,True,True,False,True,False,True,verified
F800,H1A2_1200:0441,434,O8Ca2Ti2Zn2,True,True,False,True,True,True,True,True,True,True,False,False,False,False,verified
F800,H1A2_1200:0442,435,Li4O8MnCo3,True,True,False,True,True,True,True,True,True,True,False,False,False,False,verified
F800,H1A2_1200:0443,436,Al2Cu2Tm,True,True,False,True,True,True,True,True,True,True,False,True,False,True,verified
F800,H1A2_1200:0444,437,AgNd,True,True,False,True,True,True,False,False,False,False,True,True,False,False,verified
F800,H1A2_1200:0445,438,Co2GaHo,True,True,False,True,True,True,True,True,True,True,False,True,False,True,verified
F800,H1A2_1200:0446,439,H8P2Ca2,True,True,False,True,True,True,True,True,True,True,False,True,False,True,verified
F800,H1A2_1200:0447,440,F6AlCs2,False,False,False,True,False,True,True,True,False,False,True,True,True,True,verified
F800,H1A2_1200:0448,441,Li2O8Ti2Fe2,True,True,False,True,True,True,True,True,True,True,False,False,False,False,verified
F800,H1A2_1200:0449,442,O8P2Bi2,True,True,False,True,True,True,True,True,True,True,False,True,False,True,verified
F800,H1A2_1200:0450,443,Sc2AgTl,True,True,False,True,True,True,False,False,False,False,False,True,False,False,verified
F800,H1A2_1200:0451,444,Se8Ag2Er4,True,True,False,True,True,True,True,True,True,True,True,True,True,True,verified
F800,H1A2_1200:0452,445,Ca12,True,True,False,True,True,True,True,True,True,True,False,True,False,True,verified
F800,H1A2_1200:0453,446,O6Al2Ba2,False,False,False,True,False,True,True,True,False,False,False,False,False,False,verified
F800,H1A2_1200:0454,447,Li2F10Fe4,True,True,False,True,True,True,True,True,True,True,False,False,False,False,verified
F800,H1A2_1200:0455,448,Se2Mo6Te6,False,False,False,True,False,True,True,True,False,False,True,True,True,True,verified
F800,H1A2_1200:0456,449,O12P4Y2,True,True,False,True,True,True,True,True,True,True,False,False,False,False,verified
F800,H1A2_1200:0457,450,CuGa8La2,True,True,False,True,True,True,True,True,True,True,True,True,True,True,verified
F800,H1A2_1200:0458,451,Na6Br12Sn2,True,True,False,True,True,True,True,True,True,True,False,True,False,True,verified
F800,H1A2_1200:0459,452,Li2Pd,True,True,False,True,True,True,True,True,True,True,False,False,False,False,verified
F800,H1A2_1200:0460,453,O12Sr2Nd2Gd2Bi2,True,True,False,True,True,True,True,True,True,True,False,False,False,False,verified
F800,H1A2_1200:0461,454,Li2F6V,True,True,False,True,True,True,True,True,True,True,False,True,False,True,verified
F800,H1A2_1200:0462,455,Se2Ag2Sb2,True,True,False,True,True,True,True,True,True,True,False,True,False,True,verified
F800,H1A2_1200:0463,456,O12Si4Co2,True,True,False,True,True,True,True,True,True,True,False,False,False,False,verified
F800,H1A2_1200:0465,457,Co2Zn2Y,True,True,False,True,True,True,True,True,True,True,False,True,False,True,verified
F800,H1A2_1200:0466,458,O8Na2Si2Zn2,True,True,False,True,True,True,True,True,True,True,False,False,False,False,verified
F800,H1A2_1200:0467,459,O2Ag2Cd2,False,False,False,True,False,True,True,True,False,False,False,False,False,False,verified
F800,H1A2_1200:0468,460,O8Zn2W2,True,True,False,True,True,True,True,True,True,True,False,True,False,True,verified
F800,H1A2_1200:0469,461,CoNiTe2,True,True,False,True,True,True,True,True,True,True,False,True,False,True,verified
F800,H1A2_1200:0470,462,Li2O6MnCu3,True,True,False,True,True,True,True,True,True,True,False,False,False,False,verified
F800,H1A2_1200:0471,463,Cl6K2Tb,True,True,False,True,True,True,True,True,True,True,False,True,False,True,verified
F800,H1A2_1200:0472,464,LiS2Tb,True,True,False,True,True,True,False,False,False,False,False,True,False,False,verified
F800,H1A2_1200:0473,465,K3Te4Tl,True,True,False,True,True,True,True,True,True,True,False,True,False,True,verified
F800,H1A2_1200:0474,466,O4F4V4,True,True,False,True,True,True,True,True,True,True,False,False,False,False,verified
F800,H1A2_1200:0475,467,Cu2ZnAu,True,True,False,True,True,True,True,True,True,True,False,True,False,True,verified
F800,H1A2_1200:0476,468,Ni2Sn2Eu,True,True,False,True,True,True,True,True,True,True,False,True,False,True,verified
F800,H1A2_1200:0477,469,O8Na8P2,True,True,False,True,True,True,True,True,True,True,False,False,False,False,verified
F800,H1A2_1200:0478,470,S6V3Cu4Se2,True,True,False,True,True,True,True,True,True,True,False,False,False,False,verified
F800,H1A2_1200:0479,471,H2O2Cl2Ca2,True,True,False,True,True,True,True,True,True,True,True,True,True,True,verified
F800,H1A2_1200:0480,472,Li4F12Mn4,True,True,False,True,True,True,True,True,True,True,False,True,False,True,verified
F800,H1A2_1200:0481,473,O6MoBa2Pr,True,True,False,True,True,True,True,True,True,True,True,True,True,True,verified
F800,H1A2_1200:0482,474,O6Ba2W2,True,True,False,True,True,True,True,True,True,True,False,False,False,False,verified
F800,H1A2_1200:0483,475,O12Ba4Er2Hf2,True,True,False,True,True,True,True,True,True,True,False,True,False,True,verified
F800,H1A2_1200:0484,476,Cl6GaRb2Ag,True,True,False,True,True,True,False,False,False,False,False,True,False,False,verified
F800,H1A2_1200:0485,477,B4Ru3Lu3,False,False,False,True,False,True,True,True,False,False,False,True,False,True,verified
F800,H1A2_1200:0486,478,Si2Cu2Y2,False,False,False,True,False,True,False,False,False,False,True,True,False,False,verified
F800,H1A2_1200:0487,479,C2N4Cl2Zr2,True,True,False,True,True,True,True,True,True,True,False,False,False,False,verified
F800,H1A2_1200:0488,480,Li3Mg3,True,True,False,True,True,True,True,True,True,True,False,True,False,True,verified
F800,H1A2_1200:0489,481,Li2F12Mn2,True,True,False,True,True,True,True,True,True,True,False,False,False,False,verified
F800,H1A2_1200:0490,482,Li4O8Ni3As,True,True,False,True,True,True,True,True,True,True,False,True,False,True,verified
F800,H1A2_1200:0492,484,O6WPb2,True,True,False,True,True,True,True,True,True,True,False,False,False,False,verified
F800,H1A2_1200:0493,485,Ge6Tm2Ir4,True,True,False,True,True,True,True,True,True,True,False,True,False,True,verified
F800,H1A2_1200:0494,486,O12Fe4Cu4,True,True,False,True,True,True,True,True,True,True,False,False,False,False,verified
F800,H1A2_1200:0495,487,C8GdTb4,True,True,False,True,True,True,True,True,True,True,False,False,False,False,verified
F800,H1A2_1200:0496,488,O12Fe4Ce4,True,True,False,True,True,True,True,True,True,True,False,False,False,False,verified
F800,H1A2_1200:0497,489,P2S6V2,True,True,False,True,True,True,True,True,True,True,False,True,False,True,verified
F800,H1A2_1200:0498,490,N6Ca2Nb4,True,True,False,True,True,True,True,True,True,True,False,True,False,True,verified
F800,H1A2_1200:0499,491,MgCd,True,True,False,True,True,True,True,True,True,True,False,True,False,True,verified
F800,H1A2_1200:0500,492,Mg2LaLu,True,True,False,True,True,True,False,False,False,False,False,True,False,False,verified
F800,H1A2_1200:0501,493,O8MgV2Zn,True,True,False,True,True,True,True,True,True,True,False,False,False,False,verified
F800,H1A2_1200:0502,494,Cl6K2RbBi,True,True,False,True,True,True,True,True,True,True,True,True,True,True,verified
F800,H1A2_1200:0503,495,O10Mn2Sr2Ba2EuTa,True,True,False,True,True,True,True,True,True,True,False,False,False,False,verified
F800,H1A2_1200:0504,496,O8Co4Cd2,True,True,False,True,True,True,True,True,True,True,False,False,False,False,verified
F800,H1A2_1200:0505,497,O2F10Co6,True,True,False,True,True,True,True,True,True,True,False,False,False,False,verified
F800,H1A2_1200:0506,498,LiGaIr2,True,True,False,True,True,False,True,False,False,False,True,True,False,False,verified
F800,H1A2_1200:0507,499,Cu2Ge2Ho2,True,True,False,True,True,True,False,False,False,False,False,True,False,False,verified
F800,H1A2_1200:0508,500,O4Cu2Ba2,True,True,False,True,True,True,True,True,True,True,False,False,False,False,verified
F800,H1A2_1200:0509,501,Se8Nb3Sn3,False,True,True,True,True,True,True,True,True,False,False,False,False,False,verified
F800,H1A2_1200:0510,502,Li2O8Ni5,False,True,True,True,True,True,True,True,True,False,False,True,False,True,verified
F800,H1A2_1200:0511,503,Li4O8V2Cr2,True,True,False,True,True,True,True,True,True,True,False,True,False,True,verified
F800,H1A2_1200:0512,504,Si2Ni2Tb2,False,False,False,True,False,True,True,True,False,False,False,True,False,True,verified
F800,H1A2_1200:0513,505,Ge4Se8Sm4,True,True,False,True,True,True,True,True,True,True,False,False,False,False,verified
F800,H1A2_1200:0514,506,O8Na4S2Cu2,True,True,False,True,True,True,True,True,True,True,False,False,False,False,verified
F800,H1A2_1200:0515,507,O8Cu3Y2Ba,True,True,False,True,True,True,True,True,True,True,False,False,False,False,verified
F800,H1A2_1200:0516,508,Zn4Tb4Pt4,True,True,False,True,True,True,True,True,True,True,False,False,False,False,verified
F800,H1A2_1200:0517,509,Li2O12Nb4Ba2,False,True,True,True,True,True,True,True,True,False,False,False,False,False,verified
F800,H1A2_1200:0518,510,Li2F8V2,True,True,False,True,True,True,False,False,False,False,False,True,False,False,verified
F800,H1A2_1200:0519,511,S4Se4Mo3W,True,True,False,True,True,True,True,True,True,True,False,False,False,False,verified
F800,H1A2_1200:0520,512,O6CaFeSr2Bi,True,True,False,True,True,True,True,True,True,True,False,False,False,False,verified
F800,H1A2_1200:0521,513,Si2Co2Tb2,True,True,False,True,True,True,False,False,False,False,False,True,False,False,verified
F800,H1A2_1200:0522,514,Li2Si2,True,True,False,True,True,True,True,True,True,True,False,False,False,False,verified
F800,H1A2_1200:0523,515,O12Ca4Zr2W2,True,True,False,True,True,True,True,True,True,True,False,True,False,True,verified
F800,H1A2_1200:0524,516,Ni4As4,True,True,False,True,True,True,True,True,True,True,True,True,True,True,verified
F800,H1A2_1200:0525,517,Li2O8CrNi3,True,True,False,True,True,True,True,True,True,True,False,False,False,False,verified
F800,H1A2_1200:0526,518,Li2F12Mn2,True,True,False,True,True,True,True,True,True,True,False,True,False,True,verified
F800,H1A2_1200:0527,519,F6Cs2Bi,True,True,False,True,True,True,True,True,True,True,True,True,True,True,verified
F800,H1A2_1200:0528,520,S8Zr2Ba4,True,True,False,True,True,True,True,True,True,True,False,True,False,True,verified
F800,H1A2_1200:0529,521,Ca4Ag4In4,True,True,False,True,True,True,True,True,True,True,False,True,False,True,verified
F800,H1A2_1200:0531,523,Sn3Te2,True,True,False,True,True,True,True,True,True,True,False,True,False,True,verified
F800,H1A2_1200:0532,524,C4AlFe10Y2,False,True,True,True,True,True,True,True,True,False,False,False,False,False,verified
F800,H1A2_1200:0533,525,O8Fe4Ba2,True,True,False,True,True,True,True,True,True,True,False,True,False,True,verified
F800,H1A2_1200:0534,526,CuI6Cs2Tl,True,True,False,True,True,True,True,True,True,True,False,True,False,True,verified
F800,H1A2_1200:0535,527,F12Zn4Cs4,True,True,False,True,True,True,True,True,True,True,False,True,False,True,verified
F800,H1A2_1200:0536,528,Si2FeTh2,True,True,False,True,True,True,True,True,True,True,False,True,False,True,verified
F800,H1A2_1200:0537,529,O12Na4P4,True,True,False,True,True,True,True,True,True,True,False,True,False,True,verified
F800,H1A2_1200:0538,530,F6KCs2Hg,False,False,False,True,False,True,True,True,False,False,True,True,True,True,verified
F800,H1A2_1200:0539,531,As2Pd2Er2,False,False,False,True,False,True,True,True,False,False,False,True,False,True,verified
F800,H1A2_1200:0540,532,NaCaRh2,True,True,False,True,True,True,True,True,True,True,False,False,False,False,verified
F800,H1A2_1200:0541,533,Ga2Au4,True,True,False,True,True,True,True,True,True,True,False,True,False,True,verified
F800,H1A2_1200:0542,534,Zn2GaAgTe4,True,True,False,True,True,True,True,True,True,True,False,True,False,True,verified
F800,H1A2_1200:0543,535,Li8N6Mn2,True,True,False,True,True,True,True,True,True,True,False,False,False,False,verified
F800,H1A2_1200:0544,536,H10Na4Ca4,False,False,False,True,False,True,True,True,False,False,False,True,False,True,verified
F800,H1A2_1200:0545,537,Li8O6Pd,True,True,False,True,True,True,True,True,True,True,False,False,False,False,verified
F800,H1A2_1200:0547,539,Ge6Tb10,True,True,False,True,True,True,True,True,True,True,False,True,False,True,verified
F800,H1A2_1200:0548,540,Sn3Ce,True,True,False,True,True,True,True,True,True,True,False,True,False,True,verified
F800,H1A2_1200:0549,541,Fe4Te4I4,True,True,False,True,True,True,True,True,True,True,False,False,False,False,verified
F800,H1A2_1200:0550,542,Zn3Pd3Er3,True,True,False,True,True,True,False,False,False,False,False,True,False,False,verified
F800,H1A2_1200:0551,543,O8NaV4,False,True,True,True,True,True,True,True,True,False,False,True,False,True,verified
F800,H1A2_1200:0552,544,O4Sr4,True,True,False,True,True,True,True,True,True,True,False,True,False,True,verified
F800,H1A2_1200:0553,545,Zn2Gd2Pt2,True,True,False,True,True,True,True,True,True,True,True,True,True,True,verified
F800,H1A2_1200:0554,546,Cu3Cd,True,True,False,True,True,True,True,True,True,True,False,True,False,True,verified
F800,H1A2_1200:0555,547,ZnRh2Pr,True,True,False,True,True,True,True,True,True,True,False,True,False,True,verified
F800,H1A2_1200:0556,548,Zn2As2La,True,True,False,True,True,True,True,True,True,True,False,True,False,True,verified
F800,H1A2_1200:0557,549,O4Cu2Se6,True,True,False,True,True,True,True,True,True,True,False,False,False,False,verified
F800,H1A2_1200:0558,550,Sc2Co4Sn4,True,True,False,True,True,True,True,True,True,True,False,True,False,True,verified
F800,H1A2_1200:0559,551,O12Ca2Mn2Tb4,True,True,False,True,True,True,True,True,True,True,False,True,False,True,verified
F800,H1A2_1200:0560,552,Ni4Sn8Nd4,True,True,False,True,True,True,True,True,True,True,False,True,False,True,verified
F800,H1A2_1200:0561,553,O10Zn2Ga2La4,True,True,False,True,True,True,True,True,True,True,False,False,False,False,verified
F800,H1A2_1200:0562,554,O6ScInBa2,True,True,False,True,True,True,True,True,True,True,False,False,False,False,verified
F800,H1A2_1200:0563,555,P2Pd2,False,False,False,True,False,True,True,True,False,False,False,True,False,True,verified
F800,H1A2_1200:0564,556,O8F4V6,True,True,False,True,True,True,True,True,True,True,False,True,False,True,verified
F800,H1A2_1200:0565,557,Li4O8K2Nb2,True,True,False,True,True,True,True,True,True,True,False,True,False,True,verified
F800,H1A2_1200:0566,558,F6SbCs2,True,True,False,True,True,True,True,True,True,True,True,True,True,True,verified
F800,H1A2_1200:0567,559,O10Ca2Fe2Sr4,True,True,False,True,True,True,True,True,True,True,False,False,False,False,verified
F800,H1A2_1200:0568,560,Li2O4Pd2,True,True,False,True,True,True,True,True,True,True,False,False,False,False,verified
F800,H1A2_1200:0569,561,O8Mg4Sn4,True,True,False,True,True,True,True,True,True,True,False,False,False,False,verified
F800,H1A2_1200:0570,562,Mn4Ge6,True,True,False,True,True,True,True,True,True,True,False,True,False,True,verified
F800,H1A2_1200:0571,563,Li2F8Mn2,True,True,False,True,True,True,True,True,True,True,False,True,False,True,verified
F800,H1A2_1200:0572,564,Li2O4Ni2,True,True,False,True,True,True,True,True,True,True,False,True,False,True,verified
F800,H1A2_1200:0573,565,O8Na2Ti2Ta2,True,True,False,True,True,True,True,True,True,True,False,False,False,False,verified
F800,H1A2_1200:0574,566,O3BaHf,True,True,False,True,True,True,False,False,False,False,False,True,False,False,verified
F800,H1A2_1200:0575,567,O12W2U2,True,True,False,True,True,True,True,True,True,True,False,True,False,True,verified
F800,H1A2_1200:0576,568,O6Ba2BiU,True,True,False,True,True,True,True,True,True,True,False,True,False,True,verified
F800,H1A2_1200:0577,569,O4ZrPb,True,True,False,True,True,True,True,True,True,True,False,True,False,True,verified
F800,H1A2_1200:0578,570,O4ClY2,False,False,False,True,False,True,True,True,False,False,False,False,False,False,verified
F800,H1A2_1200:0579,571,O2ZnCd,True,True,False,True,True,True,True,True,True,True,False,False,False,False,verified
F800,H1A2_1200:0580,572,NiCu2Se4Tl,True,True,False,True,True,True,True,True,True,True,False,False,False,False,verified
F800,H1A2_1200:0581,573,As3Ag3La3,True,True,False,True,True,True,True,True,True,True,False,False,False,False,verified
F800,H1A2_1200:0582,574,O10As2Ba2Ta2,True,True,False,True,True,True,True,True,True,True,False,False,False,False,verified
F800,H1A2_1200:0584,576,Li5O10Mn4,False,True,True,True,True,True,True,True,True,False,False,False,False,False,verified
F800,H1A2_1200:0585,577,O8Nb2Sb2,True,True,False,True,True,True,True,True,True,True,False,False,False,False,verified
F800,H1A2_1200:0586,578,O8Fe4YBa2,True,True,False,True,True,True,True,True,True,True,False,False,False,False,verified
F800,H1A2_1200:0587,579,O12Nb2La4Tb2,True,True,False,True,True,True,True,True,True,True,False,False,False,False,verified
F800,H1A2_1200:0588,580,In2PrPb,True,True,False,True,True,True,True,True,True,True,False,True,False,True,verified
F800,H1A2_1200:0589,581,C2ScCo3,True,True,False,True,True,True,True,True,True,True,False,False,False,False,verified
F800,H1A2_1200:0590,582,O8Pd3SnPb2,True,True,False,True,True,True,True,True,True,True,False,False,False,False,verified
F800,H1A2_1200:0591,583,Li2O12Fe5Cs,False,True,True,True,True,True,True,True,True,False,False,False,False,False,verified
F800,H1A2_1200:0592,584,Li2S8Cr4,False,True,True,True,True,True,False,False,False,False,False,True,False,False,verified
F800,H1A2_1200:0593,585,N6Na2Mg2V4,True,True,False,True,True,True,True,True,True,True,False,False,False,False,verified
F800,H1A2_1200:0594,586,S6V2Cu2Rb4,True,True,False,True,True,True,True,True,True,True,False,True,False,True,verified
F800,H1A2_1200:0595,587,S4Rb2Ag2,True,True,False,True,True,True,True,True,True,True,False,False,False,False,verified
F800,H1A2_1200:0596,588,Y4Pd4Sb4,True,True,False,True,True,True,True,True,True,True,False,False,False,False,verified
F800,H1A2_1200:0597,589,Ca2Pt4,True,True,False,True,True,True,True,True,True,True,False,True,False,True,verified
F800,H1A2_1200:0598,590,PdIn5La2,True,True,False,True,True,True,True,True,True,True,False,True,False,True,verified
F800,H1A2_1200:0599,591,O6MgAgLa2,True,True,False,True,True,True,True,True,True,True,False,False,False,False,verified
F800,H1A2_1200:0600,592,O10Sr2Nb2Nd2,True,True,False,True,True,True,True,True,True,True,False,False,False,False,verified
F800,H1A2_1200:0601,593,O10S2Ba2,True,True,False,True,True,True,True,True,True,True,False,False,False,False,verified
F800,H1A2_1200:0602,594,ScGeTb2,True,True,False,True,True,True,True,True,True,True,False,False,False,False,verified
F800,H1A2_1200:0603,595,Si3Fe2Co,True,True,False,True,True,True,True,True,True,True,False,True,False,True,verified
F800,H1A2_1200:0604,596,Mn2Pd4Eu4,True,True,False,True,True,True,True,True,True,True,False,False,False,False,verified
F800,H1A2_1200:0605,597,O7Cu2Ba2CeTl,True,True,False,True,True,True,True,True,True,True,False,False,False,False,verified
F800,H1A2_1200:0606,598,O2S2Mo2,True,True,False,True,True,True,True,True,True,True,False,False,False,False,verified
F800,H1A2_1200:0608,600,O8CaV3,True,True,False,True,True,True,True,True,True,True,False,True,False,True,verified
F800,H1A2_1200:0609,601,O10Mg4Mn2,True,True,False,True,True,True,True,True,True,True,False,False,False,False,verified
F800,H1A2_1200:0610,602,AlTiRu2,True,True,False,True,True,True,False,False,False,False,False,True,False,False,verified
F800,H1A2_1200:0611,603,K4Ca4Br12,True,True,False,True,True,True,True,True,True,True,False,True,False,True,verified
F800,H1A2_1200:0612,604,Fe2As4Sr4,True,True,False,True,True,True,True,True,True,True,False,False,False,False,verified
F800,H1A2_1200:0613,605,O6Al2In2,True,True,False,True,True,True,True,True,True,True,False,False,False,False,verified
F800,H1A2_1200:0615,607,ScGa,True,True,False,True,True,True,True,True,True,True,True,True,True,True,verified
F800,H1A2_1200:0616,608,In4Pr2,True,True,False,True,True,True,True,True,True,True,False,True,False,True,verified
F800,H1A2_1200:0617,609,S2MoTe6W3,True,True,False,True,True,True,True,True,True,True,True,True,True,True,verified
F800,H1A2_1200:0618,610,S8La4Lu2,True,True,False,True,True,True,True,True,True,True,True,True,True,True,verified
F800,H1A2_1200:0619,611,Ni2In2La,True,True,False,True,True,True,True,True,True,True,False,True,False,True,verified
F800,H1A2_1200:0620,612,Pd6Cd10,True,True,False,True,True,True,True,True,True,True,False,True,False,True,verified
F800,H1A2_1200:0621,613,K2Pd2Tl2,True,True,False,True,True,True,True,True,True,True,True,True,True,True,verified
F800,H1A2_1200:0622,614,Mg2S8Cr4,True,True,False,True,True,True,True,True,True,True,False,False,False,False,verified
F800,H1A2_1200:0623,615,Li4F10Ag4,False,True,True,True,True,True,True,True,True,False,False,True,False,True,verified
F800,H1A2_1200:0624,616,P3Cr3As3,True,True,False,True,True,True,True,True,True,True,False,True,False,True,verified
F800,H1A2_1200:0625,617,Si4Hf8,True,True,False,True,True,True,True,True,True,True,False,True,False,True,verified
F800,H1A2_1200:0626,618,K5Se4I3,False,False,False,True,False,True,True,True,False,False,False,True,False,True,verified
F800,H1A2_1200:0627,619,As2Ag2Ho2,True,True,False,True,True,True,True,True,True,True,False,False,False,False,verified
F800,H1A2_1200:0629,621,O12Sr2Ba2W2Bi2,True,True,False,True,True,True,True,True,True,True,False,True,False,True,verified
F800,H1A2_1200:0631,623,PmErTl2,False,False,False,True,False,True,False,False,False,False,True,True,False,False,verified
F800,H1A2_1200:0632,624,O6SbBa2La,True,True,False,True,True,True,False,False,False,False,False,True,False,False,verified
F800,H1A2_1200:0633,625,B2Fe10Y,False,False,False,True,False,True,True,True,False,False,False,False,False,False,verified
F800,H1A2_1200:0634,626,O12Sr4Dy2Re2,True,True,False,True,True,True,True,True,True,True,False,True,False,True,verified
F800,H1A2_1200:0635,627,As2I2Tl2,True,True,False,True,True,True,True,True,True,True,False,False,False,False,verified
F800,H1A2_1200:0636,628,Li4O8MnFe3,True,True,False,True,True,True,False,False,False,False,False,True,False,False,verified
F800,H1A2_1200:0638,629,Li2Sn4Pt4,True,True,False,True,True,True,True,True,True,True,False,True,False,True,verified
F800,H1A2_1200:0639,630,Cu2Br6Rb2,True,True,False,True,True,True,True,True,True,True,True,True,True,True,verified
F800,H1A2_1200:0640,631,Ti4Co2Ru2,True,True,False,True,True,True,True,True,True,True,False,True,False,True,verified
F800,H1A2_1200:0641,632,ScZn2Se4,True,True,False,True,True,True,True,True,True,True,False,True,False,True,verified
F800,H1A2_1200:0642,633,S6Co5Cu3,False,True,True,True,True,True,True,True,True,False,False,False,False,False,verified
F800,H1A2_1200:0643,634,AgCd,True,True,False,True,True,True,False,False,False,False,False,True,False,False,verified
F800,H1A2_1200:0644,635,O12Mo2W2,True,True,False,True,True,True,True,True,True,True,False,True,False,True,verified
F800,H1A2_1200:0645,636,F2Rb2Pb2,False,False,False,True,False,True,True,True,False,False,False,False,False,False,verified
F800,H1A2_1200:0646,637,AgCdPt2,True,True,False,True,True,True,True,True,True,True,False,True,False,True,verified
F800,H1A2_1200:0647,638,Mn2Zn4Sn2,True,True,False,True,True,True,True,True,True,True,False,False,False,False,verified
F800,H1A2_1200:0648,639,O8V2Ag2,True,True,False,True,True,True,True,True,True,True,False,False,False,False,verified
F800,H1A2_1200:0649,640,FeNiPt2,True,True,False,True,True,True,True,True,True,True,False,False,False,False,verified
F800,H1A2_1200:0650,641,Ge4Se2Ba2,False,False,False,True,False,True,True,True,False,False,False,False,False,False,verified
F800,H1A2_1200:0651,642,O12V4Zn4,True,True,False,True,True,True,True,True,True,True,False,False,False,False,verified
F800,H1A2_1200:0652,643,Mg2Ge4Pr2,True,True,False,True,True,True,True,True,True,True,False,True,False,True,verified
F800,H1A2_1200:0653,644,B2P2S12V2,True,True,False,True,True,True,True,True,True,True,False,True,False,True,verified
F800,H1A2_1200:0654,645,O12Ge4Sm4,True,True,False,True,True,True,True,True,True,True,False,False,False,False,verified
F800,H1A2_1200:0655,646,Li2O4V2,True,True,False,True,True,True,True,True,True,True,False,False,False,False,verified
F800,H1A2_1200:0656,647,Li2O4W,True,True,False,True,True,True,True,True,True,True,False,False,False,False,verified
F800,H1A2_1200:0657,648,O12Co2Ni2Sb4,True,True,False,True,True,True,True,True,True,True,False,False,False,False,verified
F800,H1A2_1200:0658,649,O4Br8U6,True,True,False,True,True,True,True,True,True,True,False,False,False,False,verified
F800,H1A2_1200:0659,650,Ca3Ga,True,True,False,True,True,True,True,True,True,True,False,True,False,True,verified
F800,H1A2_1200:0660,651,S12Lu2Ta6,True,True,False,True,True,True,True,True,True,True,False,False,False,False,invalid_terminal
F800,H1A2_1200:0661,652,Li2O4F2Cr2,True,True,False,True,True,True,True,True,True,True,False,False,False,False,verified
F800,H1A2_1200:0662,653,O12Ca2Sr4Mo2,True,True,False,True,True,True,True,True,True,True,False,True,False,True,verified
F800,H1A2_1200:0663,654,O10Na2Ti4,True,True,False,True,True,True,True,True,True,True,False,False,False,False,verified
F800,H1A2_1200:0665,656,Si2Ni2Tb,False,False,False,True,False,True,False,False,False,False,False,True,False,False,verified
F800,H1A2_1200:0666,657,Ge4Ru4Hf4,True,True,False,True,True,True,True,True,True,True,False,True,False,True,verified
F800,H1A2_1200:0668,659,F6Rb2Pd,True,True,False,True,True,True,True,True,True,True,False,False,False,False,verified
F800,H1A2_1200:0669,660,O8Mg2S2,True,True,False,True,True,True,True,True,True,True,False,False,False,False,verified
F800,H1A2_1200:0670,661,O6AlBa2Bi,True,True,False,True,True,True,True,True,True,True,False,True,False,True,verified
F800,H1A2_1200:0671,662,O12Sr2In2Sm4,True,True,False,True,True,True,True,True,True,True,False,False,False,False,verified
F800,H1A2_1200:0672,663,N2KCa,False,False,False,True,False,True,True,True,False,False,False,False,False,False,verified
F800,H1A2_1200:0673,664,Ge6Ho10,True,True,False,True,True,True,True,True,True,True,False,True,False,True,verified
F800,H1A2_1200:0674,665,Li2O8Mn2Co2,True,True,False,True,True,True,True,True,True,True,False,True,False,True,verified
F800,H1A2_1200:0675,666,AlCu6Zr,True,True,False,True,True,True,True,True,True,True,False,True,False,True,verified
F800,H1A2_1200:0676,667,Se2Zr4,True,True,False,True,True,True,True,True,True,True,False,False,False,False,verified
F800,H1A2_1200:0677,668,Cu4As8Tb6,True,True,False,True,True,True,True,True,True,True,False,False,False,False,verified
F800,H1A2_1200:0678,669,Sc6Co2Sn6,True,True,False,True,True,True,True,True,True,True,False,True,False,True,verified
F800,H1A2_1200:0679,670,Ge4Pr2Au4,True,True,False,True,True,True,True,True,True,True,True,True,True,True,verified
F800,H1A2_1200:0680,671,S2Ti2,True,True,False,True,True,True,True,True,True,True,False,False,False,False,verified
F800,H1A2_1200:0681,672,Al6Co6U,True,True,False,True,True,True,True,True,True,True,False,False,False,False,verified
F800,H1A2_1200:0682,673,O6YBa2La,True,True,False,True,True,True,True,True,True,True,False,False,False,False,verified
F800,H1A2_1200:0683,674,H2Tc,True,True,False,True,True,True,True,True,True,True,True,True,True,True,verified
F800,H1A2_1200:0684,675,S2Se2Mo4Te4,True,True,False,True,True,True,True,True,True,True,False,False,False,False,verified
F800,H1A2_1200:0685,676,F12Co2Ni2,True,True,False,True,True,True,True,True,True,True,False,False,False,False,verified
F800,H1A2_1200:0686,677,LiO8Mn2Cu3,True,True,False,True,True,True,True,True,True,True,False,True,False,True,verified
F800,H1A2_1200:0687,678,O8Al2V2,True,True,False,True,True,True,True,True,True,True,False,True,False,True,verified
F800,H1A2_1200:0688,679,GaTbHg2,True,True,False,True,True,True,True,True,True,True,False,True,False,True,verified
F800,H1A2_1200:0689,680,O8Co4Rb2,False,True,True,True,True,True,True,True,True,False,False,True,False,True,verified
F800,H1A2_1200:0691,682,F6K2Co,True,True,False,True,True,True,False,False,False,False,True,True,False,False,verified
F800,H1A2_1200:0692,683,Ga6Y2Ru4,True,True,False,True,True,True,True,True,True,True,True,True,True,True,verified
F800,H1A2_1200:0693,684,O6F6K2Fe4,True,True,False,True,True,True,True,True,True,True,False,False,False,False,verified
F800,H1A2_1200:0694,685,Li4F10Ni2,True,True,False,True,True,True,True,True,True,True,False,True,False,True,verified
F800,H1A2_1200:0695,686,Ni2Se4,True,True,False,True,True,True,True,True,True,True,False,False,False,False,verified
F800,H1A2_1200:0696,687,Br6AgInCs2,True,True,False,True,True,True,False,False,False,False,True,True,False,False,verified
F800,H1A2_1200:0697,688,Rh2InTb,True,True,False,True,True,True,True,True,True,True,False,True,False,True,verified
F800,H1A2_1200:0698,689,Se8Gd4Tl2,True,True,False,True,True,True,True,True,True,True,False,True,False,True,verified
F800,H1A2_1200:0699,690,S12La8,True,True,False,True,True,True,True,True,True,True,False,False,False,False,verified
F800,H1A2_1200:0700,691,Li2N2Ce2,True,True,False,True,True,True,True,True,True,True,False,False,False,False,verified
F800,H1A2_1200:0701,692,Na8Zn8,True,True,False,True,True,True,True,True,True,True,False,True,False,True,verified
F800,H1A2_1200:0702,693,SnTh,True,True,False,True,True,True,True,True,True,True,True,True,True,True,verified
F800,H1A2_1200:0703,694,B6Pr,False,False,False,True,False,True,True,True,False,False,True,True,True,True,verified
F800,H1A2_1200:0704,695,Li2O12CrFeNb3,True,True,False,True,True,True,True,True,True,True,False,True,False,True,verified
F800,H1A2_1200:0705,696,Ga2RhNd,True,True,False,True,True,True,True,True,True,True,False,True,False,True,verified
F800,H1A2_1200:0706,697,O6FeSr2Nd,True,True,False,True,True,True,True,True,True,True,False,False,False,False,verified
F800,H1A2_1200:0707,698,F6CoRb2,True,True,False,True,True,True,True,True,True,True,True,True,True,True,verified
F800,H1A2_1200:0708,699,O8Ca2Ge2Ba2,True,True,False,True,True,True,True,True,True,True,False,True,False,True,verified
F800,H1A2_1200:0709,700,Li3O8Mn2Co2,False,True,True,True,True,True,True,True,True,False,False,False,False,False,verified
F800,H1A2_1200:0710,701,B6CaZr2,True,True,False,True,True,True,True,True,True,True,False,False,False,False,verified
F800,H1A2_1200:0711,702,N2Mn4Fe2As4,True,True,False,True,True,True,True,True,True,True,False,False,False,False,verified
F800,H1A2_1200:0712,703,Ni3Sb4Tb2,True,True,False,True,True,True,True,True,True,True,False,True,False,True,verified
F800,H1A2_1200:0713,704,O3BaTb,True,True,False,True,True,True,True,True,True,True,False,False,False,False,verified
F800,H1A2_1200:0714,705,F3AgTl,True,True,False,True,True,True,True,True,True,True,False,True,False,True,verified
F800,H1A2_1200:0715,706,O6NaCu3Ba2,False,True,True,True,True,True,True,True,True,False,False,False,False,False,verified
F800,H1A2_1200:0716,707,O12Ca4Mn4,True,True,False,True,True,True,True,True,True,True,False,False,False,False,verified
F800,H1A2_1200:0717,708,AlSc3Rh3Sn3,True,True,False,True,True,True,True,True,True,True,False,True,False,True,verified
F800,H1A2_1200:0718,709,O3MnHf,True,True,False,True,True,True,True,True,True,True,False,False,False,False,verified
F800,H1A2_1200:0719,710,Cu2Se4Pr2,True,True,False,True,True,True,True,True,True,True,False,True,False,True,verified
F800,H1A2_1200:0720,711,B4Rh3Gd2,False,False,False,True,False,True,True,True,False,False,False,False,False,False,verified
F800,H1A2_1200:0721,712,H2O12Na2Te2,True,True,False,True,True,True,True,True,True,True,False,False,False,False,verified
F800,H1A2_1200:0722,713,F12Sr2Tl4,True,True,False,True,True,True,True,True,True,True,False,True,False,True,verified
F800,H1A2_1200:0723,714,Al4SrPr,True,True,False,True,True,True,True,True,True,True,False,True,False,True,verified
F800,H1A2_1200:0724,715,S2CuSe2Sn2,True,True,False,True,True,True,True,True,True,True,False,False,False,False,verified
F800,H1A2_1200:0725,716,O4Co2,True,True,False,True,True,True,False,False,False,False,False,True,False,False,verified
F800,H1A2_1200:0726,717,O8S2V2,True,True,False,True,True,True,True,True,True,True,False,False,False,False,verified
F800,H1A2_1200:0727,718,Cl6CuCs2Tl,True,True,False,True,True,False,True,False,False,False,False,True,False,False,verified
F800,H1A2_1200:0728,719,CuInTe2,True,True,False,True,True,True,True,True,True,True,False,False,False,False,verified
F800,H1A2_1200:0729,720,In2La2Pt4,True,True,False,True,True,True,True,True,True,True,False,True,False,True,verified
F800,H1A2_1200:0730,721,Cd6I8,False,False,False,True,False,True,True,True,False,False,False,True,False,True,verified
F800,H1A2_1200:0731,722,P4Fe4As4,True,True,False,True,True,True,True,True,True,True,False,True,False,True,verified
F800,H1A2_1200:0733,723,N4Fe2Ba2,True,True,False,True,True,True,True,True,True,True,False,True,False,True,verified
F800,H1A2_1200:0734,724,H6O6Ce2,True,True,False,True,True,True,True,True,True,True,False,False,False,False,verified
F800,H1A2_1200:0735,725,O7F5V6,True,True,False,True,True,True,True,True,True,True,False,True,False,True,verified
F800,H1A2_1200:0736,726,MgInTm2,True,True,False,True,True,True,False,False,False,False,True,True,False,False,verified
F800,H1A2_1200:0737,727,Mg2I8Pr2,True,True,False,True,True,True,True,True,True,True,False,True,False,True,verified
F800,H1A2_1200:0738,728,Hg8,True,True,False,True,True,True,False,False,False,False,False,True,False,False,verified
F800,H1A2_1200:0739,729,P4Fe12,True,True,False,True,True,True,True,True,True,True,False,True,False,True,verified
F800,H1A2_1200:0740,730,O10Mn4Y2,True,True,False,True,True,True,True,True,True,True,False,False,False,False,verified
F800,H1A2_1200:0741,731,Y10Hg6,True,True,False,True,True,True,True,True,True,True,False,False,False,False,verified
F800,H1A2_1200:0742,732,Ni2GaCe2,True,True,False,True,True,True,True,True,True,True,False,True,False,True,verified
F800,H1A2_1200:0743,733,As8Hf6,True,True,False,True,True,True,True,True,True,True,True,True,True,True,verified
F800,H1A2_1200:0744,734,Mg2NdLu,True,True,False,True,True,True,False,False,False,False,False,True,False,False,verified
F800,H1A2_1200:0745,735,Mg4CaSm,True,True,False,True,True,True,True,True,True,True,False,True,False,True,verified
F800,H1A2_1200:0746,736,Mg4P4Co4,True,True,False,True,True,True,True,True,True,True,False,False,False,False,verified
F800,H1A2_1200:0747,737,O6K4Pb2,True,True,False,True,True,True,True,True,True,True,False,True,False,True,verified
F800,H1A2_1200:0750,740,P3Mo5,False,True,True,True,True,True,True,True,True,False,False,True,False,True,verified
F800,H1A2_1200:0751,741,Li2Mg4,True,True,False,True,True,True,True,True,True,True,False,True,False,True,verified
F800,H1A2_1200:0752,742,Li2O10Co5Ni,True,True,False,True,True,True,True,True,True,True,False,False,False,False,verified
F800,H1A2_1200:0753,743,O6Mn2Sr2Zr,True,True,False,True,True,True,True,True,True,True,False,False,False,False,verified
F800,H1A2_1200:0754,744,O2F10V4,True,True,False,True,True,True,True,True,True,True,False,False,False,False,verified
F800,H1A2_1200:0755,745,O10Ga2Sr2Tb2W2,True,True,False,True,True,True,True,True,True,True,False,False,False,False,verified
F800,H1A2_1200:0756,746,Al4Sn4Ir4,True,True,False,True,True,True,True,True,True,True,False,False,False,False,verified
F800,H1A2_1200:0757,747,Li2AgTl,True,True,False,True,True,True,True,True,True,True,False,True,False,True,verified
F800,H1A2_1200:0758,748,S4Ga2Hg4,True,True,False,True,True,True,True,True,True,True,False,False,False,False,verified
F800,H1A2_1200:0759,749,O6Fe2Bi2,True,True,False,True,True,True,False,False,False,False,False,True,False,False,verified
F800,H1A2_1200:0760,750,O8V4,True,True,False,True,True,True,True,True,True,True,False,False,False,False,verified
F800,H1A2_1200:0761,751,NaS2Cr,True,True,False,True,True,True,True,True,True,True,False,False,False,False,verified
F800,H1A2_1200:0762,752,O12Sr4Bi2U2,True,True,False,True,True,True,True,True,True,True,False,True,False,True,verified
F800,H1A2_1200:0763,753,C4Al2Cr2Y2,True,True,False,True,True,True,True,True,True,True,False,True,False,True,verified
F800,H1A2_1200:0764,754,Li5O10Co2Ni3,True,True,False,True,True,True,True,True,True,True,False,True,False,True,verified
F800,H1A2_1200:0765,755,Pd4Sn2Gd4,True,True,False,True,True,True,True,True,True,True,True,True,True,True,verified
F800,H1A2_1200:0766,756,O12Ca4Pr4,True,True,False,True,True,True,True,True,True,True,False,False,False,False,verified
F800,H1A2_1200:0767,757,KBr6Cs2Nd,True,True,False,True,True,True,True,True,True,True,True,True,True,True,verified
F800,H1A2_1200:0768,758,Li2Br4,False,False,False,True,False,True,True,True,False,False,False,False,False,False,verified
F800,H1A2_1200:0769,759,Cl6Rb2,False,False,False,True,False,True,True,True,False,False,False,False,False,False,verified
F800,H1A2_1200:0770,760,Mn2RuRe,True,True,False,True,True,True,True,True,True,True,False,True,False,True,verified
F800,H1A2_1200:0771,761,Ge4Ru4Lu4,True,True,False,True,True,True,True,True,True,True,True,True,True,True,verified
F800,H1A2_1200:0772,762,Mn4Sn4Er4,True,True,False,True,True,True,True,True,True,True,False,False,False,False,verified
F800,H1A2_1200:0773,763,Si2Fe2Er,True,True,False,True,True,True,True,True,True,True,True,True,True,True,verified
F800,H1A2_1200:0774,764,Si6Y6Ag6,False,False,False,True,False,True,True,True,False,False,False,False,False,False,verified
F800,H1A2_1200:0775,765,O12Co4Ba2U2,True,True,False,True,True,True,True,True,True,True,False,False,False,False,verified
F800,H1A2_1200:0776,766,O6Sr2Sm2,True,True,False,True,True,True,True,True,True,True,False,False,False,False,verified
F800,H1A2_1200:0777,767,O12CaSr3La3Pb,True,True,False,True,True,True,True,True,True,True,False,True,False,True,verified
F800,H1A2_1200:0778,768,O4Na2Cd2,False,False,False,True,False,True,True,True,False,False,False,True,False,True,verified
F800,H1A2_1200:0779,769,Mg2Cd4,True,True,False,True,True,True,True,True,True,True,False,True,False,True,verified
F800,H1A2_1200:0780,770,N2O2S2Tm2,True,True,False,True,True,True,True,True,True,True,False,False,False,False,verified
F800,H1A2_1200:0781,771,O7Co2Sr2Hf,True,True,False,True,True,True,True,True,True,True,False,False,False,False,verified
F800,H1A2_1200:0782,772,O12Ni4Te4,True,True,False,True,True,True,False,False,False,False,False,True,False,False,verified
F800,H1A2_1200:0783,773,Sn5Tb3,True,True,False,True,True,True,True,True,True,True,False,True,False,True,verified
F800,H1A2_1200:0784,774,Cd3Er3Pb3,True,True,False,True,True,True,True,True,True,True,True,True,True,True,verified
F800,H1A2_1200:0785,775,O2Cl2Hg2,True,True,False,True,True,True,True,True,True,True,False,False,False,False,verified
F800,H1A2_1200:0786,776,O2SePr2,True,True,False,True,True,True,True,True,True,True,True,True,True,True,verified
F800,H1A2_1200:0787,777,Li4O8W2,True,True,False,True,True,True,True,True,True,True,False,False,False,False,verified
F800,H1A2_1200:0788,778,Mg3Ga3Pt3,True,True,False,True,True,True,True,True,True,True,True,True,True,True,verified
F800,H1A2_1200:0789,779,F14Ca2Cu4,False,True,True,True,True,True,True,True,True,False,False,True,False,True,verified
F800,H1A2_1200:0790,780,H2Li2O8Re2,True,True,False,True,True,True,True,True,True,True,False,False,False,False,invalid_terminal
F800,H1A2_1200:0792,782,MgCdLa2,True,True,False,True,True,True,True,True,True,True,False,True,False,True,verified
F800,H1A2_1200:0793,783,O6Ca2Sr2Sb2,True,True,False,True,True,True,True,True,True,True,False,False,False,False,verified
F800,H1A2_1200:0794,784,S8V4Ni,True,True,False,True,True,True,True,True,True,True,False,False,False,False,verified
F800,H1A2_1200:0795,785,Sc4Co4As4,True,True,False,True,True,True,True,True,True,True,False,False,False,False,verified
F800,H1A2_1200:0796,786,Ti4Ni4Ga4,True,True,False,True,True,True,True,True,True,True,False,False,False,False,verified
F800,H1A2_1200:0797,787,Y6Pt2,True,True,False,True,True,True,True,True,True,True,False,True,False,True,verified
F800,H1A2_1200:0798,788,Cl6AgTl3,True,True,False,True,True,True,True,True,True,True,False,True,False,True,verified
F800,H1A2_1200:0799,789,Ge6Tb2Au2,True,True,False,True,True,True,True,True,True,True,False,False,False,False,verified
F800,H1A2_1200:0800,790,CoGe4Sm2,True,True,False,True,True,True,True,True,True,True,False,False,False,False,verified
F800,H1A2_1200:0801,791,Mg2Se8Gd4,True,True,False,True,True,True,True,True,True,True,False,True,False,True,verified
F800,H1A2_1200:0802,792,MnNi4,True,True,False,True,True,True,True,True,True,True,False,False,False,False,verified
F800,H1A2_1200:0803,793,O6Na2Sb2,True,True,False,True,True,True,True,True,True,True,False,False,False,False,verified
F800,H1A2_1200:0804,794,In2NdTl,True,True,False,True,True,True,True,True,True,True,False,False,False,False,verified
F800,H1A2_1200:0805,795,Li2O8Si2Ca2,False,False,False,True,False,True,True,True,False,False,False,False,False,False,verified
F800,H1A2_1200:0806,796,O2F10Fe6,True,True,False,True,True,True,True,True,True,True,False,True,False,True,verified
F800,H1A2_1200:0807,797,S4Se2Nb3,True,True,False,True,True,True,True,True,True,True,False,False,False,False,verified
F800,H1A2_1200:0808,798,Sc2Co6Sn6,True,True,False,True,True,True,True,True,True,True,False,True,False,True,verified
F800,H1A2_1200:0809,799,Mg2TmLu,True,True,False,True,True,True,True,True,True,True,True,True,True,True,verified
F800,H1A2_1200:0810,800,PmPt2Bi,False,False,False,True,False,True,True,True,False,False,True,True,True,True,verified
F800,H1A2_1200:0811,801,O7Cs2U2,True,True,False,True,True,True,True,True,True,True,False,True,False,True,verified
F800,H1A2_1200:0812,802,Rh3Sn3Hf3,True,True,False,True,True,True,True,True,True,True,True,True,True,True,verified
F800,H1A2_1200:0813,803,Al4Zr4Pd4,True,True,False,True,True,True,True,True,True,True,True,True,True,True,verified
F800,H1A2_1200:0814,804,Co2MoW,True,True,False,True,True,True,True,True,True,True,False,False,False,False,verified
F800,H1A2_1200:0815,805,O8Si2Cu4,True,True,False,True,True,True,True,True,True,True,False,False,False,False,verified
F800,H1A2_1200:0816,806,O6SbBa2Sm,True,True,False,True,True,True,False,False,False,False,False,True,False,False,verified
F800,H1A2_1200:0817,807,Fe16Y2,True,True,False,True,True,True,True,True,True,True,False,True,False,True,verified
F800,H1A2_1200:0818,808,MnCo3Zr6,True,True,False,True,True,True,True,True,True,True,False,True,False,True,verified
F800,H1A2_1200:0819,809,O6Na6,True,True,False,True,True,True,True,True,True,True,False,False,False,False,verified
F800,H1A2_1200:0820,810,Si6Ru6Nd2,False,False,False,True,False,True,True,True,False,False,False,False,False,False,verified
F800,H1A2_1200:0821,811,In6Gd2,True,True,False,True,True,True,True,True,True,True,False,True,False,True,verified
F800,H1A2_1200:0822,812,B6YRh10,True,True,False,True,True,True,True,True,True,True,False,True,False,True,verified
F800,H1A2_1200:0823,813,Al2TiFe12Ge4,True,True,False,True,True,True,True,True,True,True,False,False,False,False,verified
F800,H1A2_1200:0825,815,O2Na2Zn2,False,False,False,True,False,True,True,True,False,False,False,False,False,False,verified
F800,H1A2_1200:0827,816,B4O12Mn3Y,True,True,False,True,True,True,True,True,True,True,False,False,False,False,verified
F800,H1A2_1200:0828,817,Fe2As2Lu,True,True,False,True,True,True,True,True,True,True,False,True,False,True,verified
F800,H1A2_1200:0829,818,N4O4P4,True,True,False,True,True,True,True,True,True,True,False,True,False,True,verified
F800,H1A2_1200:0830,819,Li6O10Ti2Co2,True,True,False,True,True,True,True,True,True,True,False,False,False,False,verified
F800,H1A2_1200:0831,820,In4Pm2,False,False,False,True,False,True,True,True,False,False,True,True,True,True,verified
F800,H1A2_1200:0832,821,Li4OF11Mn3,True,True,False,True,True,True,True,True,True,True,False,True,False,True,verified
F800,H1A2_1200:0833,822,SnCe3,True,True,False,True,True,True,True,True,True,True,False,True,False,True,verified
F800,H1A2_1200:0834,823,B6Nb12,True,True,False,True,True,True,True,True,True,True,False,False,False,False,verified
F800,H1A2_1200:0835,824,Cd2In2Dy2,True,True,False,True,True,True,True,True,True,True,False,True,False,True,verified
F800,H1A2_1200:0836,825,Al2S8Cu4,False,True,True,True,True,True,True,True,True,False,False,False,False,False,verified
F800,H1A2_1200:0837,826,Se8Lu4,True,True,False,True,True,True,True,True,True,True,False,True,False,True,verified
F800,H1A2_1200:0838,827,Si4Sr8Pd4,False,False,False,True,False,True,True,True,False,False,False,True,False,True,verified
F800,H1A2_1200:0839,828,Ni2Ge2La,True,True,False,True,True,True,True,True,True,True,True,True,True,True,verified
F800,H1A2_1200:0840,829,Rh2InTh,True,True,False,True,True,True,False,False,False,False,True,True,False,False,verified
F800,H1A2_1200:0841,830,O8MgCu4,False,True,True,True,True,True,True,True,True,False,False,False,False,False,verified
F800,H1A2_1200:0842,831,Li2O8V6,True,True,False,True,True,True,False,False,False,False,False,True,False,False,verified
F800,H1A2_1200:0843,832,HgTl5,True,True,False,True,True,True,True,True,True,True,False,True,False,True,verified
F800,H1A2_1200:0844,833,Ga2Se6Hf4,True,True,False,True,True,True,True,True,True,True,False,False,False,False,verified
F800,H1A2_1200:0845,834,O6Ca2Co2,True,True,False,True,True,True,True,True,True,True,False,True,False,True,verified
F800,H1A2_1200:0846,835,Si2ScRh2,False,False,False,True,False,True,True,True,False,False,True,True,True,True,verified
F800,H1A2_1200:0847,836,O6Ba2ReU,True,True,False,True,True,True,True,True,True,True,False,False,False,False,verified
F800,H1A2_1200:0848,837,O6Na3NbEu,True,True,False,True,True,True,True,True,True,True,False,False,False,False,verified
F800,H1A2_1200:0850,839,O10Ca3Sn4,False,True,True,True,True,True,True,True,True,False,False,False,False,False,verified
F800,H1A2_1200:0851,840,O2F2Eu2,True,True,False,True,True,True,True,True,True,True,False,True,False,True,verified
F800,H1A2_1200:0852,841,O12P2K2Mn2Nd2,True,True,False,True,True,True,True,True,True,True,False,False,False,False,verified
F800,H1A2_1200:0853,842,P12Sm4,True,True,False,True,True,True,True,True,True,True,False,True,False,True,verified
F800,H1A2_1200:0854,843,O12Ti2V2La4,True,True,False,True,True,True,True,True,True,True,False,False,False,False,verified
F800,H1A2_1200:0855,844,Si6Ca4,False,False,False,True,False,True,True,True,False,False,False,True,False,True,verified
F800,H1A2_1200:0856,845,Li2O6V2Fe2,True,True,False,True,True,True,True,True,True,True,False,True,False,True,verified
F800,H1A2_1200:0857,846,Li4S8Co4,True,True,False,True,True,True,True,True,True,True,False,False,False,False,verified
F800,H1A2_1200:0858,847,S8As4Ag2,True,True,False,True,True,True,True,True,True,True,False,True,False,True,verified
F800,H1A2_1200:0859,848,O6K3PdSn,True,True,False,True,True,True,True,True,True,True,True,True,True,True,verified
F800,H1A2_1200:0860,849,N2O6K2Ba,True,True,False,True,True,True,True,True,True,True,False,False,False,False,verified
F800,H1A2_1200:0861,850,Li4F12Fe2,True,True,False,True,True,True,True,True,True,True,True,True,True,True,verified
F800,H1A2_1200:0862,851,P4Rh4,True,True,False,True,True,True,True,True,True,True,False,True,False,True,verified
F800,H1A2_1200:0863,852,YPmTl2,False,False,False,True,False,True,False,False,False,False,True,True,False,False,verified
F800,H1A2_1200:0864,853,Ge2LaPt2,True,True,False,True,True,True,True,True,True,True,False,True,False,True,verified
F800,H1A2_1200:0865,854,As2Pd2Er,False,False,False,True,False,True,True,True,False,False,False,True,False,True,verified
F800,H1A2_1200:0866,855,S2Se6W3,False,True,True,True,True,True,True,True,True,False,False,False,False,False,verified
F800,H1A2_1200:0867,856,O12V4Sn4,True,True,False,True,True,True,True,True,True,True,False,False,False,False,verified
F800,H1A2_1200:0868,857,Si4Ag8Er4,False,False,False,True,False,True,True,True,False,False,False,False,False,False,verified
F800,H1A2_1200:0870,859,O4YU,True,True,False,True,True,True,False,False,False,False,False,True,False,False,verified
F800,H1A2_1200:0871,860,O8Cu2Te2,True,True,False,True,True,True,True,True,True,True,False,True,False,True,verified
F800,H1A2_1200:0872,861,SiCo7Nd2,True,True,False,True,True,True,True,True,True,True,False,False,False,False,verified
F800,H1A2_1200:0873,862,K6Sn4Te10,False,True,True,True,True,True,True,True,True,False,False,True,False,True,verified
F800,H1A2_1200:0874,863,Li3O8F2Fe4,False,True,True,True,True,True,True,True,True,False,False,False,False,False,verified
F800,H1A2_1200:0875,864,Co9Ga4Ge2,True,True,False,True,True,True,True,True,True,True,False,True,False,True,verified
F800,H1A2_1200:0876,865,Sb6U4,True,True,False,True,True,True,True,True,True,True,False,True,False,True,verified
F800,H1A2_1200:0877,866,P2Ag2Tl2,True,True,False,True,True,True,True,True,True,True,False,False,False,False,verified
F800,H1A2_1200:0879,868,LiZn2Se4,False,False,False,True,False,True,True,True,False,False,False,True,False,True,verified
F800,H1A2_1200:0880,869,O3Cd2,False,False,False,True,False,True,True,True,False,False,False,False,False,False,verified
F800,H1A2_1200:0881,870,S8Ca4Tl4,True,True,False,True,True,True,True,True,True,True,False,True,False,True,verified
F800,H1A2_1200:0882,871,ScHf,True,True,False,True,True,True,False,False,False,False,False,True,False,False,verified
F800,H1A2_1200:0883,872,O12Cr4Sm4,True,True,False,True,True,True,False,False,False,False,False,True,False,False,verified
F800,H1A2_1200:0884,873,Cl4Cu2,True,True,False,True,True,True,True,True,True,True,False,True,False,True,verified
F800,H1A2_1200:0885,874,CCo9Ga,False,False,False,True,False,True,True,True,False,False,False,True,False,True,verified
F800,H1A2_1200:0887,876,Ca2Zr4,True,True,False,True,True,True,True,True,True,True,False,False,False,False,verified
F800,H1A2_1200:0888,877,Al4S12Sr4,False,False,False,True,False,True,True,True,False,False,False,False,False,False,verified
F800,H1A2_1200:0889,878,S10Ti2Sn4,True,True,False,True,True,True,True,True,True,True,False,True,False,True,verified
F800,H1A2_1200:0890,879,Al2Ge6Eu4,True,True,False,True,True,True,True,True,True,True,False,True,False,True,verified
F800,H1A2_1200:0891,880,Li2MgGe,True,True,False,True,True,True,True,True,True,True,False,True,False,True,verified
F800,H1A2_1200:0892,881,O4F8K4V2,True,True,False,True,True,True,True,True,True,True,False,True,False,True,verified
F800,H1A2_1200:0893,882,P4Ni4Pr4,True,True,False,True,True,True,True,True,True,True,False,True,False,True,verified
F800,H1A2_1200:0894,883,Ag3Lu,True,True,False,True,True,True,True,True,True,True,True,True,True,True,verified
F800,H1A2_1200:0895,884,InI6Cs2,False,False,False,True,False,True,True,True,False,False,True,True,True,True,verified
F800,H1A2_1200:0896,885,Li8P4,True,True,False,True,True,True,True,True,True,True,False,False,False,False,verified
F800,H1A2_1200:0897,886,O6SrBa2U,True,True,False,True,True,True,False,False,False,False,False,True,False,False,verified
F800,H1A2_1200:0898,887,Si8Ti2Co4,True,True,False,True,True,True,True,True,True,True,False,False,False,False,verified
F800,H1A2_1200:0899,888,O4Rb2Nd2,True,True,False,True,True,True,True,True,True,True,False,False,False,False,verified
F800,H1A2_1200:0900,889,O4Ti4,True,True,False,True,True,True,True,True,True,True,False,False,False,False,verified
F800,H1A2_1200:0901,890,Zn10As2,False,False,False,True,False,True,True,True,False,False,False,False,False,False,verified
F800,H1A2_1200:0902,891,O8F4V6,True,True,False,True,True,True,True,True,True,True,False,True,False,True,verified
F800,H1A2_1200:0903,892,O8K2Hf4,False,False,False,True,False,True,True,True,False,False,False,False,False,False,verified
F800,H1A2_1200:0904,893,Cu5YIn,True,True,False,True,True,True,True,True,True,True,False,True,False,True,verified
F800,H1A2_1200:0905,894,Li2F10Mn2,True,True,False,True,True,True,True,True,True,True,False,True,False,True,verified
F800,H1A2_1200:0906,895,Al4Mn4,True,True,False,True,True,True,True,True,True,True,False,False,False,False,verified
F800,H1A2_1200:0907,896,Li2O8Ti3Fe,True,True,False,True,True,True,True,True,True,True,False,False,False,False,verified
F800,H1A2_1200:0908,897,As4Ba2,True,True,False,True,True,True,True,True,True,True,False,True,False,True,verified
F800,H1A2_1200:0909,898,O12Fe2Cu2Ba2Nd2,True,True,False,True,True,True,True,True,True,True,False,True,False,True,verified
F800,H1A2_1200:0910,899,O4PdHf,True,True,False,True,True,True,True,True,True,True,False,True,False,True,verified
F800,H1A2_1200:0911,900,Mg2InCe,True,True,False,True,True,True,True,True,True,True,False,True,False,True,verified
F800,H1A2_1200:0912,901,O12Ti2Rh3U2,True,True,False,True,True,True,True,True,True,True,False,False,False,False,verified
F800,H1A2_1200:0913,902,O4F8Fe4,True,True,False,True,True,True,True,True,True,True,False,False,False,False,verified
F800,H1A2_1200:0914,903,MnNi,True,True,False,True,True,True,True,True,True,True,False,True,False,True,verified
F800,H1A2_1200:0915,904,Se2Sn2,True,True,False,True,True,True,True,True,True,True,False,True,False,True,verified
F800,H1A2_1200:0916,905,Al2Ce,True,True,False,True,True,True,True,True,True,True,False,True,False,True,verified
F800,H1A2_1200:0919,907,O10F2Mg2S2K4,True,True,False,True,True,True,True,True,True,True,False,False,False,False,verified
F800,H1A2_1200:0920,908,Si6Fe6Ho,False,True,True,True,True,True,True,True,True,False,False,False,False,False,verified
F800,H1A2_1200:0921,909,Ca3Cd3Tl3,True,True,False,True,True,True,True,True,True,True,False,True,False,True,verified
F800,H1A2_1200:0922,910,LiO8V6,False,True,True,True,True,True,True,True,True,False,False,True,False,True,verified
F800,H1A2_1200:0923,911,B6Mg2Pr,True,True,False,True,True,True,True,True,True,True,False,False,False,False,verified
F800,H1A2_1200:0924,912,Mg2Ca4,True,True,False,True,True,True,True,True,True,True,False,True,False,True,verified
F800,H1A2_1200:0925,913,Co9Ga6Hf3,True,True,False,True,True,True,True,True,True,True,False,False,False,False,verified
F800,H1A2_1200:0926,914,B6Co3Nb3,True,True,False,True,True,True,True,True,True,True,False,False,False,False,verified
F800,H1A2_1200:0927,915,Li4O6Ni3,False,True,True,True,True,True,True,True,True,False,False,False,False,False,verified
F800,H1A2_1200:0928,916,S8Ni4Zn2,True,True,False,True,True,True,True,True,True,True,False,False,False,False,verified
F800,H1A2_1200:0929,917,Cu2Sn4Nd2,True,True,False,True,True,True,True,True,True,True,False,True,False,True,verified
F800,H1A2_1200:0930,918,Si6Co4La2,True,True,False,True,True,True,True,True,True,True,False,True,False,True,verified
F800,H1A2_1200:0932,920,O12Mn2Fe2Tm4,True,True,False,True,True,True,True,True,True,True,False,False,False,False,verified
F800,H1A2_1200:0933,921,Ge4Rh4Ho4,True,True,False,True,True,True,True,True,True,True,True,True,True,True,verified
F800,H1A2_1200:0934,922,Se6La2Lu2,True,True,False,True,True,True,True,True,True,True,False,False,False,False,verified
F800,H1A2_1200:0935,923,Mg2Ca4,True,True,False,True,True,True,True,True,True,True,False,True,False,True,verified
F800,H1A2_1200:0936,924,Ga4Pd8Eu4,True,True,False,True,True,True,True,True,True,True,False,True,False,True,verified
F800,H1A2_1200:0937,925,InNd2Hg,True,True,False,True,True,True,True,True,True,True,True,True,True,True,verified
F800,H1A2_1200:0938,926,O8Al2Si2K2,True,True,False,True,True,True,True,True,True,True,False,False,False,False,verified
F800,H1A2_1200:0939,927,S8Fe4Co2,True,True,False,True,True,True,True,True,True,True,False,False,False,False,verified
F800,H1A2_1200:0940,928,B6Rh2Tm,False,False,False,True,False,True,True,True,False,False,False,True,False,True,verified
F800,H1A2_1200:0941,929,Al4Eu2,True,True,False,True,True,True,False,False,False,False,True,True,False,False,verified
F800,H1A2_1200:0942,930,C2Se8Tm6,True,True,False,True,True,True,True,True,True,True,False,False,False,False,verified
F800,H1A2_1200:0943,931,H8O4Tc2,False,False,False,True,False,True,True,True,False,False,False,False,False,False,verified
F800,H1A2_1200:0944,932,Sn6Lu10,True,True,False,True,True,True,True,True,True,True,False,True,False,True,verified
F800,H1A2_1200:0945,933,H6Li2O6K2,False,False,False,True,False,True,True,True,False,False,False,False,False,False,verified
F800,H1A2_1200:0946,934,O8Fe2YBa2,True,True,False,True,True,True,True,True,True,True,False,False,False,False,verified
F800,H1A2_1200:0947,935,Mg2I12Tl4,True,True,False,True,True,True,True,True,True,True,True,True,True,True,verified
F800,H1A2_1200:0948,936,O8Sc2Mo2,True,True,False,True,True,True,True,True,True,True,False,True,False,True,verified
F800,H1A2_1200:0949,937,O12Y4Dy4,True,True,False,True,True,True,True,True,True,True,False,False,False,False,verified
F800,H1A2_1200:0950,938,Cu4In2Ce4,True,True,False,True,True,True,True,True,True,True,False,False,False,False,verified
F800,H1A2_1200:0951,939,CdAu2,True,True,False,True,True,True,True,True,True,True,False,True,False,True,verified
F800,H1A2_1200:0952,940,Rh2SmTm,True,True,False,True,True,True,True,True,True,True,False,True,False,True,verified
F800,H1A2_1200:0953,941,Si2Ni6Sm2,False,False,False,True,False,True,True,True,False,False,False,True,False,True,verified
F800,H1A2_1200:0954,942,Mg4Zn2,True,True,False,True,True,True,True,True,True,True,False,True,False,True,verified
F800,H1A2_1200:0955,943,O4Sr2InBi,True,True,False,True,True,True,True,True,True,True,False,False,False,False,verified
F800,H1A2_1200:0956,944,CuAg2Eu,True,True,False,True,True,True,True,True,True,True,False,False,False,False,verified
F800,H1A2_1200:0957,945,S4Br2Ta2,True,True,False,True,True,True,True,True,True,True,False,True,False,True,verified
F800,H1A2_1200:0958,946,O8P2Fe2,True,True,False,True,True,True,True,True,True,True,False,False,False,False,verified
F800,H1A2_1200:0959,947,LiF6AgCs2,True,True,False,True,True,True,True,True,True,True,False,True,False,True,verified
F800,H1A2_1200:0960,948,Co8Ga4Sm2,True,True,False,True,True,True,True,True,True,True,False,True,False,True,verified
F800,H1A2_1200:0961,949,Ni3InTm2,True,True,False,True,True,True,True,True,True,True,False,True,False,True,verified
F800,H1A2_1200:0962,950,Cl6AgCs2Au,True,True,False,True,True,True,False,False,False,False,False,True,False,False,verified
F800,H1A2_1200:0963,951,Al6Mo2,True,True,False,True,True,True,True,True,True,True,False,True,False,True,verified
F800,H1A2_1200:0964,952,Na8Pd4,True,True,False,True,True,True,True,True,True,True,False,True,False,True,verified
F800,H1A2_1200:0965,953,Co4Nb4Lu4,True,True,False,True,True,True,True,True,True,True,False,True,False,True,verified
F800,H1A2_1200:0966,954,Li4O8Co4,True,True,False,True,True,True,True,True,True,True,False,False,False,False,verified
F800,H1A2_1200:0967,955,SiMn2Ir,False,False,False,True,False,True,True,True,False,False,False,False,False,False,verified
F800,H1A2_1200:0968,956,O6Na4Cd2,False,False,False,True,False,True,True,True,False,False,False,False,False,False,verified
F800,H1A2_1200:0969,957,Cu4Sn4Sm2,True,True,False,True,True,True,True,True,True,True,False,True,False,True,verified
F800,H1A2_1200:0970,958,Si12NdU,False,False,False,True,False,True,True,True,False,False,False,False,False,False,verified
F800,H1A2_1200:0971,959,O12Ti4Ni4,True,True,False,True,True,True,True,True,True,True,False,False,False,False,verified
F800,H1A2_1200:0972,960,H8Y2,True,True,False,True,True,True,True,True,True,True,False,False,False,False,verified
F800,H1A2_1200:0973,961,H4O4Br4Cs4,True,True,False,True,True,True,True,True,True,True,False,False,False,False,invalid_terminal
F800,H1A2_1200:0974,962,Mg2SnTb,True,True,False,True,True,True,True,True,True,True,False,True,False,True,verified
F800,H1A2_1200:0976,964,B2O6Zr2,True,True,False,True,True,True,True,True,True,True,False,False,False,False,verified
F800,H1A2_1200:0977,965,O2Rb6Bi2,True,True,False,True,True,True,True,True,True,True,False,False,False,False,verified
F800,H1A2_1200:0978,966,MgNdAu2,True,True,False,True,True,True,False,False,False,False,True,True,False,False,verified
F800,H1A2_1200:0979,967,Al6Ce10,True,True,False,True,True,True,True,True,True,True,False,True,False,True,verified
F800,H1A2_1200:0980,968,K3CaI6Pr,False,False,False,True,False,True,True,True,False,False,False,True,False,True,verified
F800,H1A2_1200:0981,969,Mn6Ge2Sn4Er,True,True,False,True,True,True,True,True,True,True,False,True,False,True,verified
F800,H1A2_1200:0982,970,YRuTl2,True,True,False,True,True,True,True,True,True,True,False,False,False,False,verified
F800,H1A2_1200:0983,971,Al3Cu2Tb,True,True,False,True,True,True,True,True,True,True,False,True,False,True,verified
F800,H1A2_1200:0984,972,Sn6Ba10,True,True,False,True,True,True,True,True,True,True,False,False,False,False,verified
F800,H1A2_1200:0985,973,Si4Ti8,True,True,False,True,True,True,True,True,True,True,False,True,False,True,verified
F800,H1A2_1200:0986,974,Li6O10Mn4,True,True,False,True,True,True,True,True,True,True,False,False,False,False,verified
F800,H1A2_1200:0987,975,Al2Fe10Nd,True,True,False,True,True,True,True,True,True,True,False,True,False,True,verified
F800,H1A2_1200:0988,976,Ge6Tc4,True,True,False,True,True,True,True,True,True,True,True,True,True,True,verified
F800,H1A2_1200:0989,977,Li4O8Co3Te,True,True,False,True,True,True,False,False,False,False,False,True,False,False,verified
F800,H1A2_1200:0990,978,Li4OF11Mn3,True,True,False,True,True,True,True,True,True,True,False,True,False,True,verified
F800,H1A2_1200:0991,979,C4O12Sr4,True,True,False,True,True,True,True,True,True,True,False,True,False,True,verified
F800,H1A2_1200:0992,980,Li2GeSb,True,True,False,True,True,True,True,True,True,True,False,False,False,False,verified
F800,H1A2_1200:0993,981,Al2CdSm,True,True,False,True,True,True,True,True,True,True,False,False,False,False,verified
F800,H1A2_1200:0994,982,MnGa2Te4,True,True,False,True,True,True,True,True,True,True,True,True,True,True,verified
F800,H1A2_1200:0995,983,Fe17Tb2,True,True,False,True,True,True,True,True,True,True,False,True,False,True,verified
F800,H1A2_1200:0996,984,Fe4Ni2Gd12,True,True,False,True,True,True,True,True,True,True,False,True,False,True,verified
F800,H1A2_1200:0997,985,Li4OF11V3,True,True,False,True,True,True,True,True,True,True,False,False,False,False,verified
F800,H1A2_1200:0998,986,Mn12Co4,True,True,False,True,True,True,True,True,True,True,False,True,False,True,verified
F800,H1A2_1200:0999,987,O7Cr2Zn2,True,True,False,True,True,True,True,True,True,True,False,False,False,False,verified
F800,H1A2_1200:1000,988,O12Ca4Se4,True,True,False,True,True,True,True,True,True,True,False,True,False,True,verified
F800,H1A2_1200:1001,989,Li2Si4Hf4,False,False,False,True,False,True,True,True,False,False,False,False,False,False,verified
F800,H1A2_1200:1002,990,O7Zn2La2Os,True,True,False,True,True,True,True,True,True,True,False,False,False,False,verified
F800,H1A2_1200:1003,991,MgAl2Se4,True,True,False,True,True,True,True,True,True,True,False,True,False,True,verified
F800,H1A2_1200:1004,992,Ni2InDy2,True,True,False,True,True,True,True,True,True,True,False,True,False,True,verified
F800,H1A2_1200:1005,993,B4C4Al2Co6,True,True,False,True,True,True,True,True,True,True,False,False,False,False,verified
F800,H1A2_1200:1007,995,O6Ba2HfW,True,True,False,True,True,True,True,True,True,True,False,True,False,True,verified
F800,H1A2_1200:1008,996,Se6Rb2Mo6,False,True,True,True,True,True,True,True,True,False,False,False,False,False,verified
F800,H1A2_1200:1009,997,NaAs,True,True,False,True,True,True,True,True,True,True,False,False,False,False,verified
F800,H1A2_1200:1010,998,O2Te6Tm6,False,False,False,True,False,True,True,True,False,False,False,False,False,False,verified
F800,H1A2_1200:1011,999,N8Ca4U4,True,True,False,True,True,True,True,True,True,True,False,True,False,True,verified
F800,H1A2_1200:1012,1000,S2MoTe6W3,True,True,False,True,True,True,True,True,True,True,False,False,False,False,verified
F800,H1A2_1200:1013,1001,B2O6F6S2,True,True,False,True,True,True,True,True,True,True,False,True,False,True,verified
F800,H1A2_1200:1014,1002,F6K2Tb,True,True,False,True,True,True,True,True,True,True,False,True,False,True,verified
F800,H1A2_1200:1015,1003,O8Fe2Cu4,True,True,False,True,True,True,True,True,True,True,False,False,False,False,verified
F800,H1A2_1200:1016,1004,Ga10Pr4Ir4,True,True,False,True,True,True,True,True,True,True,True,True,True,True,verified
F800,H1A2_1200:1017,1005,N2Ru2La2,True,True,False,True,True,True,True,True,True,True,False,False,False,False,verified
F800,H1A2_1200:1018,1006,O12V4Mo2,True,True,False,True,True,True,True,True,True,True,False,False,False,False,verified
F800,H1A2_1200:1019,1007,K4Mn2Te4,True,True,False,True,True,True,True,True,True,True,False,True,False,True,verified
F800,H1A2_1200:1020,1008,Ag2Sn2Pr2,True,True,False,True,True,True,False,False,False,False,False,True,False,False,verified
F800,H1A2_1200:1021,1009,Al3Si3La3,True,True,False,True,True,True,True,True,True,True,False,False,False,False,verified
F800,H1A2_1200:1022,1010,Na10Sn8,True,True,False,True,True,True,True,True,True,True,False,True,False,True,verified
F800,H1A2_1200:1024,1012,ScRu2Te4,False,False,False,True,False,True,True,True,False,False,True,True,True,True,verified
F800,H1A2_1200:1025,1013,O6TiSrGdW,True,True,False,True,True,True,True,True,True,True,False,False,False,False,verified
F800,H1A2_1200:1026,1014,O8Co2Zn4,True,True,False,True,True,True,True,True,True,True,False,False,False,False,verified
F800,H1A2_1200:1027,1015,Ca2Cu2Ga2,True,True,False,True,True,True,True,True,True,True,True,True,True,True,verified
F800,H1A2_1200:1028,1016,O12Ca4Hf4,True,True,False,True,True,True,True,True,True,True,False,False,False,False,verified
F800,H1A2_1200:1029,1017,LiCl6Cs2Au,True,True,False,True,True,True,True,True,True,True,False,True,False,True,verified
F800,H1A2_1200:1030,1018,GeRh3Sm2,True,True,False,True,True,True,True,True,True,True,False,True,False,True,verified
F800,H1A2_1200:1031,1019,Li4O8Mn3Co,True,True,False,True,True,True,True,True,True,True,False,True,False,True,verified
F800,H1A2_1200:1032,1020,Si2Mn2,True,True,False,True,True,True,True,True,True,True,False,True,False,True,verified
F800,H1A2_1200:1033,1021,O6Na4Fe2,True,True,False,True,True,True,True,True,True,True,False,True,False,True,verified
F800,H1A2_1200:1034,1022,O12Ge2Ce4U2,True,True,False,True,True,True,True,True,True,True,False,False,False,False,verified
F800,H1A2_1200:1035,1023,O8Na2Si2Cu2,True,True,False,True,True,True,True,True,True,True,False,False,False,False,verified
F800,H1A2_1200:1036,1024,O8P2CaCu2,True,True,False,True,True,True,True,True,True,True,False,True,False,True,verified
F800,H1A2_1200:1037,1025,O4F2Ag4,False,True,True,True,True,True,True,True,True,False,False,True,False,True,verified
F800,H1A2_1200:1039,1027,O10V4Zn,True,True,False,True,True,True,True,True,True,True,False,False,False,False,verified
F800,H1A2_1200:1040,1028,O6NaZr2Tl,True,True,False,True,True,True,True,True,True,True,False,False,False,False,verified
F800,H1A2_1200:1041,1029,F4Cu3Se2,True,True,False,True,True,True,True,True,True,True,False,True,False,True,verified
F800,H1A2_1200:1042,1030,P8Sr8Pb4,True,True,False,True,True,True,True,True,True,True,False,False,False,False,verified
F800,H1A2_1200:1043,1031,O6Co2Ba2Sm,True,True,False,True,True,True,True,True,True,True,False,False,False,False,verified
F800,H1A2_1200:1044,1032,O10V4Y2,True,True,False,True,True,True,True,True,True,True,False,False,False,False,verified
F800,H1A2_1200:1045,1033,C2O10Na2Ba2,True,True,False,True,True,True,True,True,True,True,False,False,False,False,verified
F800,H1A2_1200:1046,1034,O12Sr4Tm4,True,True,False,True,True,True,True,True,True,True,False,False,False,False,verified
F800,H1A2_1200:1047,1035,ScAg2Cd,True,True,False,True,True,True,False,False,False,False,True,True,False,False,verified
F800,H1A2_1200:1048,1036,O6Na2In2,True,True,False,True,True,True,True,True,True,True,False,False,False,False,verified
F800,H1A2_1200:1050,1038,Mn2As6Y2,True,True,False,True,True,True,True,True,True,True,False,True,False,True,verified
F800,H1A2_1200:1051,1039,O6Fe4,True,True,False,True,True,True,True,True,True,True,False,False,False,False,verified
F800,H1A2_1200:1052,1040,F12Pd2Cs2,False,False,False,True,False,True,True,True,False,False,False,True,False,True,verified
F800,H1A2_1200:1053,1041,Cu4Sb4Tm2,True,True,False,True,True,True,True,True,True,True,False,True,False,True,verified
F800,H1A2_1200:1054,1042,S4In2La2,True,True,False,True,True,True,True,True,True,True,False,True,False,True,verified
F800,H1A2_1200:1055,1043,Zn3Ge4Pr3,True,True,False,True,True,True,True,True,True,True,False,True,False,True,verified
F800,H1A2_1200:1056,1044,Ni2YIn,True,True,False,True,True,True,True,True,True,True,False,True,False,True,verified
F800,H1A2_1200:1057,1045,Y4Ir6,True,True,False,True,True,True,True,True,True,True,False,False,False,False,verified
F800,H1A2_1200:1058,1046,Mg4Cd2,True,True,False,True,True,True,False,False,False,False,False,True,False,False,verified
F800,H1A2_1200:1059,1047,H4Li4O8Mn2,True,True,False,True,True,True,True,True,True,True,False,False,False,False,verified
F800,H1A2_1200:1060,1048,Mg3Ag,True,True,False,True,True,True,True,True,True,True,False,True,False,True,verified
F800,H1A2_1200:1061,1049,B2C2La2,True,True,False,True,True,True,True,True,True,True,False,False,False,False,verified
SUN_protect_MSUN_rollback,H1A2_1200:0000,0,Sn,True,True,False,True,True,True,False,False,False,False,False,True,False,False,verified
SUN_protect_MSUN_rollback,H1A2_1200:0001,1,Se12Ba4Pr2Tm2,False,False,False,True,False,True,True,True,False,False,False,True,False,True,verified
SUN_protect_MSUN_rollback,H1A2_1200:0002,2,Mn12Ge4,True,True,False,True,True,True,True,True,True,True,False,True,False,True,verified
SUN_protect_MSUN_rollback,H1A2_1200:0003,3,O4Se2In2Bi2,True,True,False,True,True,True,True,True,True,True,False,True,False,True,verified
SUN_protect_MSUN_rollback,H1A2_1200:0004,4,Cu2Ge4Nd2,True,True,False,True,True,True,True,True,True,True,False,True,False,True,verified
SUN_protect_MSUN_rollback,H1A2_1200:0005,5,MgRh,True,True,False,True,True,True,False,False,False,False,True,True,False,False,verified
SUN_protect_MSUN_rollback,H1A2_1200:0006,6,Ti2Co2As4,True,True,False,True,True,True,True,True,True,True,False,True,False,True,verified
SUN_protect_MSUN_rollback,H1A2_1200:0007,7,O12Na2Sr2Tm2W2,True,True,False,True,True,True,True,True,True,True,False,True,False,True,verified
SUN_protect_MSUN_rollback,H1A2_1200:0008,8,O6TiSr2Sb,True,True,False,True,True,True,True,True,True,True,False,True,False,True,verified
SUN_protect_MSUN_rollback,H1A2_1200:0009,9,P4K4,True,True,False,True,True,True,True,True,True,True,False,True,False,True,verified
SUN_protect_MSUN_rollback,H1A2_1200:0011,10,Li2F8V2,True,True,False,True,True,True,True,True,True,True,False,True,False,True,verified
SUN_protect_MSUN_rollback,H1A2_1200:0012,11,O10Sr2Y2Ba2Bi2,True,True,False,True,True,True,True,True,True,True,False,False,False,False,verified
SUN_protect_MSUN_rollback,H1A2_1200:0013,12,H6O6Ca2Rb2,True,True,False,True,True,True,True,True,True,True,False,True,False,True,verified
SUN_protect_MSUN_rollback,H1A2_1200:0014,13,O8NaY4Tl,True,True,False,True,True,True,True,True,True,True,False,False,False,False,verified
SUN_protect_MSUN_rollback,H1A2_1200:0015,14,YAg3,True,True,False,True,True,True,True,True,True,True,False,True,False,True,verified
SUN_protect_MSUN_rollback,H1A2_1200:0016,15,Ti3Ge6Tm6,True,True,False,True,True,True,True,True,True,True,False,True,False,True,verified
SUN_protect_MSUN_rollback,H1A2_1200:0017,16,O6Cs3Nd,True,True,False,True,True,True,True,True,True,True,False,False,False,False,verified
SUN_protect_MSUN_rollback,H1A2_1200:0018,17,As2Eu4Au2,True,True,False,True,True,True,True,True,True,True,False,True,False,True,verified
SUN_protect_MSUN_rollback,H1A2_1200:0019,18,F6NaCs2Pb,True,True,False,True,True,True,False,False,False,False,True,True,False,False,verified
SUN_protect_MSUN_rollback,H1A2_1200:0020,19,H10Al4K2,False,False,False,True,False,True,True,True,False,False,False,False,False,False,verified
SUN_protect_MSUN_rollback,H1A2_1200:0021,20,B2Rh3,False,False,False,True,False,True,True,True,False,False,False,True,False,True,verified
SUN_protect_MSUN_rollback,H1A2_1200:0022,21,K2As4Ag6,True,True,False,True,True,True,True,True,True,True,False,True,False,True,verified
SUN_protect_MSUN_rollback,H1A2_1200:0023,22,O6Ba2TbU,True,True,False,True,True,True,True,True,True,True,True,True,True,True,verified
SUN_protect_MSUN_rollback,H1A2_1200:0024,23,Li2O4F6V2,True,True,False,True,True,True,True,True,True,True,False,False,False,False,verified
SUN_protect_MSUN_rollback,H1A2_1200:0025,24,Li4F8V2,True,True,False,True,True,True,True,True,True,True,False,True,False,True,verified
SUN_protect_MSUN_rollback,H1A2_1200:0026,25,Pd2Ag2,True,True,False,True,True,True,True,True,True,True,True,True,True,True,verified
SUN_protect_MSUN_rollback,H1A2_1200:0027,26,O6NbBa2Tb,True,True,False,True,True,True,True,True,True,True,False,True,False,True,verified
SUN_protect_MSUN_rollback,H1A2_1200:0028,27,O8YMo2,True,True,False,True,True,True,True,True,True,True,False,False,False,False,verified
SUN_protect_MSUN_rollback,H1A2_1200:0029,28,Si2Fe2Dy,True,True,False,True,True,True,True,True,True,True,False,True,False,True,verified
SUN_protect_MSUN_rollback,H1A2_1200:0030,29,Cl6Rb2Ir,True,True,False,True,True,True,True,True,True,True,True,True,True,True,verified
SUN_protect_MSUN_rollback,H1A2_1200:0031,30,O12Fe4Zr2,True,True,False,True,True,True,True,True,True,True,False,False,False,False,verified
SUN_protect_MSUN_rollback,H1A2_1200:0032,31,O4S4Mo2Te4,True,True,False,True,True,True,True,True,True,True,False,False,False,False,verified
SUN_protect_MSUN_rollback,H1A2_1200:0033,32,LiBr3Cs,False,False,False,True,False,True,True,True,False,False,False,False,False,False,verified
SUN_protect_MSUN_rollback,H1A2_1200:0034,33,Si3CaAg,False,False,False,True,False,True,True,True,False,False,False,False,False,False,verified
SUN_protect_MSUN_rollback,H1A2_1200:0035,34,O4S8Ta4,True,True,False,True,True,True,True,True,True,True,False,False,False,False,verified
SUN_protect_MSUN_rollback,H1A2_1200:0036,35,Ge2Rh4Hf4,True,True,False,True,True,True,True,True,True,True,False,True,False,True,verified
SUN_protect_MSUN_rollback,H1A2_1200:0037,36,Mg2Ag2Cd2,True,True,False,True,True,True,True,True,True,True,False,True,False,True,verified
SUN_protect_MSUN_rollback,H1A2_1200:0038,37,Sc2CdPb,True,True,False,True,True,True,True,True,True,True,False,True,False,True,verified
SUN_protect_MSUN_rollback,H1A2_1200:0039,38,Ti5Cu6Ge4,True,True,False,True,True,True,True,True,True,True,False,False,False,False,verified
SUN_protect_MSUN_rollback,H1A2_1200:0040,39,Mg6As8,False,False,False,True,False,True,True,True,False,False,False,False,False,False,verified
SUN_protect_MSUN_rollback,H1A2_1200:0041,40,CaCd2In,True,True,False,True,True,True,True,True,True,True,False,True,False,True,verified
SUN_protect_MSUN_rollback,H1A2_1200:0042,41,O4Sb2,True,True,False,True,True,True,True,True,True,True,False,False,False,False,verified
SUN_protect_MSUN_rollback,H1A2_1200:0043,42,H4O10K2Co3,True,True,False,True,True,True,True,True,True,True,False,False,False,False,verified
SUN_protect_MSUN_rollback,H1A2_1200:0044,43,Ag3In3Sm3,True,True,False,True,True,True,True,True,True,True,False,True,False,True,verified
SUN_protect_MSUN_rollback,H1A2_1200:0045,44,LiCl6Cs2La,True,True,False,True,True,True,True,True,True,True,False,True,False,True,verified
SUN_protect_MSUN_rollback,H1A2_1200:0046,45,ZnRh2Sb,True,True,False,True,True,True,True,True,True,True,False,True,False,True,verified
SUN_protect_MSUN_rollback,H1A2_1200:0047,46,O6K2Cu2La2,True,True,False,True,True,True,True,True,True,True,False,False,False,False,verified
SUN_protect_MSUN_rollback,H1A2_1200:0048,47,CuPdSb,True,True,False,True,True,True,True,True,True,True,False,True,False,True,verified
SUN_protect_MSUN_rollback,H1A2_1200:0049,48,O8K2Nb2In,True,True,False,True,True,True,True,True,True,True,False,False,False,False,verified
SUN_protect_MSUN_rollback,H1A2_1200:0051,50,O7As2Rb2,False,False,False,True,False,True,True,True,False,False,True,True,True,True,verified
SUN_protect_MSUN_rollback,H1A2_1200:0052,51,O8Ni4Rb4,True,True,False,True,True,True,True,True,True,True,False,False,False,False,verified
SUN_protect_MSUN_rollback,H1A2_1200:0053,52,O12Co4Tb4,True,True,False,True,True,True,True,True,True,True,False,False,False,False,verified
SUN_protect_MSUN_rollback,H1A2_1200:0054,53,Al5Ge5Ho,True,True,False,True,True,True,True,True,True,True,False,False,False,False,verified
SUN_protect_MSUN_rollback,H1A2_1200:0055,54,Li2F2Mg,False,False,False,True,False,True,True,True,False,False,False,False,False,False,verified
SUN_protect_MSUN_rollback,H1A2_1200:0056,55,CoZr6Te8,True,True,False,True,True,True,True,True,True,True,False,True,False,True,verified
SUN_protect_MSUN_rollback,H1A2_1200:0057,56,Ga4Ag4Te8,True,True,False,True,True,True,True,True,True,True,False,True,False,True,verified
SUN_protect_MSUN_rollback,H1A2_1200:0058,57,Cl4Pd4,True,True,False,True,True,True,True,True,True,True,False,False,False,False,verified
SUN_protect_MSUN_rollback,H1A2_1200:0059,58,TiCr2Te4,True,True,False,True,True,True,True,True,True,True,False,True,False,True,verified
SUN_protect_MSUN_rollback,H1A2_1200:0060,59,Cu4Ge6Er8,True,True,False,True,True,True,True,True,True,True,False,False,False,False,verified
SUN_protect_MSUN_rollback,H1A2_1200:0061,60,Ge4Sb4Te10,True,True,False,True,True,True,True,True,True,True,False,True,False,True,verified
SUN_protect_MSUN_rollback,H1A2_1200:0062,61,Li2O2F8Mn4,True,True,False,True,True,True,True,True,True,True,False,True,False,True,verified
SUN_protect_MSUN_rollback,H1A2_1200:0063,62,InLaHg2,True,True,False,True,True,True,True,True,True,True,False,True,False,True,verified
SUN_protect_MSUN_rollback,H1A2_1200:0064,63,AlCo2Sm2,True,True,False,True,True,True,True,True,True,True,False,False,False,False,verified
SUN_protect_MSUN_rollback,H1A2_1200:0065,64,O12Ga4Hf4,True,True,False,True,True,True,True,True,True,True,False,False,False,False,verified
SUN_protect_MSUN_rollback,H1A2_1200:0066,65,O3SrTa,True,True,False,True,True,True,False,False,False,False,False,True,False,False,verified
SUN_protect_MSUN_rollback,H1A2_1200:0067,66,Ge6Rh6Ce4,True,True,False,True,True,True,True,True,True,True,False,True,False,True,verified
SUN_protect_MSUN_rollback,H1A2_1200:0068,67,O8Sr4Pt4,True,True,False,True,True,True,True,True,True,True,False,False,False,False,verified
SUN_protect_MSUN_rollback,H1A2_1200:0070,69,O8Al2Ni2,True,True,False,True,True,True,True,True,True,True,False,False,False,False,verified
SUN_protect_MSUN_rollback,H1A2_1200:0071,70,O7Ge4Cs2,True,True,False,True,True,True,True,True,True,True,True,True,True,True,verified
SUN_protect_MSUN_rollback,H1A2_1200:0072,71,K4I12Hg4,True,True,False,True,True,True,True,True,True,True,False,True,False,True,verified
SUN_protect_MSUN_rollback,H1A2_1200:0073,72,H3Np,True,True,False,True,True,True,False,False,False,False,False,True,False,False,verified
SUN_protect_MSUN_rollback,H1A2_1200:0074,73,AgSn3Pt4,True,True,False,True,True,True,True,True,True,True,False,True,False,True,verified
SUN_protect_MSUN_rollback,H1A2_1200:0075,74,Sc2As2,True,True,False,True,True,True,True,True,True,True,False,True,False,True,verified
SUN_protect_MSUN_rollback,H1A2_1200:0076,75,O8Nb2Lu2,True,True,False,True,True,True,True,True,True,True,False,False,False,False,verified
SUN_protect_MSUN_rollback,H1A2_1200:0077,76,Li2O4Mn2,True,True,False,True,True,True,True,True,True,True,False,True,False,True,verified
SUN_protect_MSUN_rollback,H1A2_1200:0078,77,Pd4Sb4Pr4,True,True,False,True,True,True,True,True,True,True,False,True,False,True,verified
SUN_protect_MSUN_rollback,H1A2_1200:0079,78,O6Ba2TaBi,True,True,False,True,True,True,True,True,True,True,False,False,False,False,verified
SUN_protect_MSUN_rollback,H1A2_1200:0080,79,Zn2Se8Cs4,True,True,False,True,True,True,True,True,True,True,False,True,False,True,verified
SUN_protect_MSUN_rollback,H1A2_1200:0081,80,Mg6Ge10Pr4,True,True,False,True,True,True,True,True,True,True,False,True,False,True,verified
SUN_protect_MSUN_rollback,H1A2_1200:0082,81,C4O12Sm4,True,True,False,True,True,True,True,True,True,True,False,False,False,False,verified
SUN_protect_MSUN_rollback,H1A2_1200:0085,84,Ag4Ce2,True,True,False,True,True,True,True,True,True,True,False,True,False,True,verified
SUN_protect_MSUN_rollback,H1A2_1200:0086,85,O6FeBa2Bi,True,True,False,True,True,True,True,True,True,True,True,True,True,True,verified
SUN_protect_MSUN_rollback,H1A2_1200:0087,86,Sc2ZnIr,True,True,False,True,True,True,True,True,True,True,False,True,False,True,verified
SUN_protect_MSUN_rollback,H1A2_1200:0088,87,F12CaV2Zn2,True,True,False,True,True,True,True,True,True,True,False,True,False,True,verified
SUN_protect_MSUN_rollback,H1A2_1200:0089,88,Cd3Pr3Au3,True,True,False,True,True,True,True,True,True,True,False,True,False,True,verified
SUN_protect_MSUN_rollback,H1A2_1200:0090,89,O12W4,True,True,False,True,True,True,True,True,True,True,False,False,False,False,verified
SUN_protect_MSUN_rollback,H1A2_1200:0091,90,P8Ge4Ba4,True,True,False,True,True,True,True,True,True,True,False,True,False,True,verified
SUN_protect_MSUN_rollback,H1A2_1200:0092,91,Sc2CuIr,True,True,False,True,True,True,True,True,True,True,False,True,False,True,verified
SUN_protect_MSUN_rollback,H1A2_1200:0093,92,Ca2Ag2In2,True,True,False,True,True,True,True,True,True,True,True,True,True,True,verified
SUN_protect_MSUN_rollback,H1A2_1200:0094,93,O8Cr2Ba2La,True,True,False,True,True,True,True,True,True,True,False,False,False,False,verified
SUN_protect_MSUN_rollback,H1A2_1200:0095,94,B6Pd12Ce,False,False,False,True,False,True,True,True,False,False,False,False,False,False,verified
SUN_protect_MSUN_rollback,H1A2_1200:0096,95,S2Se4Ag4In2,True,True,False,True,True,True,True,True,True,True,False,False,False,False,verified
SUN_protect_MSUN_rollback,H1A2_1200:0097,96,Si2Fe10Pr,False,False,False,True,False,True,True,True,False,False,False,True,False,True,verified
SUN_protect_MSUN_rollback,H1A2_1200:0098,97,C2Mo2Hf2,True,True,False,True,True,True,True,True,True,True,False,False,False,False,verified
SUN_protect_MSUN_rollback,H1A2_1200:0099,98,Zn2As2,True,True,False,True,True,True,True,True,True,True,False,True,False,True,verified
SUN_protect_MSUN_rollback,H1A2_1200:0100,99,O8Pd2In4,True,True,False,True,True,True,True,True,True,True,False,False,False,False,verified
SUN_protect_MSUN_rollback,H1A2_1200:0101,100,NaCl6Cs2Tm,True,True,False,True,True,True,True,True,True,True,True,True,True,True,verified
SUN_protect_MSUN_rollback,H1A2_1200:0102,101,ZnInNd2,True,True,False,True,True,True,True,True,True,True,True,True,True,True,verified
SUN_protect_MSUN_rollback,H1A2_1200:0103,102,Si4Fe6,True,True,False,True,True,True,True,True,True,True,False,True,False,True,verified
SUN_protect_MSUN_rollback,H1A2_1200:0104,103,Ga7Sm10,True,True,False,True,True,True,True,True,True,True,False,True,False,True,verified
SUN_protect_MSUN_rollback,H1A2_1200:0105,104,O2F10Mn6,True,True,False,True,True,True,True,True,True,True,False,True,False,True,verified
SUN_protect_MSUN_rollback,H1A2_1200:0106,105,TiMn2Ge,True,True,False,True,True,True,True,True,True,True,False,True,False,True,verified
SUN_protect_MSUN_rollback,H1A2_1200:0107,106,O4F2Rb4,False,False,False,True,False,True,True,True,False,False,False,True,False,True,verified
SUN_protect_MSUN_rollback,H1A2_1200:0108,107,O3NiBa,True,True,False,True,True,True,True,True,True,True,False,False,False,False,verified
SUN_protect_MSUN_rollback,H1A2_1200:0109,108,Li2O8Ti2Co2,True,True,False,True,True,True,True,True,True,True,False,False,False,False,verified
SUN_protect_MSUN_rollback,H1A2_1200:0110,109,O8Ca2Ba2Tb2,True,True,False,True,True,True,True,True,True,True,False,False,False,False,verified
SUN_protect_MSUN_rollback,H1A2_1200:0111,110,Ga2Ba2,True,True,False,True,True,True,True,True,True,True,False,True,False,True,verified
SUN_protect_MSUN_rollback,H1A2_1200:0112,111,O8F4V6,True,True,False,True,True,True,True,True,True,True,False,False,False,False,verified
SUN_protect_MSUN_rollback,H1A2_1200:0113,112,O6Ba2EuPa,True,True,False,True,True,True,True,True,True,True,True,True,True,True,verified
SUN_protect_MSUN_rollback,H1A2_1200:0114,113,LiO8V7,True,True,False,True,True,True,True,True,True,True,False,True,False,True,verified
SUN_protect_MSUN_rollback,H1A2_1200:0115,114,Si3Ni3Ta3,False,False,False,True,False,True,True,True,False,False,False,False,False,False,verified
SUN_protect_MSUN_rollback,H1A2_1200:0116,115,H12Ba4,False,False,False,True,False,True,True,True,False,False,False,True,False,True,verified
SUN_protect_MSUN_rollback,H1A2_1200:0117,116,O4F2Y2,True,True,False,True,True,True,True,True,True,True,False,False,False,False,verified
SUN_protect_MSUN_rollback,H1A2_1200:0118,117,O2SbGd,True,True,False,True,True,True,True,True,True,True,False,False,False,False,verified
SUN_protect_MSUN_rollback,H1A2_1200:0119,118,Li2O12Si4Nb2,True,True,False,True,True,True,True,True,True,True,False,False,False,False,verified
SUN_protect_MSUN_rollback,H1A2_1200:0120,119,Zn2CeTb,True,True,False,True,True,True,True,True,True,True,False,True,False,True,verified
SUN_protect_MSUN_rollback,H1A2_1200:0121,120,C2O6F2Rb4,True,True,False,True,True,True,True,True,True,True,False,True,False,True,verified
SUN_protect_MSUN_rollback,H1A2_1200:0122,121,Sn4Lu4Pt4,True,True,False,True,True,True,True,True,True,True,False,True,False,True,verified
SUN_protect_MSUN_rollback,H1A2_1200:0123,122,Ga4Pd4Eu4,True,True,False,True,True,True,True,True,True,True,True,True,True,True,verified
SUN_protect_MSUN_rollback,H1A2_1200:0124,123,O12Mn2Cu2Ba2Pr2,True,True,False,True,True,True,True,True,True,True,False,True,False,True,verified
SUN_protect_MSUN_rollback,H1A2_1200:0125,124,O8Co2Ni2,True,True,False,True,True,True,True,True,True,True,False,False,False,False,verified
SUN_protect_MSUN_rollback,H1A2_1200:0126,125,Si4La2,True,True,False,True,True,True,False,False,False,False,False,True,False,False,verified
SUN_protect_MSUN_rollback,H1A2_1200:0127,126,S8Se2Ag4Sb2,True,True,False,True,True,True,True,True,True,True,False,False,False,False,verified
SUN_protect_MSUN_rollback,H1A2_1200:0128,127,Si2Cu2Gd2,False,False,False,True,False,True,True,True,False,False,False,True,False,True,verified
SUN_protect_MSUN_rollback,H1A2_1200:0129,128,Ni6Ge6Dy,True,True,False,True,True,True,True,True,True,True,False,True,False,True,verified
SUN_protect_MSUN_rollback,H1A2_1200:0130,129,MgCa3,True,True,False,True,True,True,True,True,True,True,False,True,False,True,verified
SUN_protect_MSUN_rollback,H1A2_1200:0131,130,S6Rb3Ta,True,True,False,True,True,True,True,True,True,True,False,True,False,True,verified
SUN_protect_MSUN_rollback,H1A2_1200:0132,131,Al4NdAu,True,True,False,True,True,True,True,True,True,True,True,True,True,True,verified
SUN_protect_MSUN_rollback,H1A2_1200:0133,132,O8KCr4,False,True,True,True,True,True,True,True,True,False,False,False,False,False,verified
SUN_protect_MSUN_rollback,H1A2_1200:0134,133,Zn4Sn4Tb3,True,True,False,True,True,True,True,True,True,True,False,True,False,True,verified
SUN_protect_MSUN_rollback,H1A2_1200:0135,134,MnRh2Sn,True,True,False,True,True,True,True,True,True,True,False,True,False,True,verified
SUN_protect_MSUN_rollback,H1A2_1200:0136,135,O10Sc2Mo2La2,True,True,False,True,True,True,True,True,True,True,False,False,False,False,verified
SUN_protect_MSUN_rollback,H1A2_1200:0137,136,Mg2Pd,True,True,False,True,True,True,True,True,True,True,True,True,True,True,verified
SUN_protect_MSUN_rollback,H1A2_1200:0138,137,O7P2Br3In3,True,True,False,True,True,True,True,True,True,True,False,False,False,False,verified
SUN_protect_MSUN_rollback,H1A2_1200:0139,138,F6V2,True,True,False,True,True,True,True,True,True,True,False,False,False,False,verified
SUN_protect_MSUN_rollback,H1A2_1200:0140,139,Si2Ca2Pd2,False,False,False,True,False,True,True,True,False,False,False,True,False,True,verified
SUN_protect_MSUN_rollback,H1A2_1200:0141,140,SiCu5Ta,False,False,False,True,False,True,True,True,False,False,False,False,False,False,verified
SUN_protect_MSUN_rollback,H1A2_1200:0142,141,O7Ba2Ce2W,True,True,False,True,True,True,True,True,True,True,False,False,False,False,verified
SUN_protect_MSUN_rollback,H1A2_1200:0143,142,O12Al2Sc2Sb2Ba2,True,True,False,True,True,True,True,True,True,True,False,False,False,False,verified
SUN_protect_MSUN_rollback,H1A2_1200:0144,143,Sc4Ni2Sb4,True,True,False,True,True,True,True,True,True,True,False,True,False,True,verified
SUN_protect_MSUN_rollback,H1A2_1200:0145,144,O4Cu2Sb2,True,True,False,True,True,True,True,True,True,True,False,False,False,False,verified
SUN_protect_MSUN_rollback,H1A2_1200:0146,145,S4Cl4Nb2,True,True,False,True,True,True,True,True,True,True,False,False,False,False,verified
SUN_protect_MSUN_rollback,H1A2_1200:0147,146,YPdSb,True,True,False,True,True,True,False,False,False,False,False,True,False,False,verified
SUN_protect_MSUN_rollback,H1A2_1200:0148,147,Y2Pm6,False,False,False,True,False,True,True,True,False,False,False,True,False,True,verified
SUN_protect_MSUN_rollback,H1A2_1200:0149,148,Cu4Se8Sb2,True,True,False,True,True,True,True,True,True,True,False,True,False,True,verified
SUN_protect_MSUN_rollback,H1A2_1200:0150,149,Mg4Sc6,True,True,False,True,True,True,True,True,True,True,False,True,False,True,verified
SUN_protect_MSUN_rollback,H1A2_1200:0151,150,Ge2ZrRh3,True,True,False,True,True,True,True,True,True,True,False,True,False,True,verified
SUN_protect_MSUN_rollback,H1A2_1200:0152,151,Cu3Ga3Te6,True,True,False,True,True,True,True,True,True,True,False,False,False,False,verified
SUN_protect_MSUN_rollback,H1A2_1200:0153,152,Cd2Sb2La,True,True,False,True,True,True,True,True,True,True,True,True,True,True,verified
SUN_protect_MSUN_rollback,H1A2_1200:0154,153,Li2F8Mn2,True,True,False,True,True,True,True,True,True,True,False,True,False,True,verified
SUN_protect_MSUN_rollback,H1A2_1200:0155,154,Cl12Rb2Pr2,False,False,False,True,False,True,True,True,False,False,False,True,False,True,verified
SUN_protect_MSUN_rollback,H1A2_1200:0156,155,SnHf2Ir,True,True,False,True,True,True,True,True,True,True,False,True,False,True,verified
SUN_protect_MSUN_rollback,H1A2_1200:0157,156,Si6La6Ir4,False,False,False,True,False,True,True,True,False,False,False,True,False,True,verified
SUN_protect_MSUN_rollback,H1A2_1200:0158,157,Pd3Eu,True,True,False,True,True,True,True,True,True,True,True,True,True,True,verified
SUN_protect_MSUN_rollback,H1A2_1200:0159,158,S4Pb2Bi2,True,True,False,True,True,True,True,True,True,True,False,True,False,True,verified
SUN_protect_MSUN_rollback,H1A2_1200:0160,159,Li3O12As2Tl2,False,False,False,True,False,True,True,True,False,False,False,False,False,False,verified
SUN_protect_MSUN_rollback,H1A2_1200:0161,160,S4Mo2Te2W,True,True,False,True,True,True,True,True,True,True,False,True,False,True,verified
SUN_protect_MSUN_rollback,H1A2_1200:0162,161,Sn6Pr10,True,True,False,True,True,True,True,True,True,True,False,True,False,True,verified
SUN_protect_MSUN_rollback,H1A2_1200:0163,162,MgGeEu2,True,True,False,True,True,True,True,True,True,True,False,False,False,False,verified
SUN_protect_MSUN_rollback,H1A2_1200:0164,163,Y4Pd4Cd2,True,True,False,True,True,True,True,True,True,True,True,True,True,True,verified
SUN_protect_MSUN_rollback,H1A2_1200:0165,164,CuGeLa,True,True,False,True,True,True,True,True,True,True,True,True,True,True,verified
SUN_protect_MSUN_rollback,H1A2_1200:0166,165,O8S2Pb4,True,True,False,True,True,True,True,True,True,True,False,False,False,False,verified
SUN_protect_MSUN_rollback,H1A2_1200:0167,166,C2SrOs,True,True,False,True,True,True,True,True,True,True,False,True,False,True,verified
SUN_protect_MSUN_rollback,H1A2_1200:0168,167,Cu2Se3Dy2,True,True,False,True,True,True,True,True,True,True,False,False,False,False,verified
SUN_protect_MSUN_rollback,H1A2_1200:0169,168,S2Pb2Bi2,True,True,False,True,True,True,True,True,True,True,False,False,False,False,verified
SUN_protect_MSUN_rollback,H1A2_1200:0170,169,B4Rh8Pr4,True,True,False,True,True,True,True,True,True,True,False,True,False,True,verified
SUN_protect_MSUN_rollback,H1A2_1200:0171,170,F12Sb2Cs2,True,True,False,True,True,True,True,True,True,True,False,True,False,True,verified
SUN_protect_MSUN_rollback,H1A2_1200:0172,171,Mg2S4,True,True,False,True,True,True,True,True,True,True,False,False,False,False,verified
SUN_protect_MSUN_rollback,H1A2_1200:0173,172,AgInLu2,True,True,False,True,True,True,True,True,True,True,False,True,False,True,verified
SUN_protect_MSUN_rollback,H1A2_1200:0174,173,O2F4P2,True,True,False,True,True,True,True,True,True,True,False,True,False,True,verified
SUN_protect_MSUN_rollback,H1A2_1200:0175,174,B2Fe4Ho,True,True,False,True,True,True,True,True,True,True,False,False,False,False,verified
SUN_protect_MSUN_rollback,H1A2_1200:0176,175,S12Sr4Ta4,True,True,False,True,True,True,True,True,True,True,False,False,False,False,verified
SUN_protect_MSUN_rollback,H1A2_1200:0177,176,O12Fe4Sm4,True,True,False,True,True,True,True,True,True,True,False,True,False,True,verified
SUN_protect_MSUN_rollback,H1A2_1200:0178,177,Ge4Y2Ru4,True,True,False,True,True,True,True,True,True,True,False,True,False,True,verified
SUN_protect_MSUN_rollback,H1A2_1200:0179,178,Ca4Sb4Ba4,True,True,False,True,True,True,True,True,True,True,False,True,False,True,verified
SUN_protect_MSUN_rollback,H1A2_1200:0181,179,C12Ti4Cr4,True,True,False,True,True,True,True,True,True,True,False,False,False,False,verified
SUN_protect_MSUN_rollback,H1A2_1200:0182,180,AgCdTm2,True,True,False,True,True,True,True,True,True,True,False,True,False,True,verified
SUN_protect_MSUN_rollback,H1A2_1200:0183,181,Fe12Y4,True,True,False,True,True,True,True,True,True,True,False,False,False,False,verified
SUN_protect_MSUN_rollback,H1A2_1200:0184,182,Ge4Te6,True,True,False,True,True,True,True,True,True,True,True,True,True,True,verified
SUN_protect_MSUN_rollback,H1A2_1200:0185,183,Ga5Ta6,True,True,False,True,True,True,True,True,True,True,False,True,False,True,verified
SUN_protect_MSUN_rollback,H1A2_1200:0186,184,LiF6FeCs2,True,True,False,True,True,True,True,True,True,True,False,True,False,True,verified
SUN_protect_MSUN_rollback,H1A2_1200:0187,185,Ga4In2,True,True,False,True,True,True,True,True,True,True,False,True,False,True,verified
SUN_protect_MSUN_rollback,H1A2_1200:0188,186,H8O4F4Zn4,False,False,False,True,False,True,True,True,False,False,False,False,False,False,verified
SUN_protect_MSUN_rollback,H1A2_1200:0189,187,Ge4Cd2La2,True,True,False,True,True,True,True,True,True,True,False,True,False,True,verified
SUN_protect_MSUN_rollback,H1A2_1200:0190,188,Zn8Ce2,True,True,False,True,True,True,True,True,True,True,False,True,False,True,verified
SUN_protect_MSUN_rollback,H1A2_1200:0191,189,N4Sr4Te2,True,True,False,True,True,True,True,True,True,True,False,False,False,False,verified
SUN_protect_MSUN_rollback,H1A2_1200:0192,190,F8Cr2Rb2,True,True,False,True,True,True,True,True,True,True,False,True,False,True,verified
SUN_protect_MSUN_rollback,H1A2_1200:0194,192,O6K4Ag2,True,True,False,True,True,True,True,True,True,True,False,True,False,True,verified
SUN_protect_MSUN_rollback,H1A2_1200:0196,193,F14Co4Cs2,True,True,False,True,True,True,True,True,True,True,False,True,False,True,verified
SUN_protect_MSUN_rollback,H1A2_1200:0197,194,O12Na4Ti4,True,True,False,True,True,True,True,True,True,True,False,False,False,False,verified
SUN_protect_MSUN_rollback,H1A2_1200:0198,195,O6F6Fe4,True,True,False,True,True,True,True,True,True,True,False,False,False,False,verified
SUN_protect_MSUN_rollback,H1A2_1200:0199,196,Co2Ge2Tm,True,True,False,True,True,True,True,True,True,True,False,True,False,True,verified
SUN_protect_MSUN_rollback,H1A2_1200:0200,197,Co2ZnHf,True,True,False,True,True,True,True,True,True,True,True,True,True,True,verified
SUN_protect_MSUN_rollback,H1A2_1200:0201,198,Si6Co2Ta6,True,True,False,True,True,True,True,True,True,True,False,False,False,False,verified
SUN_protect_MSUN_rollback,H1A2_1200:0202,199,Pd8,True,True,False,True,True,True,True,True,True,True,True,True,True,True,verified
SUN_protect_MSUN_rollback,H1A2_1200:0204,201,O12Al4Si4,True,True,False,True,True,True,True,True,True,True,False,False,False,False,verified
SUN_protect_MSUN_rollback,H1A2_1200:0205,202,S2Se2Nd2,True,True,False,True,True,True,True,True,True,True,False,False,False,False,verified
SUN_protect_MSUN_rollback,H1A2_1200:0206,203,Co2GaTe4,True,True,False,True,True,True,True,True,True,True,False,False,False,False,verified
SUN_protect_MSUN_rollback,H1A2_1200:0207,204,O2F10Ni6,True,True,False,True,True,True,True,True,True,True,False,False,False,False,verified
SUN_protect_MSUN_rollback,H1A2_1200:0208,205,Sn3Pm,False,False,False,True,False,True,True,True,False,False,False,True,False,True,verified
SUN_protect_MSUN_rollback,H1A2_1200:0209,206,Ni4In2Pr4,True,True,False,True,True,True,True,True,True,True,True,True,True,True,verified
SUN_protect_MSUN_rollback,H1A2_1200:0211,208,LiS2Pr,True,True,False,True,True,True,True,True,True,True,False,True,False,True,verified
SUN_protect_MSUN_rollback,H1A2_1200:0212,209,Li2O8MnCo3,True,True,False,True,True,True,True,True,True,True,False,False,False,False,verified
SUN_protect_MSUN_rollback,H1A2_1200:0213,210,O2TiTl,True,True,False,True,True,True,True,True,True,True,False,False,False,False,invalid_terminal
SUN_protect_MSUN_rollback,H1A2_1200:0214,211,S2Cl6Tl2,True,True,False,True,True,True,True,True,True,True,False,False,False,False,verified
SUN_protect_MSUN_rollback,H1A2_1200:0215,212,S8Cr4Cu2,True,True,False,True,True,True,True,True,True,True,False,False,False,False,verified
SUN_protect_MSUN_rollback,H1A2_1200:0216,213,Al12SmEr,True,True,False,True,True,True,True,True,True,True,False,True,False,True,verified
SUN_protect_MSUN_rollback,H1A2_1200:0217,214,ZnAu2Th,True,True,False,True,True,True,True,True,True,True,True,True,True,True,verified
SUN_protect_MSUN_rollback,H1A2_1200:0218,215,N4Ca2Co2,True,True,False,True,True,True,True,True,True,True,False,False,False,False,verified
SUN_protect_MSUN_rollback,H1A2_1200:0219,216,O8Na4Cl2La2,True,True,False,True,True,True,True,True,True,True,False,False,False,False,verified
SUN_protect_MSUN_rollback,H1A2_1200:0220,217,O8V2La2,True,True,False,True,True,True,True,True,True,True,False,True,False,True,verified
SUN_protect_MSUN_rollback,H1A2_1200:0221,218,Cl6CuCs2Tl,True,True,False,True,True,True,True,True,True,True,False,True,False,True,verified
SUN_protect_MSUN_rollback,H1A2_1200:0223,220,MgGa3,True,True,False,True,True,True,True,True,True,True,False,True,False,True,verified
SUN_protect_MSUN_rollback,H1A2_1200:0224,221,H6O6Ca2Mn,True,True,False,True,True,True,True,True,True,True,False,True,False,True,verified
SUN_protect_MSUN_rollback,H1A2_1200:0225,222,LiMn2Sb,True,True,False,True,True,True,True,True,True,True,False,False,False,False,verified
SUN_protect_MSUN_rollback,H1A2_1200:0226,223,O8S2Zn4,True,True,False,True,True,True,True,True,True,True,False,False,False,False,verified
SUN_protect_MSUN_rollback,H1A2_1200:0227,224,Ag2CdHg,True,True,False,True,True,True,True,True,True,True,False,True,False,True,verified
SUN_protect_MSUN_rollback,H1A2_1200:0229,226,F6CoRb3,True,True,False,True,True,True,True,True,True,True,True,True,True,True,verified
SUN_protect_MSUN_rollback,H1A2_1200:0230,227,O8Na4Mn3,True,True,False,True,True,True,True,True,True,True,False,True,False,True,verified
SUN_protect_MSUN_rollback,H1A2_1200:0231,228,Cd2ErTm,True,True,False,True,True,True,True,True,True,True,False,True,False,True,verified
SUN_protect_MSUN_rollback,H1A2_1200:0232,229,Sc6Hf2,True,True,False,True,True,True,True,True,True,True,False,True,False,True,verified
SUN_protect_MSUN_rollback,H1A2_1200:0234,231,C2O6Fe,True,True,False,True,True,True,True,True,True,True,False,True,False,True,verified
SUN_protect_MSUN_rollback,H1A2_1200:0235,232,S8Cr4Fe,True,True,False,True,True,True,True,True,True,True,False,False,False,False,verified
SUN_protect_MSUN_rollback,H1A2_1200:0236,233,B3Fe9Ta3,False,False,False,True,False,True,True,True,False,False,False,False,False,False,verified
SUN_protect_MSUN_rollback,H1A2_1200:0237,234,N2O2P2,True,True,False,True,True,True,False,False,False,False,True,True,False,False,verified
SUN_protect_MSUN_rollback,H1A2_1200:0238,235,NaPd2,True,True,False,True,True,True,True,True,True,True,True,True,True,True,verified
SUN_protect_MSUN_rollback,H1A2_1200:0239,236,O12Y2La2Ir2,True,True,False,True,True,True,True,True,True,True,True,True,True,True,verified
SUN_protect_MSUN_rollback,H1A2_1200:0240,237,K3Br6Cs,False,False,False,True,False,True,True,True,False,False,False,False,False,False,verified
SUN_protect_MSUN_rollback,H1A2_1200:0241,238,Se10Nb3,False,True,True,True,True,True,True,True,True,False,False,True,False,True,verified
SUN_protect_MSUN_rollback,H1A2_1200:0242,239,As2Rb3Au,True,True,False,True,True,True,True,True,True,True,True,True,True,True,verified
SUN_protect_MSUN_rollback,H1A2_1200:0243,240,O6SbCs2Sm,True,True,False,True,True,True,True,True,True,True,False,False,False,False,verified
SUN_protect_MSUN_rollback,H1A2_1200:0244,241,B4Ca2Mn8,True,True,False,True,True,True,True,True,True,True,False,False,False,False,verified
SUN_protect_MSUN_rollback,H1A2_1200:0245,242,O12Ge2Ba2La4,True,True,False,True,True,True,True,True,True,True,False,True,False,True,verified
SUN_protect_MSUN_rollback,H1A2_1200:0246,243,Ga9Ag3Lu3,True,True,False,True,True,True,True,True,True,True,False,True,False,True,verified
SUN_protect_MSUN_rollback,H1A2_1200:0247,244,Mn2Br6Pb,True,True,False,True,True,True,True,True,True,True,False,True,False,True,verified
SUN_protect_MSUN_rollback,H1A2_1200:0248,245,O2F6K2Mn4,True,True,False,True,True,True,True,True,True,True,False,False,False,False,verified
SUN_protect_MSUN_rollback,H1A2_1200:0249,246,O12Ti4Rh4,True,True,False,True,True,True,True,True,True,True,False,False,False,False,verified
SUN_protect_MSUN_rollback,H1A2_1200:0250,247,O8Na2As2,True,True,False,True,True,True,True,True,True,True,False,False,False,False,verified
SUN_protect_MSUN_rollback,H1A2_1200:0251,248,B2C2Al3Sm,True,True,False,True,True,True,True,True,True,True,False,False,False,False,verified
SUN_protect_MSUN_rollback,H1A2_1200:0252,249,Al12Ga4,True,True,False,True,True,True,True,True,True,True,False,True,False,True,verified
SUN_protect_MSUN_rollback,H1A2_1200:0253,250,O4Ni5Cd2,False,False,False,True,False,True,True,True,False,False,False,False,False,False,verified
SUN_protect_MSUN_rollback,H1A2_1200:0254,251,RhHf2Ir,True,True,False,True,True,True,True,True,True,True,True,True,True,True,verified
SUN_protect_MSUN_rollback,H1A2_1200:0255,252,Ti2Ge2Ce,True,True,False,True,True,True,True,True,True,True,False,True,False,True,verified
SUN_protect_MSUN_rollback,H1A2_1200:0256,253,O6Sr2Pr2,True,True,False,True,True,True,True,True,True,True,False,False,False,False,verified
SUN_protect_MSUN_rollback,H1A2_1200:0257,254,O6Na2TiCuLa,True,True,False,True,True,True,True,True,True,True,False,False,False,False,verified
SUN_protect_MSUN_rollback,H1A2_1200:0258,255,O4F12Nb4,True,True,False,True,True,True,True,True,True,True,False,True,False,True,verified
SUN_protect_MSUN_rollback,H1A2_1200:0260,256,In2EuTm,True,True,False,True,True,True,True,True,True,True,True,True,True,True,verified
SUN_protect_MSUN_rollback,H1A2_1200:0261,257,Sb6La2Au2,True,True,False,True,True,True,True,True,True,True,True,True,True,True,verified
SUN_protect_MSUN_rollback,H1A2_1200:0262,258,O6KIn2Th,True,True,False,True,True,True,True,True,True,True,False,False,False,False,verified
SUN_protect_MSUN_rollback,H1A2_1200:0263,259,F12V4,True,True,False,True,True,True,True,True,True,True,False,True,False,True,verified
SUN_protect_MSUN_rollback,H1A2_1200:0264,260,Li8O6F4,False,False,False,True,False,True,True,True,False,False,False,False,False,False,verified
SUN_protect_MSUN_rollback,H1A2_1200:0265,261,Al12Nb4,True,True,False,True,True,True,True,True,True,True,False,False,False,False,verified
SUN_protect_MSUN_rollback,H1A2_1200:0266,262,LiGaIr2,True,True,False,True,True,True,True,True,True,True,True,True,True,True,verified
SUN_protect_MSUN_rollback,H1A2_1200:0267,263,O4Fe2Sr2,True,True,False,True,True,True,True,True,True,True,False,False,False,False,verified
SUN_protect_MSUN_rollback,H1A2_1200:0268,264,Ni4ZnEr,True,True,False,True,True,True,True,True,True,True,True,True,True,True,verified
SUN_protect_MSUN_rollback,H1A2_1200:0269,265,S2Se2Ho4,True,True,False,True,True,True,True,True,True,True,False,False,False,False,verified
SUN_protect_MSUN_rollback,H1A2_1200:0270,266,O4Mg4I4,True,True,False,True,True,True,True,True,True,True,False,False,False,False,verified
SUN_protect_MSUN_rollback,H1A2_1200:0271,267,F12K4As2,True,True,False,True,True,True,True,True,True,True,True,True,True,True,verified
SUN_protect_MSUN_rollback,H1A2_1200:0272,268,P6Pd6,False,False,False,True,False,True,True,True,False,False,False,True,False,True,verified
SUN_protect_MSUN_rollback,H1A2_1200:0273,269,Sn12Ho4,True,True,False,True,True,True,True,True,True,True,False,True,False,True,verified
SUN_protect_MSUN_rollback,H1A2_1200:0274,270,Na3Cl6La,True,True,False,True,True,True,True,True,True,True,False,True,False,True,verified
SUN_protect_MSUN_rollback,H1A2_1200:0275,271,Na2P4Cu4Se6,True,True,False,True,True,True,True,True,True,True,False,True,False,True,verified
SUN_protect_MSUN_rollback,H1A2_1200:0276,272,Mg2P4Mn2,True,True,False,True,True,True,True,True,True,True,False,False,False,False,verified
SUN_protect_MSUN_rollback,H1A2_1200:0277,273,CuZn3,True,True,False,True,True,True,True,True,True,True,False,True,False,True,verified
SUN_protect_MSUN_rollback,H1A2_1200:0278,274,Sn6Tb10,True,True,False,True,True,True,True,True,True,True,False,True,False,True,verified
SUN_protect_MSUN_rollback,H1A2_1200:0279,275,O12Mo4Te2,True,True,False,True,True,True,True,True,True,True,False,False,False,False,verified
SUN_protect_MSUN_rollback,H1A2_1200:0280,276,Cu2I4Au,True,True,False,True,True,True,True,True,True,True,True,True,True,True,verified
SUN_protect_MSUN_rollback,H1A2_1200:0281,277,O12V4Cr2,True,True,False,True,True,True,True,True,True,True,False,False,False,False,verified
SUN_protect_MSUN_rollback,H1A2_1200:0282,278,H10K6Co2,True,True,False,True,True,True,True,True,True,True,True,True,True,True,verified
SUN_protect_MSUN_rollback,H1A2_1200:0283,279,Cl6CrRb2Ag,True,True,False,True,True,True,True,True,True,True,True,True,True,True,verified
SUN_protect_MSUN_rollback,H1A2_1200:0285,281,Al3S8Tb2,False,False,False,True,False,True,True,True,False,False,False,False,False,False,verified
SUN_protect_MSUN_rollback,H1A2_1200:0286,282,Se8Tb4,True,True,False,True,True,True,True,True,True,True,False,False,False,False,verified
SUN_protect_MSUN_rollback,H1A2_1200:0287,283,C2Fe2U2,True,True,False,True,True,True,True,True,True,True,False,True,False,True,verified
SUN_protect_MSUN_rollback,H1A2_1200:0288,284,Ge3CeIr,True,True,False,True,True,True,False,False,False,False,False,True,False,False,verified
SUN_protect_MSUN_rollback,H1A2_1200:0289,285,H2C2N2O2Cl2Cs2,True,True,False,True,True,True,True,True,True,True,False,False,False,False,verified
SUN_protect_MSUN_rollback,H1A2_1200:0290,286,Ag3Ac,True,True,False,True,True,True,True,True,True,True,False,True,False,True,verified
SUN_protect_MSUN_rollback,H1A2_1200:0291,287,F14Mg2Pd2Nd2,True,True,False,True,True,True,True,True,True,True,False,False,False,False,verified
SUN_protect_MSUN_rollback,H1A2_1200:0292,288,O2F4Cu4,True,True,False,True,True,True,True,True,True,True,False,True,False,True,verified
SUN_protect_MSUN_rollback,H1A2_1200:0293,289,S4Mn2Zn2,True,True,False,True,True,True,True,True,True,True,False,True,False,True,verified
SUN_protect_MSUN_rollback,H1A2_1200:0294,290,LiS2AgIn,True,True,False,True,True,True,True,True,True,True,False,False,False,False,verified
SUN_protect_MSUN_rollback,H1A2_1200:0295,291,Rh2InEr,True,True,False,True,True,True,False,False,False,False,False,True,False,False,verified
SUN_protect_MSUN_rollback,H1A2_1200:0296,292,TiCu8Ge4,True,True,False,True,True,True,True,True,True,True,False,False,False,False,verified
SUN_protect_MSUN_rollback,H1A2_1200:0297,293,S8Nd4Er2,True,True,False,True,True,True,True,True,True,True,False,True,False,True,verified
SUN_protect_MSUN_rollback,H1A2_1200:0298,294,Sn2Sm,True,True,False,True,True,True,True,True,True,True,False,True,False,True,verified
SUN_protect_MSUN_rollback,H1A2_1200:0300,296,O8Ti2Mn2,True,True,False,True,True,True,True,True,True,True,False,True,False,True,verified
SUN_protect_MSUN_rollback,H1A2_1200:0301,297,O8Ca2Sr2Gd2,True,True,False,True,True,True,True,True,True,True,False,False,False,False,verified
SUN_protect_MSUN_rollback,H1A2_1200:0302,298,Ge4Tb4Ir4,True,True,False,True,True,True,True,True,True,True,True,True,True,True,verified
SUN_protect_MSUN_rollback,H1A2_1200:0303,299,O7Ni2La2,True,True,False,True,True,True,True,True,True,True,False,False,False,False,verified
SUN_protect_MSUN_rollback,H1A2_1200:0304,300,Li6Ge6Pm2,False,False,False,True,False,True,True,True,False,False,True,True,True,True,verified
SUN_protect_MSUN_rollback,H1A2_1200:0305,301,H4,True,True,False,True,True,True,False,False,False,False,False,True,False,False,verified
SUN_protect_MSUN_rollback,H1A2_1200:0306,302,Mg2S8CrIn2,True,True,False,True,True,True,True,True,True,True,False,False,False,False,verified
SUN_protect_MSUN_rollback,H1A2_1200:0307,303,Si6Ni3Dy10,False,False,False,True,False,True,True,True,False,False,False,True,False,True,verified
SUN_protect_MSUN_rollback,H1A2_1200:0308,304,O12Ca4Y2Ce2,True,True,False,True,True,True,True,True,True,True,False,True,False,True,verified
SUN_protect_MSUN_rollback,H1A2_1200:0309,305,NaTl3,True,True,False,True,True,True,True,True,True,True,False,True,False,True,verified
SUN_protect_MSUN_rollback,H1A2_1200:0310,306,O10P2Sb2Cs2,True,True,False,True,True,True,True,True,True,True,False,False,False,False,verified
SUN_protect_MSUN_rollback,H1A2_1200:0311,307,O2F10Cu6,True,True,False,True,True,True,True,True,True,True,False,True,False,True,verified
SUN_protect_MSUN_rollback,H1A2_1200:0312,308,O8Fe4Sr2,True,True,False,True,True,True,True,True,True,True,False,False,False,False,verified
SUN_protect_MSUN_rollback,H1A2_1200:0314,310,O6Na2Ti2Rb4,True,True,False,True,True,True,True,True,True,True,False,False,False,False,verified
SUN_protect_MSUN_rollback,H1A2_1200:0315,311,Se3MoTe2W,True,True,False,True,True,True,True,True,True,True,False,False,False,False,verified
SUN_protect_MSUN_rollback,H1A2_1200:0316,312,F6Ga2Ag,True,True,False,True,True,True,True,True,True,True,False,False,False,False,verified
SUN_protect_MSUN_rollback,H1A2_1200:0317,313,Li4O8P2Cu2,True,True,False,True,True,True,False,False,False,False,False,True,False,False,verified
SUN_protect_MSUN_rollback,H1A2_1200:0318,314,O8K4Nb2,True,True,False,True,True,True,True,True,True,True,False,False,False,False,verified
SUN_protect_MSUN_rollback,H1A2_1200:0319,315,O12Cu4Sr2W2,True,True,False,True,True,True,True,True,True,True,False,False,False,False,verified
SUN_protect_MSUN_rollback,H1A2_1200:0320,316,Sb4,True,True,False,True,True,True,True,True,True,True,False,True,False,True,verified
SUN_protect_MSUN_rollback,H1A2_1200:0321,317,O8Zn3Sb2,True,True,False,True,True,True,True,True,True,True,False,False,False,False,verified
SUN_protect_MSUN_rollback,H1A2_1200:0322,318,O12Sr4La2Ta2,True,True,False,True,True,True,True,True,True,True,False,False,False,False,verified
SUN_protect_MSUN_rollback,H1A2_1200:0324,319,Si2Pt2U,False,False,False,True,False,True,True,True,False,False,False,True,False,True,verified
SUN_protect_MSUN_rollback,H1A2_1200:0325,320,Li2O4SeTe,True,True,False,True,True,True,True,True,True,True,False,False,False,False,verified
SUN_protect_MSUN_rollback,H1A2_1200:0326,321,MgGa3,True,True,False,True,True,True,True,True,True,True,False,True,False,True,verified
SUN_protect_MSUN_rollback,H1A2_1200:0327,322,Li2O6V3Mn,True,True,False,True,True,True,True,True,True,True,False,True,False,True,verified
SUN_protect_MSUN_rollback,H1A2_1200:0328,323,Co2Ge2Dy,True,True,False,True,True,True,True,True,True,True,False,False,False,False,verified
SUN_protect_MSUN_rollback,H1A2_1200:0329,324,Si8Tb8Re4,False,False,False,True,False,True,True,True,False,False,False,False,False,False,verified
SUN_protect_MSUN_rollback,H1A2_1200:0330,325,Co4Ni4Ce4,True,True,False,True,True,True,True,True,True,True,False,False,False,False,verified
SUN_protect_MSUN_rollback,H1A2_1200:0331,326,Cu2Ge2Sm,True,True,False,True,True,True,True,True,True,True,False,True,False,True,verified
SUN_protect_MSUN_rollback,H1A2_1200:0332,327,S4Ti2Rb2,True,True,False,True,True,True,True,True,True,True,False,False,False,False,verified
SUN_protect_MSUN_rollback,H1A2_1200:0333,328,O6K2MnCuW,True,True,False,True,True,True,True,True,True,True,False,False,False,False,verified
SUN_protect_MSUN_rollback,H1A2_1200:0335,330,Ge4Ru2Tb2,True,True,False,True,True,True,True,True,True,True,False,True,False,True,verified
SUN_protect_MSUN_rollback,H1A2_1200:0336,331,NaCu2ZnSe4,True,True,False,True,True,True,True,True,True,True,False,True,False,True,verified
SUN_protect_MSUN_rollback,H1A2_1200:0337,332,Co4Ga12Ce2,True,True,False,True,True,True,True,True,True,True,False,True,False,True,verified
SUN_protect_MSUN_rollback,H1A2_1200:0338,333,Mg2Rh3,True,True,False,True,True,True,True,True,True,True,False,True,False,True,verified
SUN_protect_MSUN_rollback,H1A2_1200:0339,334,O8P2KCu3,True,True,False,True,True,True,True,True,True,True,False,True,False,True,verified
SUN_protect_MSUN_rollback,H1A2_1200:0340,335,O4K2Ag2,True,True,False,True,True,True,True,True,True,True,False,False,False,False,verified
SUN_protect_MSUN_rollback,H1A2_1200:0341,336,PdSnPr2,True,True,False,True,True,True,True,True,True,True,False,True,False,True,verified
SUN_protect_MSUN_rollback,H1A2_1200:0342,337,H8N2F6K2,True,True,False,True,True,True,True,True,True,True,False,False,False,False,verified
SUN_protect_MSUN_rollback,H1A2_1200:0343,338,YRh3,True,True,False,True,True,True,True,True,True,True,False,True,False,True,verified
SUN_protect_MSUN_rollback,H1A2_1200:0344,339,Ge12Nd4,True,True,False,True,True,True,True,True,True,True,False,True,False,True,verified
SUN_protect_MSUN_rollback,H1A2_1200:0345,340,O4Mg4,True,True,False,True,True,True,False,False,False,False,False,True,False,False,verified
SUN_protect_MSUN_rollback,H1A2_1200:0346,341,O12Na4P2Ag2,True,True,False,True,True,True,True,True,True,True,False,False,False,False,verified
SUN_protect_MSUN_rollback,H1A2_1200:0347,342,MgCd2Ho,True,True,False,True,True,True,False,False,False,False,False,True,False,False,verified
SUN_protect_MSUN_rollback,H1A2_1200:0348,343,Se8Sn4Cs4,True,True,False,True,True,True,True,True,True,True,False,True,False,True,verified
SUN_protect_MSUN_rollback,H1A2_1200:0349,344,Ge10Pr6,True,True,False,True,True,True,True,True,True,True,False,True,False,True,verified
SUN_protect_MSUN_rollback,H1A2_1200:0350,345,Ge4La3Ir4,True,True,False,True,True,True,True,True,True,True,False,False,False,False,verified
SUN_protect_MSUN_rollback,H1A2_1200:0351,346,Co2Ga3Ho,True,True,False,True,True,True,True,True,True,True,False,True,False,True,verified
SUN_protect_MSUN_rollback,H1A2_1200:0352,347,Mg2Sm4,True,True,False,True,True,True,False,False,False,False,False,True,False,False,verified
SUN_protect_MSUN_rollback,H1A2_1200:0353,348,B4Al2Tb2,True,True,False,True,True,True,True,True,True,True,False,False,False,False,verified
SUN_protect_MSUN_rollback,H1A2_1200:0354,349,O8Cu2Rb4,True,True,False,True,True,True,True,True,True,True,False,False,False,False,verified
SUN_protect_MSUN_rollback,H1A2_1200:0355,350,As4Sr2Sn2,True,True,False,True,True,True,True,True,True,True,False,True,False,True,verified
SUN_protect_MSUN_rollback,H1A2_1200:0356,351,Cl6K2RbSb,True,True,False,True,True,True,True,True,True,True,False,True,False,True,verified
SUN_protect_MSUN_rollback,H1A2_1200:0357,352,MgNi4Hf,True,True,False,True,True,True,True,True,True,True,False,True,False,True,verified
SUN_protect_MSUN_rollback,H1A2_1200:0358,353,B2O6La2,True,True,False,True,True,True,True,True,True,True,False,True,False,True,verified
SUN_protect_MSUN_rollback,H1A2_1200:0360,355,B4Fe5Zr3,True,True,False,True,True,True,True,True,True,True,False,False,False,False,verified
SUN_protect_MSUN_rollback,H1A2_1200:0361,356,Si2Sc2Tb,True,True,False,True,True,True,True,True,True,True,False,False,False,False,verified
SUN_protect_MSUN_rollback,H1A2_1200:0362,357,O12Co2W4,True,True,False,True,True,True,True,True,True,True,False,True,False,True,verified
SUN_protect_MSUN_rollback,H1A2_1200:0363,358,O4Sc2Cs2,True,True,False,True,True,True,True,True,True,True,True,True,True,True,verified
SUN_protect_MSUN_rollback,H1A2_1200:0364,359,Li2O4Y2,True,True,False,True,True,True,True,True,True,True,False,True,False,True,verified
SUN_protect_MSUN_rollback,H1A2_1200:0365,360,Li4O8Ti2Fe2,True,True,False,True,True,True,True,True,True,True,False,True,False,True,verified
SUN_protect_MSUN_rollback,H1A2_1200:0366,361,CdGd2Ir,True,True,False,True,True,True,True,True,True,True,True,True,True,True,verified
SUN_protect_MSUN_rollback,H1A2_1200:0367,362,Al2S8Nb4,False,True,True,True,True,True,True,True,True,False,False,True,False,True,verified
SUN_protect_MSUN_rollback,H1A2_1200:0368,363,LiO6La2Bi,True,True,False,True,True,True,True,True,True,True,False,True,False,True,verified
SUN_protect_MSUN_rollback,H1A2_1200:0369,364,C2Ru2Er2,True,True,False,True,True,True,True,True,True,True,True,True,True,True,verified
SUN_protect_MSUN_rollback,H1A2_1200:0370,365,Ge4Th2,True,True,False,True,True,True,True,True,True,True,False,True,False,True,verified
SUN_protect_MSUN_rollback,H1A2_1200:0372,367,O4Cl2Mn2,True,True,False,True,True,True,True,True,True,True,False,False,False,False,verified
SUN_protect_MSUN_rollback,H1A2_1200:0373,368,Cu4Sn4Ce3,True,True,False,True,True,True,True,True,True,True,False,True,False,True,verified
SUN_protect_MSUN_rollback,H1A2_1200:0374,369,Ge4Ru4Dy4,True,True,False,True,True,True,True,True,True,True,False,True,False,True,verified
SUN_protect_MSUN_rollback,H1A2_1200:0375,370,O4P2Ag2,True,True,False,True,True,True,True,True,True,True,False,False,False,False,verified
SUN_protect_MSUN_rollback,H1A2_1200:0376,371,Si4Co4Sm4,True,True,False,True,True,True,True,True,True,True,False,False,False,False,verified
SUN_protect_MSUN_rollback,H1A2_1200:0377,372,O2BrTl,True,True,False,True,True,True,True,True,True,True,False,False,False,False,verified
SUN_protect_MSUN_rollback,H1A2_1200:0378,373,Li5O6Ge,False,False,False,True,False,True,True,True,False,False,False,True,False,True,verified
SUN_protect_MSUN_rollback,H1A2_1200:0379,374,S4Br4Cd4,True,True,False,True,True,True,True,True,True,True,False,False,False,False,verified
SUN_protect_MSUN_rollback,H1A2_1200:0381,376,S4Se4Mo3W,True,True,False,True,True,True,True,True,True,True,False,False,False,False,verified
SUN_protect_MSUN_rollback,H1A2_1200:0382,377,F6Al2,True,True,False,True,True,True,True,True,True,True,False,False,False,False,verified
SUN_protect_MSUN_rollback,H1A2_1200:0383,378,AgEu,True,True,False,True,True,True,True,True,True,True,True,True,True,True,verified
SUN_protect_MSUN_rollback,H1A2_1200:0384,379,O6Ba2SmTb,False,False,False,True,False,True,True,True,False,False,False,False,False,False,verified
SUN_protect_MSUN_rollback,H1A2_1200:0386,381,Cd4In2Ba2,True,True,False,True,True,True,True,True,True,True,False,True,False,True,verified
SUN_protect_MSUN_rollback,H1A2_1200:0387,382,CuGe4La2,True,True,False,True,True,True,True,True,True,True,False,True,False,True,verified
SUN_protect_MSUN_rollback,H1A2_1200:0388,383,O8Cr2Sr2,True,True,False,True,True,True,True,True,True,True,False,True,False,True,verified
SUN_protect_MSUN_rollback,H1A2_1200:0389,384,LiPdIn2,True,True,False,True,True,True,True,True,True,True,False,True,False,True,verified
SUN_protect_MSUN_rollback,H1A2_1200:0390,385,S8Zr2Nb3,True,True,False,True,True,True,True,True,True,True,False,False,False,False,verified
SUN_protect_MSUN_rollback,H1A2_1200:0391,386,O12Mn2Fe2Er4,True,True,False,True,True,True,True,True,True,True,False,True,False,True,verified
SUN_protect_MSUN_rollback,H1A2_1200:0393,388,Li4O8Fe2Ni2,True,True,False,True,True,True,True,True,True,True,False,False,False,False,verified
SUN_protect_MSUN_rollback,H1A2_1200:0395,389,O4Cu3Bi,True,True,False,True,True,True,True,True,True,True,False,False,False,False,verified
SUN_protect_MSUN_rollback,H1A2_1200:0396,390,O12Ca4Bi4,True,True,False,True,True,True,True,True,True,True,False,True,False,True,verified
SUN_protect_MSUN_rollback,H1A2_1200:0397,391,O6FeSr2Sb,True,True,False,True,True,True,True,True,True,True,False,True,False,True,verified
SUN_protect_MSUN_rollback,H1A2_1200:0398,392,Co4Ta12,True,True,False,True,True,True,True,True,True,True,False,False,False,False,verified
SUN_protect_MSUN_rollback,H1A2_1200:0399,393,S2KAg,True,True,False,True,True,True,True,True,True,True,False,True,False,True,verified
SUN_protect_MSUN_rollback,H1A2_1200:0400,394,S2SnLa2,True,True,False,True,True,True,True,True,True,True,False,True,False,True,verified
SUN_protect_MSUN_rollback,H1A2_1200:0401,395,S4Ag4,True,True,False,True,True,True,True,True,True,True,False,False,False,False,verified
SUN_protect_MSUN_rollback,H1A2_1200:0402,396,O12Ca2Ti3Sr2La,True,True,False,True,True,True,True,True,True,True,False,True,False,True,verified
SUN_protect_MSUN_rollback,H1A2_1200:0403,397,Hf2OsIr,True,True,False,True,True,True,True,True,True,True,False,True,False,True,verified
SUN_protect_MSUN_rollback,H1A2_1200:0404,398,S2Se4W3,True,True,False,True,True,True,True,True,True,True,False,False,False,False,verified
SUN_protect_MSUN_rollback,H1A2_1200:0405,399,O10V4,True,True,False,True,True,True,True,True,True,True,False,False,False,False,verified
SUN_protect_MSUN_rollback,H1A2_1200:0406,400,S12Sc2Ba4Hf2,False,False,False,True,False,True,True,True,False,False,False,False,False,False,verified
SUN_protect_MSUN_rollback,H1A2_1200:0407,401,F12Na3Ti2Cs2,False,True,True,True,True,True,True,True,True,False,False,False,False,False,verified
SUN_protect_MSUN_rollback,H1A2_1200:0408,402,B4O9Ce3,True,True,False,True,True,True,True,True,True,True,False,False,False,False,verified
SUN_protect_MSUN_rollback,H1A2_1200:0409,403,O12Mn4Fe2Sn2,True,True,False,True,True,True,True,True,True,True,False,False,False,False,verified
SUN_protect_MSUN_rollback,H1A2_1200:0410,404,B8Fe4Tm8,True,True,False,True,True,True,True,True,True,True,False,False,False,False,verified
SUN_protect_MSUN_rollback,H1A2_1200:0411,405,Pd2CdBi,True,True,False,True,True,True,True,True,True,True,False,True,False,True,verified
SUN_protect_MSUN_rollback,H1A2_1200:0412,406,Si4Pd4Nd3,False,False,False,True,False,True,True,True,False,False,False,True,False,True,verified
SUN_protect_MSUN_rollback,H1A2_1200:0413,407,B6Ca2Rh12,False,False,False,True,False,True,True,True,False,False,False,True,False,True,verified
SUN_protect_MSUN_rollback,H1A2_1200:0414,408,Pd6Sn8,True,True,False,True,True,True,True,True,True,True,False,True,False,True,verified
SUN_protect_MSUN_rollback,H1A2_1200:0415,409,Pd2Ho6,True,True,False,True,True,True,True,True,True,True,False,True,False,True,verified
SUN_protect_MSUN_rollback,H1A2_1200:0416,410,As4In4Eu4,True,True,False,True,True,True,True,True,True,True,False,True,False,True,verified
SUN_protect_MSUN_rollback,H1A2_1200:0417,411,S6Cr2Ba2,True,True,False,True,True,True,True,True,True,True,False,False,False,False,verified
SUN_protect_MSUN_rollback,H1A2_1200:0418,412,CuIn4Ho2,True,True,False,True,True,True,True,True,True,True,False,False,False,False,verified
SUN_protect_MSUN_rollback,H1A2_1200:0420,413,S6K2Mo2Tl2,True,True,False,True,True,True,True,True,True,True,False,True,False,True,verified
SUN_protect_MSUN_rollback,H1A2_1200:0421,414,O4Ti2,True,True,False,True,True,True,True,True,True,True,False,False,False,False,verified
SUN_protect_MSUN_rollback,H1A2_1200:0422,415,Al4Co4Hf4,True,True,False,True,True,True,True,True,True,True,False,True,False,True,verified
SUN_protect_MSUN_rollback,H1A2_1200:0423,416,N6Zn4Mo2,True,True,False,True,True,True,True,True,True,True,False,False,False,False,verified
SUN_protect_MSUN_rollback,H1A2_1200:0424,417,Na3Sb,True,True,False,True,True,True,True,True,True,True,False,True,False,True,verified
SUN_protect_MSUN_rollback,H1A2_1200:0425,418,Mg2GaPd,True,True,False,True,True,True,False,False,False,False,True,True,False,False,verified
SUN_protect_MSUN_rollback,H1A2_1200:0426,419,Al4Ga4Nb4,True,True,False,True,True,True,True,True,True,True,False,True,False,True,verified
SUN_protect_MSUN_rollback,H1A2_1200:0427,420,Sb8Nd6,True,True,False,True,True,True,True,True,True,True,False,True,False,True,verified
SUN_protect_MSUN_rollback,H1A2_1200:0428,421,S8Cu2Ba4Bi2,True,True,False,True,True,True,True,True,True,True,False,True,False,True,verified
SUN_protect_MSUN_rollback,H1A2_1200:0429,422,Li2S8V3Rb2,True,True,False,True,True,True,True,True,True,True,False,True,False,True,verified
SUN_protect_MSUN_rollback,H1A2_1200:0430,423,F12K4Mo2,True,True,False,True,True,True,True,True,True,True,True,True,True,True,verified
SUN_protect_MSUN_rollback,H1A2_1200:0431,424,N2O2Ga2,True,True,False,True,True,True,True,True,True,True,False,False,False,False,verified
SUN_protect_MSUN_rollback,H1A2_1200:0432,425,LiCl6Cs2Ce,True,True,False,True,True,True,True,True,True,True,True,True,True,True,verified
SUN_protect_MSUN_rollback,H1A2_1200:0433,426,Ni4Y4Sn2,True,True,False,True,True,True,True,True,True,True,True,True,True,True,verified
SUN_protect_MSUN_rollback,H1A2_1200:0434,427,Si8Pd6U3,False,False,False,True,False,True,True,True,False,False,False,False,False,False,verified
SUN_protect_MSUN_rollback,H1A2_1200:0435,428,O12Ca2Sr2Ru4,True,True,False,True,True,True,True,True,True,True,False,False,False,False,verified
SUN_protect_MSUN_rollback,H1A2_1200:0436,429,B2Mo4,True,True,False,True,True,True,True,True,True,True,False,False,False,False,verified
SUN_protect_MSUN_rollback,H1A2_1200:0437,430,K4Br12Pb2,True,True,False,True,True,True,True,True,True,True,True,True,True,True,verified
SUN_protect_MSUN_rollback,H1A2_1200:0438,431,P12Ni2Tm6,True,True,False,True,True,True,True,True,True,True,False,False,False,False,verified
SUN_protect_MSUN_rollback,H1A2_1200:0439,432,Cl6Cs2Er,True,True,False,True,True,True,True,True,True,True,True,True,True,True,verified
SUN_protect_MSUN_rollback,H1A2_1200:0440,433,O2F10Mn6,True,True,False,True,True,True,True,True,True,True,False,True,False,True,verified
SUN_protect_MSUN_rollback,H1A2_1200:0441,434,O8Ca2Ti2Zn2,True,True,False,True,True,True,True,True,True,True,False,False,False,False,verified
SUN_protect_MSUN_rollback,H1A2_1200:0442,435,Li4O8MnCo3,True,True,False,True,True,True,True,True,True,True,False,False,False,False,verified
SUN_protect_MSUN_rollback,H1A2_1200:0443,436,Al2Cu2Tm,True,True,False,True,True,True,True,True,True,True,False,True,False,True,verified
SUN_protect_MSUN_rollback,H1A2_1200:0444,437,AgNd,True,True,False,True,True,True,False,False,False,False,True,True,False,False,verified
SUN_protect_MSUN_rollback,H1A2_1200:0445,438,Co2GaHo,True,True,False,True,True,True,True,True,True,True,False,True,False,True,verified
SUN_protect_MSUN_rollback,H1A2_1200:0446,439,H8P2Ca2,True,True,False,True,True,True,True,True,True,True,False,True,False,True,verified
SUN_protect_MSUN_rollback,H1A2_1200:0447,440,F6AlCs2,False,False,False,True,False,True,True,True,False,False,True,True,True,True,verified
SUN_protect_MSUN_rollback,H1A2_1200:0448,441,Li2O8Ti2Fe2,True,True,False,True,True,True,True,True,True,True,False,False,False,False,verified
SUN_protect_MSUN_rollback,H1A2_1200:0449,442,O8P2Bi2,True,True,False,True,True,True,True,True,True,True,False,True,False,True,verified
SUN_protect_MSUN_rollback,H1A2_1200:0450,443,Sc2AgTl,True,True,False,True,True,True,True,True,True,True,False,True,False,True,verified
SUN_protect_MSUN_rollback,H1A2_1200:0451,444,Se8Ag2Er4,True,True,False,True,True,True,True,True,True,True,True,True,True,True,verified
SUN_protect_MSUN_rollback,H1A2_1200:0452,445,Ca12,True,True,False,True,True,True,True,True,True,True,False,True,False,True,verified
SUN_protect_MSUN_rollback,H1A2_1200:0453,446,O6Al2Ba2,False,False,False,True,False,True,True,True,False,False,False,False,False,False,verified
SUN_protect_MSUN_rollback,H1A2_1200:0454,447,Li2F10Fe4,True,True,False,True,True,True,True,True,True,True,False,False,False,False,verified
SUN_protect_MSUN_rollback,H1A2_1200:0455,448,Se2Mo6Te6,False,False,False,True,False,True,True,True,False,False,True,True,True,True,verified
SUN_protect_MSUN_rollback,H1A2_1200:0456,449,O12P4Y2,True,True,False,True,True,True,True,True,True,True,False,False,False,False,verified
SUN_protect_MSUN_rollback,H1A2_1200:0457,450,CuGa8La2,True,True,False,True,True,True,True,True,True,True,True,True,True,True,verified
SUN_protect_MSUN_rollback,H1A2_1200:0458,451,Na6Br12Sn2,True,True,False,True,True,True,True,True,True,True,False,True,False,True,verified
SUN_protect_MSUN_rollback,H1A2_1200:0459,452,Li2Pd,True,True,False,True,True,True,True,True,True,True,False,False,False,False,verified
SUN_protect_MSUN_rollback,H1A2_1200:0460,453,O12Sr2Nd2Gd2Bi2,True,True,False,True,True,True,True,True,True,True,False,False,False,False,verified
SUN_protect_MSUN_rollback,H1A2_1200:0461,454,Li2F6V,True,True,False,True,True,True,True,True,True,True,False,True,False,True,verified
SUN_protect_MSUN_rollback,H1A2_1200:0462,455,Se2Ag2Sb2,True,True,False,True,True,True,True,True,True,True,False,True,False,True,verified
SUN_protect_MSUN_rollback,H1A2_1200:0463,456,O12Si4Co2,True,True,False,True,True,True,True,True,True,True,False,False,False,False,verified
SUN_protect_MSUN_rollback,H1A2_1200:0465,457,Co2Zn2Y,True,True,False,True,True,True,True,True,True,True,False,True,False,True,verified
SUN_protect_MSUN_rollback,H1A2_1200:0466,458,O8Na2Si2Zn2,True,True,False,True,True,True,True,True,True,True,False,False,False,False,verified
SUN_protect_MSUN_rollback,H1A2_1200:0467,459,O2Ag2Cd2,False,False,False,True,False,True,True,True,False,False,False,False,False,False,verified
SUN_protect_MSUN_rollback,H1A2_1200:0468,460,O8Zn2W2,True,True,False,True,True,True,True,True,True,True,False,True,False,True,verified
SUN_protect_MSUN_rollback,H1A2_1200:0469,461,CoNiTe2,True,True,False,True,True,True,True,True,True,True,False,True,False,True,verified
SUN_protect_MSUN_rollback,H1A2_1200:0470,462,Li2O6MnCu3,True,True,False,True,True,True,True,True,True,True,False,False,False,False,verified
SUN_protect_MSUN_rollback,H1A2_1200:0471,463,Cl6K2Tb,True,True,False,True,True,True,True,True,True,True,True,True,True,True,verified
SUN_protect_MSUN_rollback,H1A2_1200:0472,464,LiS2Tb,True,True,False,True,True,True,True,True,True,True,False,True,False,True,verified
SUN_protect_MSUN_rollback,H1A2_1200:0473,465,K3Te4Tl,True,True,False,True,True,True,True,True,True,True,False,True,False,True,verified
SUN_protect_MSUN_rollback,H1A2_1200:0474,466,O4F4V4,True,True,False,True,True,True,True,True,True,True,False,False,False,False,verified
SUN_protect_MSUN_rollback,H1A2_1200:0475,467,Cu2ZnAu,True,True,False,True,True,True,True,True,True,True,False,True,False,True,verified
SUN_protect_MSUN_rollback,H1A2_1200:0476,468,Ni2Sn2Eu,True,True,False,True,True,True,True,True,True,True,True,True,True,True,verified
SUN_protect_MSUN_rollback,H1A2_1200:0477,469,O8Na8P2,True,True,False,True,True,True,True,True,True,True,False,False,False,False,verified
SUN_protect_MSUN_rollback,H1A2_1200:0478,470,S6V3Cu4Se2,True,True,False,True,True,True,True,True,True,True,False,False,False,False,verified
SUN_protect_MSUN_rollback,H1A2_1200:0479,471,H2O2Cl2Ca2,True,True,False,True,True,True,True,True,True,True,True,True,True,True,verified
SUN_protect_MSUN_rollback,H1A2_1200:0480,472,Li4F12Mn4,True,True,False,True,True,True,True,True,True,True,False,True,False,True,verified
SUN_protect_MSUN_rollback,H1A2_1200:0481,473,O6MoBa2Pr,True,True,False,True,True,True,True,True,True,True,True,True,True,True,verified
SUN_protect_MSUN_rollback,H1A2_1200:0482,474,O6Ba2W2,True,True,False,True,True,True,True,True,True,True,False,False,False,False,verified
SUN_protect_MSUN_rollback,H1A2_1200:0483,475,O12Ba4Er2Hf2,True,True,False,True,True,True,True,True,True,True,False,True,False,True,verified
SUN_protect_MSUN_rollback,H1A2_1200:0484,476,Cl6GaRb2Ag,True,True,False,True,True,True,False,False,False,False,False,True,False,False,verified
SUN_protect_MSUN_rollback,H1A2_1200:0485,477,B4Ru3Lu3,False,False,False,True,False,True,True,True,False,False,False,True,False,True,verified
SUN_protect_MSUN_rollback,H1A2_1200:0486,478,Si2Cu2Y2,False,False,False,True,False,True,False,False,False,False,True,True,False,False,verified
SUN_protect_MSUN_rollback,H1A2_1200:0487,479,C2N4Cl2Zr2,True,True,False,True,True,True,True,True,True,True,False,False,False,False,verified
SUN_protect_MSUN_rollback,H1A2_1200:0488,480,Li3Mg3,True,True,False,True,True,True,True,True,True,True,False,True,False,True,verified
SUN_protect_MSUN_rollback,H1A2_1200:0489,481,Li2F12Mn2,True,True,False,True,True,True,True,True,True,True,False,False,False,False,verified
SUN_protect_MSUN_rollback,H1A2_1200:0490,482,Li4O8Ni3As,True,True,False,True,True,True,True,True,True,True,False,True,False,True,verified
SUN_protect_MSUN_rollback,H1A2_1200:0492,484,O6WPb2,True,True,False,True,True,True,True,True,True,True,False,False,False,False,verified
SUN_protect_MSUN_rollback,H1A2_1200:0493,485,Ge6Tm2Ir4,True,True,False,True,True,True,True,True,True,True,False,True,False,True,verified
SUN_protect_MSUN_rollback,H1A2_1200:0494,486,O12Fe4Cu4,True,True,False,True,True,True,True,True,True,True,False,False,False,False,verified
SUN_protect_MSUN_rollback,H1A2_1200:0495,487,C8GdTb4,True,True,False,True,True,True,True,True,True,True,False,False,False,False,invalid_terminal
SUN_protect_MSUN_rollback,H1A2_1200:0496,488,O12Fe4Ce4,True,True,False,True,True,True,True,True,True,True,False,False,False,False,verified
SUN_protect_MSUN_rollback,H1A2_1200:0497,489,P2S6V2,True,True,False,True,True,True,True,True,True,True,False,True,False,True,verified
SUN_protect_MSUN_rollback,H1A2_1200:0498,490,N6Ca2Nb4,True,True,False,True,True,True,True,True,True,True,False,True,False,True,verified
SUN_protect_MSUN_rollback,H1A2_1200:0499,491,MgCd,True,True,False,True,True,True,True,True,True,True,False,True,False,True,verified
SUN_protect_MSUN_rollback,H1A2_1200:0500,492,Mg2LaLu,True,True,False,True,True,True,True,True,True,True,False,True,False,True,verified
SUN_protect_MSUN_rollback,H1A2_1200:0501,493,O8MgV2Zn,True,True,False,True,True,True,True,True,True,True,False,False,False,False,verified
SUN_protect_MSUN_rollback,H1A2_1200:0502,494,Cl6K2RbBi,True,True,False,True,True,True,True,True,True,True,True,True,True,True,verified
SUN_protect_MSUN_rollback,H1A2_1200:0503,495,O10Mn2Sr2Ba2EuTa,True,True,False,True,True,True,True,True,True,True,False,False,False,False,verified
SUN_protect_MSUN_rollback,H1A2_1200:0504,496,O8Co4Cd2,True,True,False,True,True,True,True,True,True,True,False,False,False,False,verified
SUN_protect_MSUN_rollback,H1A2_1200:0505,497,O2F10Co6,True,True,False,True,True,True,True,True,True,True,False,False,False,False,verified
SUN_protect_MSUN_rollback,H1A2_1200:0506,498,LiGaIr2,True,True,False,True,True,True,True,True,True,True,True,True,True,True,verified
SUN_protect_MSUN_rollback,H1A2_1200:0507,499,Cu2Ge2Ho2,True,True,False,True,True,True,True,True,True,True,False,True,False,True,verified
SUN_protect_MSUN_rollback,H1A2_1200:0508,500,O4Cu2Ba2,True,True,False,True,True,True,True,True,True,True,False,False,False,False,verified
SUN_protect_MSUN_rollback,H1A2_1200:0509,501,Se8Nb3Sn3,False,True,True,True,True,True,True,True,True,False,False,False,False,False,verified
SUN_protect_MSUN_rollback,H1A2_1200:0510,502,Li2O8Ni5,False,True,True,True,True,True,True,True,True,False,False,True,False,True,verified
SUN_protect_MSUN_rollback,H1A2_1200:0511,503,Li4O8V2Cr2,True,True,False,True,True,True,True,True,True,True,False,True,False,True,verified
SUN_protect_MSUN_rollback,H1A2_1200:0512,504,Si2Ni2Tb2,False,False,False,True,False,True,True,True,False,False,False,True,False,True,verified
SUN_protect_MSUN_rollback,H1A2_1200:0513,505,Ge4Se8Sm4,True,True,False,True,True,True,True,True,True,True,False,False,False,False,verified
SUN_protect_MSUN_rollback,H1A2_1200:0514,506,O8Na4S2Cu2,True,True,False,True,True,True,True,True,True,True,False,False,False,False,verified
SUN_protect_MSUN_rollback,H1A2_1200:0515,507,O8Cu3Y2Ba,True,True,False,True,True,True,True,True,True,True,False,False,False,False,verified
SUN_protect_MSUN_rollback,H1A2_1200:0516,508,Zn4Tb4Pt4,True,True,False,True,True,True,True,True,True,True,False,False,False,False,verified
SUN_protect_MSUN_rollback,H1A2_1200:0517,509,Li2O12Nb4Ba2,False,True,True,True,True,True,True,True,True,False,False,False,False,False,verified
SUN_protect_MSUN_rollback,H1A2_1200:0518,510,Li2F8V2,True,True,False,True,True,True,True,True,True,True,False,False,False,False,verified
SUN_protect_MSUN_rollback,H1A2_1200:0519,511,S4Se4Mo3W,True,True,False,True,True,True,True,True,True,True,False,False,False,False,verified
SUN_protect_MSUN_rollback,H1A2_1200:0520,512,O6CaFeSr2Bi,True,True,False,True,True,True,True,True,True,True,False,False,False,False,verified
SUN_protect_MSUN_rollback,H1A2_1200:0521,513,Si2Co2Tb2,True,True,False,True,True,True,True,True,True,True,False,True,False,True,verified
SUN_protect_MSUN_rollback,H1A2_1200:0522,514,Li2Si2,True,True,False,True,True,True,True,True,True,True,False,False,False,False,verified
SUN_protect_MSUN_rollback,H1A2_1200:0523,515,O12Ca4Zr2W2,True,True,False,True,True,True,True,True,True,True,False,True,False,True,verified
SUN_protect_MSUN_rollback,H1A2_1200:0524,516,Ni4As4,True,True,False,True,True,True,True,True,True,True,True,True,True,True,verified
SUN_protect_MSUN_rollback,H1A2_1200:0525,517,Li2O8CrNi3,True,True,False,True,True,True,True,True,True,True,False,False,False,False,verified
SUN_protect_MSUN_rollback,H1A2_1200:0526,518,Li2F12Mn2,True,True,False,True,True,True,True,True,True,True,False,True,False,True,verified
SUN_protect_MSUN_rollback,H1A2_1200:0527,519,F6Cs2Bi,True,True,False,True,True,True,True,True,True,True,True,True,True,True,verified
SUN_protect_MSUN_rollback,H1A2_1200:0528,520,S8Zr2Ba4,True,True,False,True,True,True,True,True,True,True,False,True,False,True,verified
SUN_protect_MSUN_rollback,H1A2_1200:0529,521,Ca4Ag4In4,True,True,False,True,True,True,True,True,True,True,False,True,False,True,verified
SUN_protect_MSUN_rollback,H1A2_1200:0531,523,Sn3Te2,True,True,False,True,True,True,True,True,True,True,False,True,False,True,verified
SUN_protect_MSUN_rollback,H1A2_1200:0532,524,C4AlFe10Y2,False,True,True,True,True,True,True,True,True,False,False,False,False,False,verified
SUN_protect_MSUN_rollback,H1A2_1200:0533,525,O8Fe4Ba2,True,True,False,True,True,True,True,True,True,True,False,True,False,True,verified
SUN_protect_MSUN_rollback,H1A2_1200:0534,526,CuI6Cs2Tl,True,True,False,True,True,True,True,True,True,True,False,True,False,True,verified
SUN_protect_MSUN_rollback,H1A2_1200:0535,527,F12Zn4Cs4,True,True,False,True,True,True,True,True,True,True,False,True,False,True,verified
SUN_protect_MSUN_rollback,H1A2_1200:0536,528,Si2FeTh2,True,True,False,True,True,True,True,True,True,True,False,True,False,True,verified
SUN_protect_MSUN_rollback,H1A2_1200:0537,529,O12Na4P4,True,True,False,True,True,True,True,True,True,True,False,True,False,True,verified
SUN_protect_MSUN_rollback,H1A2_1200:0538,530,F6KCs2Hg,False,False,False,True,False,True,True,True,False,False,True,True,True,True,verified
SUN_protect_MSUN_rollback,H1A2_1200:0539,531,As2Pd2Er2,False,False,False,True,False,True,True,True,False,False,False,True,False,True,verified
SUN_protect_MSUN_rollback,H1A2_1200:0540,532,NaCaRh2,True,True,False,True,True,True,True,True,True,True,False,False,False,False,verified
SUN_protect_MSUN_rollback,H1A2_1200:0541,533,Ga2Au4,True,True,False,True,True,True,True,True,True,True,False,True,False,True,verified
SUN_protect_MSUN_rollback,H1A2_1200:0542,534,Zn2GaAgTe4,True,True,False,True,True,True,True,True,True,True,False,True,False,True,verified
SUN_protect_MSUN_rollback,H1A2_1200:0543,535,Li8N6Mn2,True,True,False,True,True,True,True,True,True,True,False,False,False,False,verified
SUN_protect_MSUN_rollback,H1A2_1200:0544,536,H10Na4Ca4,False,False,False,True,False,True,True,True,False,False,False,True,False,True,verified
SUN_protect_MSUN_rollback,H1A2_1200:0545,537,Li8O6Pd,True,True,False,True,True,True,True,True,True,True,False,False,False,False,verified
SUN_protect_MSUN_rollback,H1A2_1200:0547,539,Ge6Tb10,True,True,False,True,True,True,True,True,True,True,False,True,False,True,verified
SUN_protect_MSUN_rollback,H1A2_1200:0548,540,Sn3Ce,True,True,False,True,True,True,True,True,True,True,False,True,False,True,verified
SUN_protect_MSUN_rollback,H1A2_1200:0549,541,Fe4Te4I4,True,True,False,True,True,True,True,True,True,True,False,False,False,False,verified
SUN_protect_MSUN_rollback,H1A2_1200:0550,542,Zn3Pd3Er3,True,True,False,True,True,True,True,True,True,True,False,True,False,True,verified
SUN_protect_MSUN_rollback,H1A2_1200:0551,543,O8NaV4,False,True,True,True,True,True,True,True,True,False,False,True,False,True,verified
SUN_protect_MSUN_rollback,H1A2_1200:0552,544,O4Sr4,True,True,False,True,True,True,True,True,True,True,False,True,False,True,verified
SUN_protect_MSUN_rollback,H1A2_1200:0553,545,Zn2Gd2Pt2,True,True,False,True,True,True,True,True,True,True,True,True,True,True,verified
SUN_protect_MSUN_rollback,H1A2_1200:0554,546,Cu3Cd,True,True,False,True,True,True,True,True,True,True,False,True,False,True,verified
SUN_protect_MSUN_rollback,H1A2_1200:0555,547,ZnRh2Pr,True,True,False,True,True,True,True,True,True,True,False,True,False,True,verified
SUN_protect_MSUN_rollback,H1A2_1200:0556,548,Zn2As2La,True,True,False,True,True,True,True,True,True,True,False,True,False,True,verified
SUN_protect_MSUN_rollback,H1A2_1200:0557,549,O4Cu2Se6,True,True,False,True,True,True,True,True,True,True,False,False,False,False,verified
SUN_protect_MSUN_rollback,H1A2_1200:0558,550,Sc2Co4Sn4,True,True,False,True,True,True,True,True,True,True,False,True,False,True,verified
SUN_protect_MSUN_rollback,H1A2_1200:0559,551,O12Ca2Mn2Tb4,True,True,False,True,True,True,True,True,True,True,False,True,False,True,verified
SUN_protect_MSUN_rollback,H1A2_1200:0560,552,Ni4Sn8Nd4,True,True,False,True,True,True,True,True,True,True,False,True,False,True,verified
SUN_protect_MSUN_rollback,H1A2_1200:0561,553,O10Zn2Ga2La4,True,True,False,True,True,True,True,True,True,True,False,False,False,False,verified
SUN_protect_MSUN_rollback,H1A2_1200:0562,554,O6ScInBa2,True,True,False,True,True,True,True,True,True,True,False,False,False,False,verified
SUN_protect_MSUN_rollback,H1A2_1200:0563,555,P2Pd2,False,False,False,True,False,True,True,True,False,False,False,True,False,True,verified
SUN_protect_MSUN_rollback,H1A2_1200:0564,556,O8F4V6,True,True,False,True,True,True,True,True,True,True,False,True,False,True,verified
SUN_protect_MSUN_rollback,H1A2_1200:0565,557,Li4O8K2Nb2,True,True,False,True,True,True,True,True,True,True,False,True,False,True,verified
SUN_protect_MSUN_rollback,H1A2_1200:0566,558,F6SbCs2,True,True,False,True,True,True,True,True,True,True,True,True,True,True,verified
SUN_protect_MSUN_rollback,H1A2_1200:0567,559,O10Ca2Fe2Sr4,True,True,False,True,True,True,True,True,True,True,False,False,False,False,verified
SUN_protect_MSUN_rollback,H1A2_1200:0568,560,Li2O4Pd2,True,True,False,True,True,True,True,True,True,True,False,False,False,False,verified
SUN_protect_MSUN_rollback,H1A2_1200:0569,561,O8Mg4Sn4,True,True,False,True,True,True,True,True,True,True,False,False,False,False,verified
SUN_protect_MSUN_rollback,H1A2_1200:0570,562,Mn4Ge6,True,True,False,True,True,True,True,True,True,True,False,True,False,True,verified
SUN_protect_MSUN_rollback,H1A2_1200:0571,563,Li2F8Mn2,True,True,False,True,True,True,True,True,True,True,False,True,False,True,verified
SUN_protect_MSUN_rollback,H1A2_1200:0572,564,Li2O4Ni2,True,True,False,True,True,True,True,True,True,True,False,True,False,True,verified
SUN_protect_MSUN_rollback,H1A2_1200:0573,565,O8Na2Ti2Ta2,True,True,False,True,True,True,True,True,True,True,False,False,False,False,verified
SUN_protect_MSUN_rollback,H1A2_1200:0574,566,O3BaHf,True,True,False,True,True,True,True,True,True,True,False,True,False,True,verified
SUN_protect_MSUN_rollback,H1A2_1200:0575,567,O12W2U2,True,True,False,True,True,True,True,True,True,True,False,True,False,True,verified
SUN_protect_MSUN_rollback,H1A2_1200:0576,568,O6Ba2BiU,True,True,False,True,True,True,True,True,True,True,False,True,False,True,verified
SUN_protect_MSUN_rollback,H1A2_1200:0577,569,O4ZrPb,True,True,False,True,True,True,True,True,True,True,False,True,False,True,verified
SUN_protect_MSUN_rollback,H1A2_1200:0578,570,O4ClY2,False,False,False,True,False,True,True,True,False,False,False,False,False,False,verified
SUN_protect_MSUN_rollback,H1A2_1200:0579,571,O2ZnCd,True,True,False,True,True,True,True,True,True,True,False,False,False,False,verified
SUN_protect_MSUN_rollback,H1A2_1200:0580,572,NiCu2Se4Tl,True,True,False,True,True,True,True,True,True,True,False,False,False,False,verified
SUN_protect_MSUN_rollback,H1A2_1200:0581,573,As3Ag3La3,True,True,False,True,True,True,True,True,True,True,False,False,False,False,verified
SUN_protect_MSUN_rollback,H1A2_1200:0582,574,O10As2Ba2Ta2,True,True,False,True,True,True,True,True,True,True,False,False,False,False,verified
SUN_protect_MSUN_rollback,H1A2_1200:0584,576,Li5O10Mn4,False,True,True,True,True,True,True,True,True,False,False,False,False,False,verified
SUN_protect_MSUN_rollback,H1A2_1200:0585,577,O8Nb2Sb2,True,True,False,True,True,True,True,True,True,True,False,False,False,False,verified
SUN_protect_MSUN_rollback,H1A2_1200:0586,578,O8Fe4YBa2,True,True,False,True,True,True,True,True,True,True,False,False,False,False,verified
SUN_protect_MSUN_rollback,H1A2_1200:0587,579,O12Nb2La4Tb2,True,True,False,True,True,True,True,True,True,True,False,False,False,False,verified
SUN_protect_MSUN_rollback,H1A2_1200:0588,580,In2PrPb,True,True,False,True,True,True,True,True,True,True,False,True,False,True,verified
SUN_protect_MSUN_rollback,H1A2_1200:0589,581,C2ScCo3,True,True,False,True,True,True,True,True,True,True,False,False,False,False,verified
SUN_protect_MSUN_rollback,H1A2_1200:0590,582,O8Pd3SnPb2,True,True,False,True,True,True,True,True,True,True,False,False,False,False,verified
SUN_protect_MSUN_rollback,H1A2_1200:0591,583,Li2O12Fe5Cs,False,True,True,True,True,True,True,True,True,False,False,False,False,False,verified
SUN_protect_MSUN_rollback,H1A2_1200:0592,584,Li2S8Cr4,False,True,True,True,True,True,False,False,False,False,False,True,False,False,verified
SUN_protect_MSUN_rollback,H1A2_1200:0593,585,N6Na2Mg2V4,True,True,False,True,True,True,True,True,True,True,False,False,False,False,verified
SUN_protect_MSUN_rollback,H1A2_1200:0594,586,S6V2Cu2Rb4,True,True,False,True,True,True,True,True,True,True,False,True,False,True,verified
SUN_protect_MSUN_rollback,H1A2_1200:0595,587,S4Rb2Ag2,True,True,False,True,True,True,True,True,True,True,False,True,False,True,verified
SUN_protect_MSUN_rollback,H1A2_1200:0596,588,Y4Pd4Sb4,True,True,False,True,True,True,True,True,True,True,False,False,False,False,verified
SUN_protect_MSUN_rollback,H1A2_1200:0597,589,Ca2Pt4,True,True,False,True,True,True,True,True,True,True,False,True,False,True,verified
SUN_protect_MSUN_rollback,H1A2_1200:0598,590,PdIn5La2,True,True,False,True,True,True,True,True,True,True,False,True,False,True,verified
SUN_protect_MSUN_rollback,H1A2_1200:0599,591,O6MgAgLa2,True,True,False,True,True,True,True,True,True,True,False,False,False,False,verified
SUN_protect_MSUN_rollback,H1A2_1200:0600,592,O10Sr2Nb2Nd2,True,True,False,True,True,True,True,True,True,True,False,False,False,False,verified
SUN_protect_MSUN_rollback,H1A2_1200:0601,593,O10S2Ba2,True,True,False,True,True,True,True,True,True,True,False,False,False,False,verified
SUN_protect_MSUN_rollback,H1A2_1200:0602,594,ScGeTb2,True,True,False,True,True,True,True,True,True,True,False,False,False,False,verified
SUN_protect_MSUN_rollback,H1A2_1200:0603,595,Si3Fe2Co,True,True,False,True,True,True,True,True,True,True,False,True,False,True,verified
SUN_protect_MSUN_rollback,H1A2_1200:0604,596,Mn2Pd4Eu4,True,True,False,True,True,True,True,True,True,True,False,False,False,False,verified
SUN_protect_MSUN_rollback,H1A2_1200:0605,597,O7Cu2Ba2CeTl,True,True,False,True,True,True,True,True,True,True,False,True,False,True,verified
SUN_protect_MSUN_rollback,H1A2_1200:0606,598,O2S2Mo2,True,True,False,True,True,True,True,True,True,True,False,False,False,False,verified
SUN_protect_MSUN_rollback,H1A2_1200:0608,600,O8CaV3,True,True,False,True,True,True,True,True,True,True,False,True,False,True,verified
SUN_protect_MSUN_rollback,H1A2_1200:0609,601,O10Mg4Mn2,True,True,False,True,True,True,True,True,True,True,False,False,False,False,verified
SUN_protect_MSUN_rollback,H1A2_1200:0610,602,AlTiRu2,True,True,False,True,True,True,False,False,False,False,False,True,False,False,verified
SUN_protect_MSUN_rollback,H1A2_1200:0611,603,K4Ca4Br12,True,True,False,True,True,True,True,True,True,True,False,True,False,True,verified
SUN_protect_MSUN_rollback,H1A2_1200:0612,604,Fe2As4Sr4,True,True,False,True,True,True,True,True,True,True,False,False,False,False,verified
SUN_protect_MSUN_rollback,H1A2_1200:0613,605,O6Al2In2,True,True,False,True,True,True,True,True,True,True,False,False,False,False,verified
SUN_protect_MSUN_rollback,H1A2_1200:0615,607,ScGa,True,True,False,True,True,True,True,True,True,True,True,True,True,True,verified
SUN_protect_MSUN_rollback,H1A2_1200:0616,608,In4Pr2,True,True,False,True,True,True,True,True,True,True,False,True,False,True,verified
SUN_protect_MSUN_rollback,H1A2_1200:0617,609,S2MoTe6W3,True,True,False,True,True,True,True,True,True,True,True,True,True,True,verified
SUN_protect_MSUN_rollback,H1A2_1200:0618,610,S8La4Lu2,True,True,False,True,True,True,True,True,True,True,True,True,True,True,verified
SUN_protect_MSUN_rollback,H1A2_1200:0619,611,Ni2In2La,True,True,False,True,True,True,True,True,True,True,False,True,False,True,verified
SUN_protect_MSUN_rollback,H1A2_1200:0620,612,Pd6Cd10,True,True,False,True,True,True,True,True,True,True,False,True,False,True,verified
SUN_protect_MSUN_rollback,H1A2_1200:0621,613,K2Pd2Tl2,True,True,False,True,True,True,True,True,True,True,True,True,True,True,verified
SUN_protect_MSUN_rollback,H1A2_1200:0622,614,Mg2S8Cr4,True,True,False,True,True,True,True,True,True,True,False,False,False,False,verified
SUN_protect_MSUN_rollback,H1A2_1200:0623,615,Li4F10Ag4,False,True,True,True,True,True,True,True,True,False,False,True,False,True,verified
SUN_protect_MSUN_rollback,H1A2_1200:0624,616,P3Cr3As3,True,True,False,True,True,True,True,True,True,True,False,True,False,True,verified
SUN_protect_MSUN_rollback,H1A2_1200:0625,617,Si4Hf8,True,True,False,True,True,True,True,True,True,True,False,True,False,True,verified
SUN_protect_MSUN_rollback,H1A2_1200:0626,618,K5Se4I3,False,False,False,True,False,True,True,True,False,False,False,True,False,True,verified
SUN_protect_MSUN_rollback,H1A2_1200:0627,619,As2Ag2Ho2,True,True,False,True,True,True,True,True,True,True,False,False,False,False,verified
SUN_protect_MSUN_rollback,H1A2_1200:0629,621,O12Sr2Ba2W2Bi2,True,True,False,True,True,True,True,True,True,True,False,True,False,True,verified
SUN_protect_MSUN_rollback,H1A2_1200:0631,623,PmErTl2,False,False,False,True,False,True,True,True,False,False,True,True,True,True,verified
SUN_protect_MSUN_rollback,H1A2_1200:0632,624,O6SbBa2La,True,True,False,True,True,True,True,True,True,True,False,True,False,True,verified
SUN_protect_MSUN_rollback,H1A2_1200:0633,625,B2Fe10Y,False,False,False,True,False,True,True,True,False,False,False,False,False,False,verified
SUN_protect_MSUN_rollback,H1A2_1200:0634,626,O12Sr4Dy2Re2,True,True,False,True,True,True,True,True,True,True,False,True,False,True,verified
SUN_protect_MSUN_rollback,H1A2_1200:0635,627,As2I2Tl2,True,True,False,True,True,True,True,True,True,True,False,False,False,False,verified
SUN_protect_MSUN_rollback,H1A2_1200:0636,628,Li4O8MnFe3,True,True,False,True,True,True,False,False,False,False,False,True,False,False,verified
SUN_protect_MSUN_rollback,H1A2_1200:0638,629,Li2Sn4Pt4,True,True,False,True,True,True,True,True,True,True,False,True,False,True,verified
SUN_protect_MSUN_rollback,H1A2_1200:0639,630,Cu2Br6Rb2,True,True,False,True,True,True,True,True,True,True,True,True,True,True,verified
SUN_protect_MSUN_rollback,H1A2_1200:0640,631,Ti4Co2Ru2,True,True,False,True,True,True,True,True,True,True,False,True,False,True,verified
SUN_protect_MSUN_rollback,H1A2_1200:0641,632,ScZn2Se4,True,True,False,True,True,True,True,True,True,True,False,True,False,True,verified
SUN_protect_MSUN_rollback,H1A2_1200:0642,633,S6Co5Cu3,False,True,True,True,True,True,True,True,True,False,False,False,False,False,verified
SUN_protect_MSUN_rollback,H1A2_1200:0643,634,AgCd,True,True,False,True,True,True,False,False,False,False,False,True,False,False,verified
SUN_protect_MSUN_rollback,H1A2_1200:0644,635,O12Mo2W2,True,True,False,True,True,True,True,True,True,True,False,True,False,True,verified
SUN_protect_MSUN_rollback,H1A2_1200:0645,636,F2Rb2Pb2,False,False,False,True,False,True,True,True,False,False,False,False,False,False,verified
SUN_protect_MSUN_rollback,H1A2_1200:0646,637,AgCdPt2,True,True,False,True,True,True,True,True,True,True,False,True,False,True,verified
SUN_protect_MSUN_rollback,H1A2_1200:0647,638,Mn2Zn4Sn2,True,True,False,True,True,True,True,True,True,True,False,False,False,False,verified
SUN_protect_MSUN_rollback,H1A2_1200:0648,639,O8V2Ag2,True,True,False,True,True,True,True,True,True,True,False,False,False,False,verified
SUN_protect_MSUN_rollback,H1A2_1200:0649,640,FeNiPt2,True,True,False,True,True,True,True,True,True,True,False,False,False,False,verified
SUN_protect_MSUN_rollback,H1A2_1200:0650,641,Ge4Se2Ba2,False,False,False,True,False,True,True,True,False,False,False,False,False,False,verified
SUN_protect_MSUN_rollback,H1A2_1200:0651,642,O12V4Zn4,True,True,False,True,True,True,True,True,True,True,False,False,False,False,verified
SUN_protect_MSUN_rollback,H1A2_1200:0652,643,Mg2Ge4Pr2,True,True,False,True,True,True,True,True,True,True,False,True,False,True,verified
SUN_protect_MSUN_rollback,H1A2_1200:0653,644,B2P2S12V2,True,True,False,True,True,True,True,True,True,True,False,True,False,True,verified
SUN_protect_MSUN_rollback,H1A2_1200:0654,645,O12Ge4Sm4,True,True,False,True,True,True,True,True,True,True,False,False,False,False,verified
SUN_protect_MSUN_rollback,H1A2_1200:0655,646,Li2O4V2,True,True,False,True,True,True,True,True,True,True,False,False,False,False,verified
SUN_protect_MSUN_rollback,H1A2_1200:0656,647,Li2O4W,True,True,False,True,True,True,True,True,True,True,False,False,False,False,invalid_terminal
SUN_protect_MSUN_rollback,H1A2_1200:0657,648,O12Co2Ni2Sb4,True,True,False,True,True,True,True,True,True,True,False,False,False,False,verified
SUN_protect_MSUN_rollback,H1A2_1200:0658,649,O4Br8U6,True,True,False,True,True,True,True,True,True,True,False,False,False,False,verified
SUN_protect_MSUN_rollback,H1A2_1200:0659,650,Ca3Ga,True,True,False,True,True,True,True,True,True,True,False,True,False,True,verified
SUN_protect_MSUN_rollback,H1A2_1200:0660,651,S12Lu2Ta6,True,True,False,True,True,True,True,True,True,True,False,False,False,False,invalid_terminal
SUN_protect_MSUN_rollback,H1A2_1200:0661,652,Li2O4F2Cr2,True,True,False,True,True,True,True,True,True,True,False,False,False,False,verified
SUN_protect_MSUN_rollback,H1A2_1200:0662,653,O12Ca2Sr4Mo2,True,True,False,True,True,True,True,True,True,True,False,True,False,True,verified
SUN_protect_MSUN_rollback,H1A2_1200:0663,654,O10Na2Ti4,True,True,False,True,True,True,True,True,True,True,False,False,False,False,verified
SUN_protect_MSUN_rollback,H1A2_1200:0665,656,Si2Ni2Tb,False,False,False,True,False,True,False,False,False,False,False,True,False,False,verified
SUN_protect_MSUN_rollback,H1A2_1200:0666,657,Ge4Ru4Hf4,True,True,False,True,True,True,True,True,True,True,False,True,False,True,verified
SUN_protect_MSUN_rollback,H1A2_1200:0668,659,F6Rb2Pd,True,True,False,True,True,True,True,True,True,True,False,False,False,False,verified
SUN_protect_MSUN_rollback,H1A2_1200:0669,660,O8Mg2S2,True,True,False,True,True,True,True,True,True,True,False,False,False,False,verified
SUN_protect_MSUN_rollback,H1A2_1200:0670,661,O6AlBa2Bi,True,True,False,True,True,True,True,True,True,True,False,True,False,True,verified
SUN_protect_MSUN_rollback,H1A2_1200:0671,662,O12Sr2In2Sm4,True,True,False,True,True,True,True,True,True,True,False,False,False,False,verified
SUN_protect_MSUN_rollback,H1A2_1200:0672,663,N2KCa,False,False,False,True,False,True,True,True,False,False,False,False,False,False,verified
SUN_protect_MSUN_rollback,H1A2_1200:0673,664,Ge6Ho10,True,True,False,True,True,True,True,True,True,True,False,True,False,True,verified
SUN_protect_MSUN_rollback,H1A2_1200:0674,665,Li2O8Mn2Co2,True,True,False,True,True,True,True,True,True,True,False,True,False,True,verified
SUN_protect_MSUN_rollback,H1A2_1200:0675,666,AlCu6Zr,True,True,False,True,True,True,True,True,True,True,False,True,False,True,verified
SUN_protect_MSUN_rollback,H1A2_1200:0676,667,Se2Zr4,True,True,False,True,True,True,True,True,True,True,False,False,False,False,verified
SUN_protect_MSUN_rollback,H1A2_1200:0677,668,Cu4As8Tb6,True,True,False,True,True,True,True,True,True,True,False,False,False,False,verified
SUN_protect_MSUN_rollback,H1A2_1200:0678,669,Sc6Co2Sn6,True,True,False,True,True,True,True,True,True,True,False,True,False,True,verified
SUN_protect_MSUN_rollback,H1A2_1200:0679,670,Ge4Pr2Au4,True,True,False,True,True,True,True,True,True,True,True,True,True,True,verified
SUN_protect_MSUN_rollback,H1A2_1200:0680,671,S2Ti2,True,True,False,True,True,True,True,True,True,True,False,False,False,False,verified
SUN_protect_MSUN_rollback,H1A2_1200:0681,672,Al6Co6U,True,True,False,True,True,True,True,True,True,True,False,False,False,False,verified
SUN_protect_MSUN_rollback,H1A2_1200:0682,673,O6YBa2La,True,True,False,True,True,True,True,True,True,True,False,False,False,False,verified
SUN_protect_MSUN_rollback,H1A2_1200:0683,674,H2Tc,True,True,False,True,True,True,True,True,True,True,True,True,True,True,verified
SUN_protect_MSUN_rollback,H1A2_1200:0684,675,S2Se2Mo4Te4,True,True,False,True,True,True,True,True,True,True,False,False,False,False,verified
SUN_protect_MSUN_rollback,H1A2_1200:0685,676,F12Co2Ni2,True,True,False,True,True,True,True,True,True,True,False,False,False,False,verified
SUN_protect_MSUN_rollback,H1A2_1200:0686,677,LiO8Mn2Cu3,True,True,False,True,True,True,True,True,True,True,False,True,False,True,verified
SUN_protect_MSUN_rollback,H1A2_1200:0687,678,O8Al2V2,True,True,False,True,True,True,True,True,True,True,False,True,False,True,verified
SUN_protect_MSUN_rollback,H1A2_1200:0688,679,GaTbHg2,True,True,False,True,True,True,True,True,True,True,False,True,False,True,verified
SUN_protect_MSUN_rollback,H1A2_1200:0689,680,O8Co4Rb2,False,True,True,True,True,True,True,True,True,False,False,True,False,True,verified
SUN_protect_MSUN_rollback,H1A2_1200:0691,682,F6K2Co,True,True,False,True,True,True,True,True,True,True,False,True,False,True,verified
SUN_protect_MSUN_rollback,H1A2_1200:0692,683,Ga6Y2Ru4,True,True,False,True,True,True,True,True,True,True,True,True,True,True,verified
SUN_protect_MSUN_rollback,H1A2_1200:0693,684,O6F6K2Fe4,True,True,False,True,True,True,True,True,True,True,False,False,False,False,verified
SUN_protect_MSUN_rollback,H1A2_1200:0694,685,Li4F10Ni2,True,True,False,True,True,True,True,True,True,True,False,True,False,True,verified
SUN_protect_MSUN_rollback,H1A2_1200:0695,686,Ni2Se4,True,True,False,True,True,True,True,True,True,True,False,True,False,True,verified
SUN_protect_MSUN_rollback,H1A2_1200:0696,687,Br6AgInCs2,True,True,False,True,True,True,True,True,True,True,True,True,True,True,verified
SUN_protect_MSUN_rollback,H1A2_1200:0697,688,Rh2InTb,True,True,False,True,True,True,True,True,True,True,False,True,False,True,verified
SUN_protect_MSUN_rollback,H1A2_1200:0698,689,Se8Gd4Tl2,True,True,False,True,True,True,True,True,True,True,False,True,False,True,verified
SUN_protect_MSUN_rollback,H1A2_1200:0699,690,S12La8,True,True,False,True,True,True,True,True,True,True,False,False,False,False,verified
SUN_protect_MSUN_rollback,H1A2_1200:0700,691,Li2N2Ce2,True,True,False,True,True,True,True,True,True,True,False,False,False,False,verified
SUN_protect_MSUN_rollback,H1A2_1200:0701,692,Na8Zn8,True,True,False,True,True,True,True,True,True,True,False,True,False,True,verified
SUN_protect_MSUN_rollback,H1A2_1200:0702,693,SnTh,True,True,False,True,True,True,True,True,True,True,True,True,True,True,verified
SUN_protect_MSUN_rollback,H1A2_1200:0703,694,B6Pr,False,False,False,True,False,True,True,True,False,False,True,True,True,True,verified
SUN_protect_MSUN_rollback,H1A2_1200:0704,695,Li2O12CrFeNb3,True,True,False,True,True,True,True,True,True,True,False,True,False,True,verified
SUN_protect_MSUN_rollback,H1A2_1200:0705,696,Ga2RhNd,True,True,False,True,True,True,True,True,True,True,False,True,False,True,verified
SUN_protect_MSUN_rollback,H1A2_1200:0706,697,O6FeSr2Nd,True,True,False,True,True,True,True,True,True,True,False,False,False,False,verified
SUN_protect_MSUN_rollback,H1A2_1200:0707,698,F6CoRb2,True,True,False,True,True,True,True,True,True,True,True,True,True,True,verified
SUN_protect_MSUN_rollback,H1A2_1200:0708,699,O8Ca2Ge2Ba2,True,True,False,True,True,True,True,True,True,True,False,True,False,True,verified
SUN_protect_MSUN_rollback,H1A2_1200:0709,700,Li3O8Mn2Co2,False,True,True,True,True,True,True,True,True,False,False,False,False,False,verified
SUN_protect_MSUN_rollback,H1A2_1200:0710,701,B6CaZr2,True,True,False,True,True,True,True,True,True,True,False,False,False,False,verified
SUN_protect_MSUN_rollback,H1A2_1200:0711,702,N2Mn4Fe2As4,True,True,False,True,True,True,True,True,True,True,False,False,False,False,verified
SUN_protect_MSUN_rollback,H1A2_1200:0712,703,Ni3Sb4Tb2,True,True,False,True,True,True,True,True,True,True,False,True,False,True,verified
SUN_protect_MSUN_rollback,H1A2_1200:0713,704,O3BaTb,True,True,False,True,True,True,True,True,True,True,False,False,False,False,verified
SUN_protect_MSUN_rollback,H1A2_1200:0714,705,F3AgTl,True,True,False,True,True,True,True,True,True,True,False,True,False,True,verified
SUN_protect_MSUN_rollback,H1A2_1200:0715,706,O6NaCu3Ba2,False,True,True,True,True,True,True,True,True,False,False,False,False,False,verified
SUN_protect_MSUN_rollback,H1A2_1200:0716,707,O12Ca4Mn4,True,True,False,True,True,True,True,True,True,True,False,False,False,False,verified
SUN_protect_MSUN_rollback,H1A2_1200:0717,708,AlSc3Rh3Sn3,True,True,False,True,True,True,True,True,True,True,False,True,False,True,verified
SUN_protect_MSUN_rollback,H1A2_1200:0718,709,O3MnHf,True,True,False,True,True,True,True,True,True,True,False,False,False,False,verified
SUN_protect_MSUN_rollback,H1A2_1200:0719,710,Cu2Se4Pr2,True,True,False,True,True,True,True,True,True,True,False,True,False,True,verified
SUN_protect_MSUN_rollback,H1A2_1200:0720,711,B4Rh3Gd2,False,False,False,True,False,True,True,True,False,False,False,False,False,False,verified
SUN_protect_MSUN_rollback,H1A2_1200:0721,712,H2O12Na2Te2,True,True,False,True,True,True,True,True,True,True,False,False,False,False,verified
SUN_protect_MSUN_rollback,H1A2_1200:0722,713,F12Sr2Tl4,True,True,False,True,True,True,True,True,True,True,False,True,False,True,verified
SUN_protect_MSUN_rollback,H1A2_1200:0723,714,Al4SrPr,True,True,False,True,True,True,True,True,True,True,False,True,False,True,verified
SUN_protect_MSUN_rollback,H1A2_1200:0724,715,S2CuSe2Sn2,True,True,False,True,True,True,True,True,True,True,False,False,False,False,verified
SUN_protect_MSUN_rollback,H1A2_1200:0725,716,O4Co2,True,True,False,True,True,True,True,True,True,True,False,False,False,False,verified
SUN_protect_MSUN_rollback,H1A2_1200:0726,717,O8S2V2,True,True,False,True,True,True,True,True,True,True,False,False,False,False,verified
SUN_protect_MSUN_rollback,H1A2_1200:0727,718,Cl6CuCs2Tl,True,True,False,True,True,True,True,True,True,True,False,True,False,True,verified
SUN_protect_MSUN_rollback,H1A2_1200:0728,719,CuInTe2,True,True,False,True,True,True,True,True,True,True,False,False,False,False,verified
SUN_protect_MSUN_rollback,H1A2_1200:0729,720,In2La2Pt4,True,True,False,True,True,True,True,True,True,True,False,True,False,True,verified
SUN_protect_MSUN_rollback,H1A2_1200:0730,721,Cd6I8,False,False,False,True,False,True,True,True,False,False,False,True,False,True,verified
SUN_protect_MSUN_rollback,H1A2_1200:0731,722,P4Fe4As4,True,True,False,True,True,True,True,True,True,True,False,True,False,True,verified
SUN_protect_MSUN_rollback,H1A2_1200:0733,723,N4Fe2Ba2,True,True,False,True,True,True,True,True,True,True,False,True,False,True,verified
SUN_protect_MSUN_rollback,H1A2_1200:0734,724,H6O6Ce2,True,True,False,True,True,True,True,True,True,True,False,False,False,False,verified
SUN_protect_MSUN_rollback,H1A2_1200:0735,725,O7F5V6,True,True,False,True,True,True,True,True,True,True,False,True,False,True,verified
SUN_protect_MSUN_rollback,H1A2_1200:0736,726,MgInTm2,True,True,False,True,True,True,False,False,False,False,True,True,False,False,verified
SUN_protect_MSUN_rollback,H1A2_1200:0737,727,Mg2I8Pr2,True,True,False,True,True,True,True,True,True,True,False,True,False,True,verified
SUN_protect_MSUN_rollback,H1A2_1200:0738,728,Hg8,True,True,False,True,True,True,True,True,True,True,False,True,False,True,verified
SUN_protect_MSUN_rollback,H1A2_1200:0739,729,P4Fe12,True,True,False,True,True,True,True,True,True,True,False,True,False,True,verified
SUN_protect_MSUN_rollback,H1A2_1200:0740,730,O10Mn4Y2,True,True,False,True,True,True,True,True,True,True,False,False,False,False,verified
SUN_protect_MSUN_rollback,H1A2_1200:0741,731,Y10Hg6,True,True,False,True,True,True,True,True,True,True,False,False,False,False,verified
SUN_protect_MSUN_rollback,H1A2_1200:0742,732,Ni2GaCe2,True,True,False,True,True,True,True,True,True,True,False,True,False,True,verified
SUN_protect_MSUN_rollback,H1A2_1200:0743,733,As8Hf6,True,True,False,True,True,True,True,True,True,True,True,True,True,True,verified
SUN_protect_MSUN_rollback,H1A2_1200:0744,734,Mg2NdLu,True,True,False,True,True,True,True,True,True,True,False,True,False,True,verified
SUN_protect_MSUN_rollback,H1A2_1200:0745,735,Mg4CaSm,True,True,False,True,True,True,True,True,True,True,False,True,False,True,verified
SUN_protect_MSUN_rollback,H1A2_1200:0746,736,Mg4P4Co4,True,True,False,True,True,True,True,True,True,True,False,False,False,False,verified
SUN_protect_MSUN_rollback,H1A2_1200:0747,737,O6K4Pb2,True,True,False,True,True,True,True,True,True,True,False,True,False,True,verified
SUN_protect_MSUN_rollback,H1A2_1200:0750,740,P3Mo5,False,True,True,True,True,True,True,True,True,False,False,True,False,True,verified
SUN_protect_MSUN_rollback,H1A2_1200:0751,741,Li2Mg4,True,True,False,True,True,True,True,True,True,True,False,True,False,True,verified
SUN_protect_MSUN_rollback,H1A2_1200:0752,742,Li2O10Co5Ni,True,True,False,True,True,True,True,True,True,True,False,False,False,False,verified
SUN_protect_MSUN_rollback,H1A2_1200:0753,743,O6Mn2Sr2Zr,True,True,False,True,True,True,True,True,True,True,False,False,False,False,verified
SUN_protect_MSUN_rollback,H1A2_1200:0754,744,O2F10V4,True,True,False,True,True,True,True,True,True,True,False,False,False,False,verified
SUN_protect_MSUN_rollback,H1A2_1200:0755,745,O10Ga2Sr2Tb2W2,True,True,False,True,True,True,True,True,True,True,False,False,False,False,verified
SUN_protect_MSUN_rollback,H1A2_1200:0756,746,Al4Sn4Ir4,True,True,False,True,True,True,True,True,True,True,False,False,False,False,verified
SUN_protect_MSUN_rollback,H1A2_1200:0757,747,Li2AgTl,True,True,False,True,True,True,True,True,True,True,False,True,False,True,verified
SUN_protect_MSUN_rollback,H1A2_1200:0758,748,S4Ga2Hg4,True,True,False,True,True,True,True,True,True,True,False,False,False,False,verified
SUN_protect_MSUN_rollback,H1A2_1200:0759,749,O6Fe2Bi2,True,True,False,True,True,True,False,False,False,False,False,True,False,False,verified
SUN_protect_MSUN_rollback,H1A2_1200:0760,750,O8V4,True,True,False,True,True,True,True,True,True,True,False,False,False,False,verified
SUN_protect_MSUN_rollback,H1A2_1200:0761,751,NaS2Cr,True,True,False,True,True,True,True,True,True,True,False,False,False,False,verified
SUN_protect_MSUN_rollback,H1A2_1200:0762,752,O12Sr4Bi2U2,True,True,False,True,True,True,True,True,True,True,False,True,False,True,verified
SUN_protect_MSUN_rollback,H1A2_1200:0763,753,C4Al2Cr2Y2,True,True,False,True,True,True,True,True,True,True,False,True,False,True,verified
SUN_protect_MSUN_rollback,H1A2_1200:0764,754,Li5O10Co2Ni3,True,True,False,True,True,True,True,True,True,True,False,True,False,True,verified
SUN_protect_MSUN_rollback,H1A2_1200:0765,755,Pd4Sn2Gd4,True,True,False,True,True,True,True,True,True,True,True,True,True,True,verified
SUN_protect_MSUN_rollback,H1A2_1200:0766,756,O12Ca4Pr4,True,True,False,True,True,True,True,True,True,True,False,False,False,False,verified
SUN_protect_MSUN_rollback,H1A2_1200:0767,757,KBr6Cs2Nd,True,True,False,True,True,True,True,True,True,True,True,True,True,True,verified
SUN_protect_MSUN_rollback,H1A2_1200:0768,758,Li2Br4,False,False,False,True,False,True,True,True,False,False,False,False,False,False,verified
SUN_protect_MSUN_rollback,H1A2_1200:0769,759,Cl6Rb2,False,False,False,True,False,True,True,True,False,False,False,False,False,False,verified
SUN_protect_MSUN_rollback,H1A2_1200:0770,760,Mn2RuRe,True,True,False,True,True,True,True,True,True,True,False,True,False,True,verified
SUN_protect_MSUN_rollback,H1A2_1200:0771,761,Ge4Ru4Lu4,True,True,False,True,True,True,True,True,True,True,True,True,True,True,verified
SUN_protect_MSUN_rollback,H1A2_1200:0772,762,Mn4Sn4Er4,True,True,False,True,True,True,True,True,True,True,False,False,False,False,verified
SUN_protect_MSUN_rollback,H1A2_1200:0773,763,Si2Fe2Er,True,True,False,True,True,True,True,True,True,True,True,True,True,True,verified
SUN_protect_MSUN_rollback,H1A2_1200:0774,764,Si6Y6Ag6,False,False,False,True,False,True,True,True,False,False,False,False,False,False,verified
SUN_protect_MSUN_rollback,H1A2_1200:0775,765,O12Co4Ba2U2,True,True,False,True,True,True,True,True,True,True,False,False,False,False,verified
SUN_protect_MSUN_rollback,H1A2_1200:0776,766,O6Sr2Sm2,True,True,False,True,True,True,True,True,True,True,False,False,False,False,verified
SUN_protect_MSUN_rollback,H1A2_1200:0777,767,O12CaSr3La3Pb,True,True,False,True,True,True,True,True,True,True,False,True,False,True,verified
SUN_protect_MSUN_rollback,H1A2_1200:0778,768,O4Na2Cd2,False,False,False,True,False,True,True,True,False,False,False,True,False,True,verified
SUN_protect_MSUN_rollback,H1A2_1200:0779,769,Mg2Cd4,True,True,False,True,True,True,True,True,True,True,False,True,False,True,verified
SUN_protect_MSUN_rollback,H1A2_1200:0780,770,N2O2S2Tm2,True,True,False,True,True,True,True,True,True,True,False,False,False,False,verified
SUN_protect_MSUN_rollback,H1A2_1200:0781,771,O7Co2Sr2Hf,True,True,False,True,True,True,True,True,True,True,False,False,False,False,verified
SUN_protect_MSUN_rollback,H1A2_1200:0782,772,O12Ni4Te4,True,True,False,True,True,True,True,True,True,True,False,True,False,True,verified
SUN_protect_MSUN_rollback,H1A2_1200:0783,773,Sn5Tb3,True,True,False,True,True,True,True,True,True,True,False,True,False,True,verified
SUN_protect_MSUN_rollback,H1A2_1200:0784,774,Cd3Er3Pb3,True,True,False,True,True,True,True,True,True,True,True,True,True,True,verified
SUN_protect_MSUN_rollback,H1A2_1200:0785,775,O2Cl2Hg2,True,True,False,True,True,True,True,True,True,True,False,False,False,False,verified
SUN_protect_MSUN_rollback,H1A2_1200:0786,776,O2SePr2,True,True,False,True,True,True,True,True,True,True,True,True,True,True,verified
SUN_protect_MSUN_rollback,H1A2_1200:0787,777,Li4O8W2,True,True,False,True,True,True,True,True,True,True,False,False,False,False,verified
SUN_protect_MSUN_rollback,H1A2_1200:0788,778,Mg3Ga3Pt3,True,True,False,True,True,True,True,True,True,True,True,True,True,True,verified
SUN_protect_MSUN_rollback,H1A2_1200:0789,779,F14Ca2Cu4,False,True,True,True,True,True,True,True,True,False,False,True,False,True,verified
SUN_protect_MSUN_rollback,H1A2_1200:0790,780,H2Li2O8Re2,True,True,False,True,True,True,True,True,True,True,False,False,False,False,invalid_terminal
SUN_protect_MSUN_rollback,H1A2_1200:0792,782,MgCdLa2,True,True,False,True,True,True,True,True,True,True,False,True,False,True,verified
SUN_protect_MSUN_rollback,H1A2_1200:0793,783,O6Ca2Sr2Sb2,True,True,False,True,True,True,True,True,True,True,False,False,False,False,verified
SUN_protect_MSUN_rollback,H1A2_1200:0794,784,S8V4Ni,True,True,False,True,True,True,True,True,True,True,False,False,False,False,verified
SUN_protect_MSUN_rollback,H1A2_1200:0795,785,Sc4Co4As4,True,True,False,True,True,True,True,True,True,True,False,False,False,False,verified
SUN_protect_MSUN_rollback,H1A2_1200:0796,786,Ti4Ni4Ga4,True,True,False,True,True,True,True,True,True,True,False,False,False,False,verified
SUN_protect_MSUN_rollback,H1A2_1200:0797,787,Y6Pt2,True,True,False,True,True,True,True,True,True,True,False,True,False,True,verified
SUN_protect_MSUN_rollback,H1A2_1200:0798,788,Cl6AgTl3,True,True,False,True,True,True,True,True,True,True,False,True,False,True,verified
SUN_protect_MSUN_rollback,H1A2_1200:0799,789,Ge6Tb2Au2,True,True,False,True,True,True,True,True,True,True,False,False,False,False,verified
SUN_protect_MSUN_rollback,H1A2_1200:0800,790,CoGe4Sm2,True,True,False,True,True,True,True,True,True,True,False,False,False,False,verified
SUN_protect_MSUN_rollback,H1A2_1200:0801,791,Mg2Se8Gd4,True,True,False,True,True,True,True,True,True,True,False,True,False,True,verified
SUN_protect_MSUN_rollback,H1A2_1200:0802,792,MnNi4,True,True,False,True,True,True,True,True,True,True,False,False,False,False,verified
SUN_protect_MSUN_rollback,H1A2_1200:0803,793,O6Na2Sb2,True,True,False,True,True,True,True,True,True,True,False,False,False,False,verified
SUN_protect_MSUN_rollback,H1A2_1200:0804,794,In2NdTl,True,True,False,True,True,True,True,True,True,True,False,False,False,False,verified
SUN_protect_MSUN_rollback,H1A2_1200:0805,795,Li2O8Si2Ca2,False,False,False,True,False,True,True,True,False,False,False,False,False,False,verified
SUN_protect_MSUN_rollback,H1A2_1200:0806,796,O2F10Fe6,True,True,False,True,True,True,True,True,True,True,False,True,False,True,verified
SUN_protect_MSUN_rollback,H1A2_1200:0807,797,S4Se2Nb3,True,True,False,True,True,True,True,True,True,True,False,False,False,False,verified
SUN_protect_MSUN_rollback,H1A2_1200:0808,798,Sc2Co6Sn6,True,True,False,True,True,True,True,True,True,True,False,True,False,True,verified
SUN_protect_MSUN_rollback,H1A2_1200:0809,799,Mg2TmLu,True,True,False,True,True,True,True,True,True,True,True,True,True,True,verified
SUN_protect_MSUN_rollback,H1A2_1200:0810,800,PmPt2Bi,False,False,False,True,False,True,True,True,False,False,True,True,True,True,verified
SUN_protect_MSUN_rollback,H1A2_1200:0811,801,O7Cs2U2,True,True,False,True,True,True,True,True,True,True,False,True,False,True,verified
SUN_protect_MSUN_rollback,H1A2_1200:0812,802,Rh3Sn3Hf3,True,True,False,True,True,True,True,True,True,True,True,True,True,True,verified
SUN_protect_MSUN_rollback,H1A2_1200:0813,803,Al4Zr4Pd4,True,True,False,True,True,True,True,True,True,True,True,True,True,True,verified
SUN_protect_MSUN_rollback,H1A2_1200:0814,804,Co2MoW,True,True,False,True,True,True,True,True,True,True,False,False,False,False,verified
SUN_protect_MSUN_rollback,H1A2_1200:0815,805,O8Si2Cu4,True,True,False,True,True,True,True,True,True,True,False,False,False,False,verified
SUN_protect_MSUN_rollback,H1A2_1200:0816,806,O6SbBa2Sm,True,True,False,True,True,True,True,True,True,True,False,True,False,True,verified
SUN_protect_MSUN_rollback,H1A2_1200:0817,807,Fe16Y2,True,True,False,True,True,True,True,True,True,True,False,True,False,True,verified
SUN_protect_MSUN_rollback,H1A2_1200:0818,808,MnCo3Zr6,True,True,False,True,True,True,True,True,True,True,False,True,False,True,verified
SUN_protect_MSUN_rollback,H1A2_1200:0819,809,O6Na6,True,True,False,True,True,True,True,True,True,True,False,False,False,False,verified
SUN_protect_MSUN_rollback,H1A2_1200:0820,810,Si6Ru6Nd2,False,False,False,True,False,True,True,True,False,False,False,False,False,False,verified
SUN_protect_MSUN_rollback,H1A2_1200:0821,811,In6Gd2,True,True,False,True,True,True,True,True,True,True,False,True,False,True,verified
SUN_protect_MSUN_rollback,H1A2_1200:0822,812,B6YRh10,True,True,False,True,True,True,True,True,True,True,False,True,False,True,verified
SUN_protect_MSUN_rollback,H1A2_1200:0823,813,Al2TiFe12Ge4,True,True,False,True,True,True,True,True,True,True,False,False,False,False,verified
SUN_protect_MSUN_rollback,H1A2_1200:0825,815,O2Na2Zn2,False,False,False,True,False,True,True,True,False,False,False,False,False,False,verified
SUN_protect_MSUN_rollback,H1A2_1200:0827,816,B4O12Mn3Y,True,True,False,True,True,True,True,True,True,True,False,False,False,False,verified
SUN_protect_MSUN_rollback,H1A2_1200:0828,817,Fe2As2Lu,True,True,False,True,True,True,True,True,True,True,False,True,False,True,verified
SUN_protect_MSUN_rollback,H1A2_1200:0829,818,N4O4P4,True,True,False,True,True,True,True,True,True,True,False,True,False,True,verified
SUN_protect_MSUN_rollback,H1A2_1200:0830,819,Li6O10Ti2Co2,True,True,False,True,True,True,True,True,True,True,False,False,False,False,verified
SUN_protect_MSUN_rollback,H1A2_1200:0831,820,In4Pm2,False,False,False,True,False,True,True,True,False,False,True,True,True,True,verified
SUN_protect_MSUN_rollback,H1A2_1200:0832,821,Li4OF11Mn3,True,True,False,True,True,True,True,True,True,True,False,True,False,True,verified
SUN_protect_MSUN_rollback,H1A2_1200:0833,822,SnCe3,True,True,False,True,True,True,True,True,True,True,False,True,False,True,verified
SUN_protect_MSUN_rollback,H1A2_1200:0834,823,B6Nb12,True,True,False,True,True,True,True,True,True,True,False,False,False,False,verified
SUN_protect_MSUN_rollback,H1A2_1200:0835,824,Cd2In2Dy2,True,True,False,True,True,True,True,True,True,True,False,True,False,True,verified
SUN_protect_MSUN_rollback,H1A2_1200:0836,825,Al2S8Cu4,False,True,True,True,True,True,True,True,True,False,False,False,False,False,verified
SUN_protect_MSUN_rollback,H1A2_1200:0837,826,Se8Lu4,True,True,False,True,True,True,True,True,True,True,False,True,False,True,verified
SUN_protect_MSUN_rollback,H1A2_1200:0838,827,Si4Sr8Pd4,False,False,False,True,False,True,True,True,False,False,False,True,False,True,verified
SUN_protect_MSUN_rollback,H1A2_1200:0839,828,Ni2Ge2La,True,True,False,True,True,True,True,True,True,True,True,True,True,True,verified
SUN_protect_MSUN_rollback,H1A2_1200:0840,829,Rh2InTh,True,True,False,True,True,True,True,True,True,True,True,True,True,True,verified
SUN_protect_MSUN_rollback,H1A2_1200:0841,830,O8MgCu4,False,True,True,True,True,True,True,True,True,False,False,False,False,False,verified
SUN_protect_MSUN_rollback,H1A2_1200:0842,831,Li2O8V6,True,True,False,True,True,True,False,False,False,False,False,True,False,False,verified
SUN_protect_MSUN_rollback,H1A2_1200:0843,832,HgTl5,True,True,False,True,True,True,True,True,True,True,False,True,False,True,verified
SUN_protect_MSUN_rollback,H1A2_1200:0844,833,Ga2Se6Hf4,True,True,False,True,True,True,True,True,True,True,False,False,False,False,verified
SUN_protect_MSUN_rollback,H1A2_1200:0845,834,O6Ca2Co2,True,True,False,True,True,True,True,True,True,True,False,True,False,True,verified
SUN_protect_MSUN_rollback,H1A2_1200:0846,835,Si2ScRh2,False,False,False,True,False,True,True,True,False,False,True,True,True,True,verified
SUN_protect_MSUN_rollback,H1A2_1200:0847,836,O6Ba2ReU,True,True,False,True,True,True,True,True,True,True,False,False,False,False,verified
SUN_protect_MSUN_rollback,H1A2_1200:0848,837,O6Na3NbEu,True,True,False,True,True,True,True,True,True,True,False,False,False,False,verified
SUN_protect_MSUN_rollback,H1A2_1200:0850,839,O10Ca3Sn4,False,True,True,True,True,True,True,True,True,False,False,False,False,False,verified
SUN_protect_MSUN_rollback,H1A2_1200:0851,840,O2F2Eu2,True,True,False,True,True,True,True,True,True,True,False,True,False,True,verified
SUN_protect_MSUN_rollback,H1A2_1200:0852,841,O12P2K2Mn2Nd2,True,True,False,True,True,True,True,True,True,True,False,False,False,False,verified
SUN_protect_MSUN_rollback,H1A2_1200:0853,842,P12Sm4,True,True,False,True,True,True,True,True,True,True,False,True,False,True,verified
SUN_protect_MSUN_rollback,H1A2_1200:0854,843,O12Ti2V2La4,True,True,False,True,True,True,True,True,True,True,False,False,False,False,verified
SUN_protect_MSUN_rollback,H1A2_1200:0855,844,Si6Ca4,False,False,False,True,False,True,True,True,False,False,False,True,False,True,verified
SUN_protect_MSUN_rollback,H1A2_1200:0856,845,Li2O6V2Fe2,True,True,False,True,True,True,True,True,True,True,False,True,False,True,verified
SUN_protect_MSUN_rollback,H1A2_1200:0857,846,Li4S8Co4,True,True,False,True,True,True,True,True,True,True,False,False,False,False,verified
SUN_protect_MSUN_rollback,H1A2_1200:0858,847,S8As4Ag2,True,True,False,True,True,True,True,True,True,True,False,True,False,True,verified
SUN_protect_MSUN_rollback,H1A2_1200:0859,848,O6K3PdSn,True,True,False,True,True,True,True,True,True,True,True,True,True,True,verified
SUN_protect_MSUN_rollback,H1A2_1200:0860,849,N2O6K2Ba,True,True,False,True,True,True,True,True,True,True,False,False,False,False,verified
SUN_protect_MSUN_rollback,H1A2_1200:0861,850,Li4F12Fe2,True,True,False,True,True,True,True,True,True,True,True,True,True,True,verified
SUN_protect_MSUN_rollback,H1A2_1200:0862,851,P4Rh4,True,True,False,True,True,True,True,True,True,True,False,True,False,True,verified
SUN_protect_MSUN_rollback,H1A2_1200:0863,852,YPmTl2,False,False,False,True,False,True,True,True,False,False,True,True,True,True,verified
SUN_protect_MSUN_rollback,H1A2_1200:0864,853,Ge2LaPt2,True,True,False,True,True,True,True,True,True,True,False,True,False,True,verified
SUN_protect_MSUN_rollback,H1A2_1200:0865,854,As2Pd2Er,False,False,False,True,False,True,True,True,False,False,False,True,False,True,verified
SUN_protect_MSUN_rollback,H1A2_1200:0866,855,S2Se6W3,False,True,True,True,True,True,True,True,True,False,False,False,False,False,invalid_terminal
SUN_protect_MSUN_rollback,H1A2_1200:0867,856,O12V4Sn4,True,True,False,True,True,True,True,True,True,True,False,False,False,False,verified
SUN_protect_MSUN_rollback,H1A2_1200:0868,857,Si4Ag8Er4,False,False,False,True,False,True,True,True,False,False,False,False,False,False,verified
SUN_protect_MSUN_rollback,H1A2_1200:0870,859,O4YU,True,True,False,True,True,True,True,True,True,True,False,True,False,True,verified
SUN_protect_MSUN_rollback,H1A2_1200:0871,860,O8Cu2Te2,True,True,False,True,True,True,True,True,True,True,False,True,False,True,verified
SUN_protect_MSUN_rollback,H1A2_1200:0872,861,SiCo7Nd2,True,True,False,True,True,True,True,True,True,True,False,False,False,False,verified
SUN_protect_MSUN_rollback,H1A2_1200:0873,862,K6Sn4Te10,False,True,True,True,True,True,True,True,True,False,False,True,False,True,verified
SUN_protect_MSUN_rollback,H1A2_1200:0874,863,Li3O8F2Fe4,False,True,True,True,True,True,True,True,True,False,False,False,False,False,verified
SUN_protect_MSUN_rollback,H1A2_1200:0875,864,Co9Ga4Ge2,True,True,False,True,True,True,True,True,True,True,False,True,False,True,verified
SUN_protect_MSUN_rollback,H1A2_1200:0876,865,Sb6U4,True,True,False,True,True,True,True,True,True,True,False,True,False,True,verified
SUN_protect_MSUN_rollback,H1A2_1200:0877,866,P2Ag2Tl2,True,True,False,True,True,True,True,True,True,True,False,False,False,False,verified
SUN_protect_MSUN_rollback,H1A2_1200:0879,868,LiZn2Se4,False,False,False,True,False,True,True,True,False,False,False,True,False,True,verified
SUN_protect_MSUN_rollback,H1A2_1200:0880,869,O3Cd2,False,False,False,True,False,True,True,True,False,False,False,False,False,False,verified
SUN_protect_MSUN_rollback,H1A2_1200:0881,870,S8Ca4Tl4,True,True,False,True,True,True,True,True,True,True,False,True,False,True,verified
SUN_protect_MSUN_rollback,H1A2_1200:0882,871,ScHf,True,True,False,True,True,True,False,False,False,False,False,True,False,False,verified
SUN_protect_MSUN_rollback,H1A2_1200:0883,872,O12Cr4Sm4,True,True,False,True,True,True,True,True,True,True,False,True,False,True,verified
SUN_protect_MSUN_rollback,H1A2_1200:0884,873,Cl4Cu2,True,True,False,True,True,True,True,True,True,True,False,True,False,True,verified
SUN_protect_MSUN_rollback,H1A2_1200:0885,874,CCo9Ga,False,False,False,True,False,True,True,True,False,False,False,True,False,True,verified
SUN_protect_MSUN_rollback,H1A2_1200:0887,876,Ca2Zr4,True,True,False,True,True,True,True,True,True,True,False,False,False,False,verified
SUN_protect_MSUN_rollback,H1A2_1200:0888,877,Al4S12Sr4,False,False,False,True,False,True,True,True,False,False,False,False,False,False,verified
SUN_protect_MSUN_rollback,H1A2_1200:0889,878,S10Ti2Sn4,True,True,False,True,True,True,True,True,True,True,False,True,False,True,verified
SUN_protect_MSUN_rollback,H1A2_1200:0890,879,Al2Ge6Eu4,True,True,False,True,True,True,True,True,True,True,False,True,False,True,verified
SUN_protect_MSUN_rollback,H1A2_1200:0891,880,Li2MgGe,True,True,False,True,True,True,True,True,True,True,False,True,False,True,verified
SUN_protect_MSUN_rollback,H1A2_1200:0892,881,O4F8K4V2,True,True,False,True,True,True,True,True,True,True,False,True,False,True,verified
SUN_protect_MSUN_rollback,H1A2_1200:0893,882,P4Ni4Pr4,True,True,False,True,True,True,True,True,True,True,False,True,False,True,verified
SUN_protect_MSUN_rollback,H1A2_1200:0894,883,Ag3Lu,True,True,False,True,True,True,True,True,True,True,True,True,True,True,verified
SUN_protect_MSUN_rollback,H1A2_1200:0895,884,InI6Cs2,False,False,False,True,False,True,True,True,False,False,True,True,True,True,verified
SUN_protect_MSUN_rollback,H1A2_1200:0896,885,Li8P4,True,True,False,True,True,True,True,True,True,True,False,False,False,False,verified
SUN_protect_MSUN_rollback,H1A2_1200:0897,886,O6SrBa2U,True,True,False,True,True,True,True,True,True,True,False,True,False,True,verified
SUN_protect_MSUN_rollback,H1A2_1200:0898,887,Si8Ti2Co4,True,True,False,True,True,True,True,True,True,True,False,False,False,False,verified
SUN_protect_MSUN_rollback,H1A2_1200:0899,888,O4Rb2Nd2,True,True,False,True,True,True,True,True,True,True,False,False,False,False,verified
SUN_protect_MSUN_rollback,H1A2_1200:0900,889,O4Ti4,True,True,False,True,True,True,True,True,True,True,False,False,False,False,verified
SUN_protect_MSUN_rollback,H1A2_1200:0901,890,Zn10As2,False,False,False,True,False,True,True,True,False,False,False,True,False,True,verified
SUN_protect_MSUN_rollback,H1A2_1200:0902,891,O8F4V6,True,True,False,True,True,True,True,True,True,True,False,True,False,True,verified
SUN_protect_MSUN_rollback,H1A2_1200:0903,892,O8K2Hf4,False,False,False,True,False,True,True,True,False,False,False,False,False,False,verified
SUN_protect_MSUN_rollback,H1A2_1200:0904,893,Cu5YIn,True,True,False,True,True,True,True,True,True,True,False,True,False,True,verified
SUN_protect_MSUN_rollback,H1A2_1200:0905,894,Li2F10Mn2,True,True,False,True,True,True,True,True,True,True,False,True,False,True,verified
SUN_protect_MSUN_rollback,H1A2_1200:0906,895,Al4Mn4,True,True,False,True,True,True,True,True,True,True,False,False,False,False,verified
SUN_protect_MSUN_rollback,H1A2_1200:0907,896,Li2O8Ti3Fe,True,True,False,True,True,True,True,True,True,True,False,False,False,False,verified
SUN_protect_MSUN_rollback,H1A2_1200:0908,897,As4Ba2,True,True,False,True,True,True,True,True,True,True,False,True,False,True,verified
SUN_protect_MSUN_rollback,H1A2_1200:0909,898,O12Fe2Cu2Ba2Nd2,True,True,False,True,True,True,True,True,True,True,False,True,False,True,verified
SUN_protect_MSUN_rollback,H1A2_1200:0910,899,O4PdHf,True,True,False,True,True,True,True,True,True,True,False,True,False,True,verified
SUN_protect_MSUN_rollback,H1A2_1200:0911,900,Mg2InCe,True,True,False,True,True,True,True,True,True,True,False,True,False,True,verified
SUN_protect_MSUN_rollback,H1A2_1200:0912,901,O12Ti2Rh3U2,True,True,False,True,True,True,True,True,True,True,False,False,False,False,verified
SUN_protect_MSUN_rollback,H1A2_1200:0913,902,O4F8Fe4,True,True,False,True,True,True,True,True,True,True,False,False,False,False,verified
SUN_protect_MSUN_rollback,H1A2_1200:0914,903,MnNi,True,True,False,True,True,True,True,True,True,True,False,True,False,True,verified
SUN_protect_MSUN_rollback,H1A2_1200:0915,904,Se2Sn2,True,True,False,True,True,True,True,True,True,True,False,True,False,True,verified
SUN_protect_MSUN_rollback,H1A2_1200:0916,905,Al2Ce,True,True,False,True,True,True,True,True,True,True,False,True,False,True,verified
SUN_protect_MSUN_rollback,H1A2_1200:0919,907,O10F2Mg2S2K4,True,True,False,True,True,True,True,True,True,True,False,False,False,False,verified
SUN_protect_MSUN_rollback,H1A2_1200:0920,908,Si6Fe6Ho,False,True,True,True,True,True,True,True,True,False,False,False,False,False,verified
SUN_protect_MSUN_rollback,H1A2_1200:0921,909,Ca3Cd3Tl3,True,True,False,True,True,True,True,True,True,True,False,True,False,True,verified
SUN_protect_MSUN_rollback,H1A2_1200:0922,910,LiO8V6,False,True,True,True,True,True,True,True,True,False,False,True,False,True,verified
SUN_protect_MSUN_rollback,H1A2_1200:0923,911,B6Mg2Pr,True,True,False,True,True,True,True,True,True,True,False,False,False,False,verified
SUN_protect_MSUN_rollback,H1A2_1200:0924,912,Mg2Ca4,True,True,False,True,True,True,True,True,True,True,False,True,False,True,verified
SUN_protect_MSUN_rollback,H1A2_1200:0925,913,Co9Ga6Hf3,True,True,False,True,True,True,True,True,True,True,False,False,False,False,verified
SUN_protect_MSUN_rollback,H1A2_1200:0926,914,B6Co3Nb3,True,True,False,True,True,True,True,True,True,True,False,False,False,False,verified
SUN_protect_MSUN_rollback,H1A2_1200:0927,915,Li4O6Ni3,False,True,True,True,True,True,True,True,True,False,False,False,False,False,verified
SUN_protect_MSUN_rollback,H1A2_1200:0928,916,S8Ni4Zn2,True,True,False,True,True,True,True,True,True,True,False,False,False,False,verified
SUN_protect_MSUN_rollback,H1A2_1200:0929,917,Cu2Sn4Nd2,True,True,False,True,True,True,True,True,True,True,False,True,False,True,verified
SUN_protect_MSUN_rollback,H1A2_1200:0930,918,Si6Co4La2,True,True,False,True,True,True,True,True,True,True,False,True,False,True,verified
SUN_protect_MSUN_rollback,H1A2_1200:0932,920,O12Mn2Fe2Tm4,True,True,False,True,True,True,True,True,True,True,False,False,False,False,verified
SUN_protect_MSUN_rollback,H1A2_1200:0933,921,Ge4Rh4Ho4,True,True,False,True,True,True,True,True,True,True,True,True,True,True,verified
SUN_protect_MSUN_rollback,H1A2_1200:0934,922,Se6La2Lu2,True,True,False,True,True,True,True,True,True,True,False,True,False,True,verified
SUN_protect_MSUN_rollback,H1A2_1200:0935,923,Mg2Ca4,True,True,False,True,True,True,True,True,True,True,False,True,False,True,verified
SUN_protect_MSUN_rollback,H1A2_1200:0936,924,Ga4Pd8Eu4,True,True,False,True,True,True,True,True,True,True,False,True,False,True,verified
SUN_protect_MSUN_rollback,H1A2_1200:0937,925,InNd2Hg,True,True,False,True,True,True,True,True,True,True,True,True,True,True,verified
SUN_protect_MSUN_rollback,H1A2_1200:0938,926,O8Al2Si2K2,True,True,False,True,True,True,True,True,True,True,False,False,False,False,verified
SUN_protect_MSUN_rollback,H1A2_1200:0939,927,S8Fe4Co2,True,True,False,True,True,True,True,True,True,True,False,False,False,False,verified
SUN_protect_MSUN_rollback,H1A2_1200:0940,928,B6Rh2Tm,False,False,False,True,False,True,True,True,False,False,False,True,False,True,verified
SUN_protect_MSUN_rollback,H1A2_1200:0941,929,Al4Eu2,True,True,False,True,True,True,False,False,False,False,True,True,False,False,verified
SUN_protect_MSUN_rollback,H1A2_1200:0942,930,C2Se8Tm6,True,True,False,True,True,True,True,True,True,True,False,False,False,False,verified
SUN_protect_MSUN_rollback,H1A2_1200:0943,931,H8O4Tc2,False,False,False,True,False,True,True,True,False,False,False,False,False,False,verified
SUN_protect_MSUN_rollback,H1A2_1200:0944,932,Sn6Lu10,True,True,False,True,True,True,True,True,True,True,False,True,False,True,verified
SUN_protect_MSUN_rollback,H1A2_1200:0945,933,H6Li2O6K2,False,False,False,True,False,True,True,True,False,False,False,False,False,False,verified
SUN_protect_MSUN_rollback,H1A2_1200:0946,934,O8Fe2YBa2,True,True,False,True,True,True,True,True,True,True,False,False,False,False,verified
SUN_protect_MSUN_rollback,H1A2_1200:0947,935,Mg2I12Tl4,True,True,False,True,True,True,True,True,True,True,True,True,True,True,verified
SUN_protect_MSUN_rollback,H1A2_1200:0948,936,O8Sc2Mo2,True,True,False,True,True,True,True,True,True,True,False,True,False,True,verified
SUN_protect_MSUN_rollback,H1A2_1200:0949,937,O12Y4Dy4,True,True,False,True,True,True,True,True,True,True,False,False,False,False,verified
SUN_protect_MSUN_rollback,H1A2_1200:0950,938,Cu4In2Ce4,True,True,False,True,True,True,True,True,True,True,False,False,False,False,verified
SUN_protect_MSUN_rollback,H1A2_1200:0951,939,CdAu2,True,True,False,True,True,True,True,True,True,True,False,True,False,True,verified
SUN_protect_MSUN_rollback,H1A2_1200:0952,940,Rh2SmTm,True,True,False,True,True,True,True,True,True,True,False,True,False,True,verified
SUN_protect_MSUN_rollback,H1A2_1200:0953,941,Si2Ni6Sm2,False,False,False,True,False,True,True,True,False,False,False,True,False,True,verified
SUN_protect_MSUN_rollback,H1A2_1200:0954,942,Mg4Zn2,True,True,False,True,True,True,True,True,True,True,False,True,False,True,verified
SUN_protect_MSUN_rollback,H1A2_1200:0955,943,O4Sr2InBi,True,True,False,True,True,True,True,True,True,True,False,False,False,False,verified
SUN_protect_MSUN_rollback,H1A2_1200:0956,944,CuAg2Eu,True,True,False,True,True,True,True,True,True,True,False,True,False,True,verified
SUN_protect_MSUN_rollback,H1A2_1200:0957,945,S4Br2Ta2,True,True,False,True,True,True,True,True,True,True,False,True,False,True,verified
SUN_protect_MSUN_rollback,H1A2_1200:0958,946,O8P2Fe2,True,True,False,True,True,True,True,True,True,True,False,False,False,False,verified
SUN_protect_MSUN_rollback,H1A2_1200:0959,947,LiF6AgCs2,True,True,False,True,True,True,True,True,True,True,False,True,False,True,verified
SUN_protect_MSUN_rollback,H1A2_1200:0960,948,Co8Ga4Sm2,True,True,False,True,True,True,True,True,True,True,False,True,False,True,verified
SUN_protect_MSUN_rollback,H1A2_1200:0961,949,Ni3InTm2,True,True,False,True,True,True,True,True,True,True,False,True,False,True,verified
SUN_protect_MSUN_rollback,H1A2_1200:0962,950,Cl6AgCs2Au,True,True,False,True,True,True,True,True,True,True,False,True,False,True,verified
SUN_protect_MSUN_rollback,H1A2_1200:0963,951,Al6Mo2,True,True,False,True,True,True,True,True,True,True,False,True,False,True,verified
SUN_protect_MSUN_rollback,H1A2_1200:0964,952,Na8Pd4,True,True,False,True,True,True,True,True,True,True,False,True,False,True,verified
SUN_protect_MSUN_rollback,H1A2_1200:0965,953,Co4Nb4Lu4,True,True,False,True,True,True,True,True,True,True,False,True,False,True,verified
SUN_protect_MSUN_rollback,H1A2_1200:0966,954,Li4O8Co4,True,True,False,True,True,True,True,True,True,True,False,False,False,False,verified
SUN_protect_MSUN_rollback,H1A2_1200:0967,955,SiMn2Ir,False,False,False,True,False,True,True,True,False,False,False,False,False,False,invalid_terminal
SUN_protect_MSUN_rollback,H1A2_1200:0968,956,O6Na4Cd2,False,False,False,True,False,True,True,True,False,False,False,False,False,False,verified
SUN_protect_MSUN_rollback,H1A2_1200:0969,957,Cu4Sn4Sm2,True,True,False,True,True,True,True,True,True,True,False,True,False,True,verified
SUN_protect_MSUN_rollback,H1A2_1200:0970,958,Si12NdU,False,False,False,True,False,True,True,True,False,False,False,False,False,False,verified
SUN_protect_MSUN_rollback,H1A2_1200:0971,959,O12Ti4Ni4,True,True,False,True,True,True,True,True,True,True,False,False,False,False,verified
SUN_protect_MSUN_rollback,H1A2_1200:0972,960,H8Y2,True,True,False,True,True,True,True,True,True,True,False,False,False,False,verified
SUN_protect_MSUN_rollback,H1A2_1200:0973,961,H4O4Br4Cs4,True,True,False,True,True,True,True,True,True,True,False,False,False,False,invalid_terminal
SUN_protect_MSUN_rollback,H1A2_1200:0974,962,Mg2SnTb,True,True,False,True,True,True,True,True,True,True,False,True,False,True,verified
SUN_protect_MSUN_rollback,H1A2_1200:0976,964,B2O6Zr2,True,True,False,True,True,True,True,True,True,True,False,False,False,False,verified
SUN_protect_MSUN_rollback,H1A2_1200:0977,965,O2Rb6Bi2,True,True,False,True,True,True,True,True,True,True,False,False,False,False,verified
SUN_protect_MSUN_rollback,H1A2_1200:0978,966,MgNdAu2,True,True,False,True,True,True,True,True,True,True,True,True,True,True,verified
SUN_protect_MSUN_rollback,H1A2_1200:0979,967,Al6Ce10,True,True,False,True,True,True,True,True,True,True,False,True,False,True,verified
SUN_protect_MSUN_rollback,H1A2_1200:0980,968,K3CaI6Pr,False,False,False,True,False,True,True,True,False,False,False,True,False,True,verified
SUN_protect_MSUN_rollback,H1A2_1200:0981,969,Mn6Ge2Sn4Er,True,True,False,True,True,True,True,True,True,True,False,True,False,True,verified
SUN_protect_MSUN_rollback,H1A2_1200:0982,970,YRuTl2,True,True,False,True,True,True,True,True,True,True,False,False,False,False,verified
SUN_protect_MSUN_rollback,H1A2_1200:0983,971,Al3Cu2Tb,True,True,False,True,True,True,True,True,True,True,False,True,False,True,verified
SUN_protect_MSUN_rollback,H1A2_1200:0984,972,Sn6Ba10,True,True,False,True,True,True,True,True,True,True,False,False,False,False,verified
SUN_protect_MSUN_rollback,H1A2_1200:0985,973,Si4Ti8,True,True,False,True,True,True,True,True,True,True,False,True,False,True,verified
SUN_protect_MSUN_rollback,H1A2_1200:0986,974,Li6O10Mn4,True,True,False,True,True,True,True,True,True,True,False,False,False,False,verified
SUN_protect_MSUN_rollback,H1A2_1200:0987,975,Al2Fe10Nd,True,True,False,True,True,True,True,True,True,True,False,True,False,True,verified
SUN_protect_MSUN_rollback,H1A2_1200:0988,976,Ge6Tc4,True,True,False,True,True,True,True,True,True,True,True,True,True,True,verified
SUN_protect_MSUN_rollback,H1A2_1200:0989,977,Li4O8Co3Te,True,True,False,True,True,True,True,True,True,True,False,True,False,True,verified
SUN_protect_MSUN_rollback,H1A2_1200:0990,978,Li4OF11Mn3,True,True,False,True,True,True,True,True,True,True,False,True,False,True,verified
SUN_protect_MSUN_rollback,H1A2_1200:0991,979,C4O12Sr4,True,True,False,True,True,True,True,True,True,True,False,True,False,True,verified
SUN_protect_MSUN_rollback,H1A2_1200:0992,980,Li2GeSb,True,True,False,True,True,True,True,True,True,True,False,False,False,False,verified
SUN_protect_MSUN_rollback,H1A2_1200:0993,981,Al2CdSm,True,True,False,True,True,True,True,True,True,True,False,False,False,False,verified
SUN_protect_MSUN_rollback,H1A2_1200:0994,982,MnGa2Te4,True,True,False,True,True,True,True,True,True,True,True,True,True,True,verified
SUN_protect_MSUN_rollback,H1A2_1200:0995,983,Fe17Tb2,True,True,False,True,True,True,True,True,True,True,False,True,False,True,verified
SUN_protect_MSUN_rollback,H1A2_1200:0996,984,Fe4Ni2Gd12,True,True,False,True,True,True,True,True,True,True,False,True,False,True,verified
SUN_protect_MSUN_rollback,H1A2_1200:0997,985,Li4OF11V3,True,True,False,True,True,True,True,True,True,True,False,False,False,False,verified
SUN_protect_MSUN_rollback,H1A2_1200:0998,986,Mn12Co4,True,True,False,True,True,True,True,True,True,True,False,True,False,True,verified
SUN_protect_MSUN_rollback,H1A2_1200:0999,987,O7Cr2Zn2,True,True,False,True,True,True,True,True,True,True,False,False,False,False,verified
SUN_protect_MSUN_rollback,H1A2_1200:1000,988,O12Ca4Se4,True,True,False,True,True,True,True,True,True,True,False,True,False,True,verified
SUN_protect_MSUN_rollback,H1A2_1200:1001,989,Li2Si4Hf4,False,False,False,True,False,True,True,True,False,False,False,False,False,False,verified
SUN_protect_MSUN_rollback,H1A2_1200:1002,990,O7Zn2La2Os,True,True,False,True,True,True,True,True,True,True,False,False,False,False,verified
SUN_protect_MSUN_rollback,H1A2_1200:1003,991,MgAl2Se4,True,True,False,True,True,True,True,True,True,True,False,True,False,True,verified
SUN_protect_MSUN_rollback,H1A2_1200:1004,992,Ni2InDy2,True,True,False,True,True,True,True,True,True,True,False,True,False,True,verified
SUN_protect_MSUN_rollback,H1A2_1200:1005,993,B4C4Al2Co6,True,True,False,True,True,True,True,True,True,True,False,False,False,False,verified
SUN_protect_MSUN_rollback,H1A2_1200:1007,995,O6Ba2HfW,True,True,False,True,True,True,True,True,True,True,False,True,False,True,verified
SUN_protect_MSUN_rollback,H1A2_1200:1008,996,Se6Rb2Mo6,False,True,True,True,True,True,True,True,True,False,False,False,False,False,verified
SUN_protect_MSUN_rollback,H1A2_1200:1009,997,NaAs,True,True,False,True,True,True,True,True,True,True,False,False,False,False,verified
SUN_protect_MSUN_rollback,H1A2_1200:1010,998,O2Te6Tm6,False,False,False,True,False,True,True,True,False,False,False,False,False,False,verified
SUN_protect_MSUN_rollback,H1A2_1200:1011,999,N8Ca4U4,True,True,False,True,True,True,True,True,True,True,False,True,False,True,verified
SUN_protect_MSUN_rollback,H1A2_1200:1012,1000,S2MoTe6W3,True,True,False,True,True,True,True,True,True,True,False,False,False,False,verified
SUN_protect_MSUN_rollback,H1A2_1200:1013,1001,B2O6F6S2,True,True,False,True,True,True,True,True,True,True,False,True,False,True,verified
SUN_protect_MSUN_rollback,H1A2_1200:1014,1002,F6K2Tb,True,True,False,True,True,True,True,True,True,True,False,True,False,True,verified
SUN_protect_MSUN_rollback,H1A2_1200:1015,1003,O8Fe2Cu4,True,True,False,True,True,True,True,True,True,True,False,True,False,True,verified
SUN_protect_MSUN_rollback,H1A2_1200:1016,1004,Ga10Pr4Ir4,True,True,False,True,True,True,True,True,True,True,True,True,True,True,verified
SUN_protect_MSUN_rollback,H1A2_1200:1017,1005,N2Ru2La2,True,True,False,True,True,True,True,True,True,True,False,False,False,False,verified
SUN_protect_MSUN_rollback,H1A2_1200:1018,1006,O12V4Mo2,True,True,False,True,True,True,True,True,True,True,False,False,False,False,verified
SUN_protect_MSUN_rollback,H1A2_1200:1019,1007,K4Mn2Te4,True,True,False,True,True,True,True,True,True,True,False,True,False,True,verified
SUN_protect_MSUN_rollback,H1A2_1200:1020,1008,Ag2Sn2Pr2,True,True,False,True,True,True,False,False,False,False,False,True,False,False,verified
SUN_protect_MSUN_rollback,H1A2_1200:1021,1009,Al3Si3La3,True,True,False,True,True,True,True,True,True,True,False,True,False,True,verified
SUN_protect_MSUN_rollback,H1A2_1200:1022,1010,Na10Sn8,True,True,False,True,True,True,True,True,True,True,False,True,False,True,verified
SUN_protect_MSUN_rollback,H1A2_1200:1024,1012,ScRu2Te4,False,False,False,True,False,True,True,True,False,False,True,True,True,True,verified
SUN_protect_MSUN_rollback,H1A2_1200:1025,1013,O6TiSrGdW,True,True,False,True,True,True,True,True,True,True,False,False,False,False,verified
SUN_protect_MSUN_rollback,H1A2_1200:1026,1014,O8Co2Zn4,True,True,False,True,True,True,True,True,True,True,False,False,False,False,verified
SUN_protect_MSUN_rollback,H1A2_1200:1027,1015,Ca2Cu2Ga2,True,True,False,True,True,True,True,True,True,True,True,True,True,True,verified
SUN_protect_MSUN_rollback,H1A2_1200:1028,1016,O12Ca4Hf4,True,True,False,True,True,True,True,True,True,True,False,False,False,False,verified
SUN_protect_MSUN_rollback,H1A2_1200:1029,1017,LiCl6Cs2Au,True,True,False,True,True,True,True,True,True,True,False,True,False,True,verified
SUN_protect_MSUN_rollback,H1A2_1200:1030,1018,GeRh3Sm2,True,True,False,True,True,True,True,True,True,True,False,True,False,True,verified
SUN_protect_MSUN_rollback,H1A2_1200:1031,1019,Li4O8Mn3Co,True,True,False,True,True,True,True,True,True,True,False,True,False,True,verified
SUN_protect_MSUN_rollback,H1A2_1200:1032,1020,Si2Mn2,True,True,False,True,True,True,True,True,True,True,False,True,False,True,verified
SUN_protect_MSUN_rollback,H1A2_1200:1033,1021,O6Na4Fe2,True,True,False,True,True,True,True,True,True,True,False,True,False,True,verified
SUN_protect_MSUN_rollback,H1A2_1200:1034,1022,O12Ge2Ce4U2,True,True,False,True,True,True,True,True,True,True,False,False,False,False,verified
SUN_protect_MSUN_rollback,H1A2_1200:1035,1023,O8Na2Si2Cu2,True,True,False,True,True,True,True,True,True,True,False,False,False,False,verified
SUN_protect_MSUN_rollback,H1A2_1200:1036,1024,O8P2CaCu2,True,True,False,True,True,True,True,True,True,True,False,True,False,True,verified
SUN_protect_MSUN_rollback,H1A2_1200:1037,1025,O4F2Ag4,False,True,True,True,True,True,True,True,True,False,False,True,False,True,verified
SUN_protect_MSUN_rollback,H1A2_1200:1039,1027,O10V4Zn,True,True,False,True,True,True,True,True,True,True,False,False,False,False,verified
SUN_protect_MSUN_rollback,H1A2_1200:1040,1028,O6NaZr2Tl,True,True,False,True,True,True,True,True,True,True,False,False,False,False,verified
SUN_protect_MSUN_rollback,H1A2_1200:1041,1029,F4Cu3Se2,True,True,False,True,True,True,True,True,True,True,False,True,False,True,verified
SUN_protect_MSUN_rollback,H1A2_1200:1042,1030,P8Sr8Pb4,True,True,False,True,True,True,True,True,True,True,False,False,False,False,verified
SUN_protect_MSUN_rollback,H1A2_1200:1043,1031,O6Co2Ba2Sm,True,True,False,True,True,True,True,True,True,True,False,False,False,False,verified
SUN_protect_MSUN_rollback,H1A2_1200:1044,1032,O10V4Y2,True,True,False,True,True,True,True,True,True,True,False,False,False,False,verified
SUN_protect_MSUN_rollback,H1A2_1200:1045,1033,C2O10Na2Ba2,True,True,False,True,True,True,True,True,True,True,False,False,False,False,verified
SUN_protect_MSUN_rollback,H1A2_1200:1046,1034,O12Sr4Tm4,True,True,False,True,True,True,True,True,True,True,False,False,False,False,verified
SUN_protect_MSUN_rollback,H1A2_1200:1047,1035,ScAg2Cd,True,True,False,True,True,True,True,True,True,True,True,True,True,True,verified
SUN_protect_MSUN_rollback,H1A2_1200:1048,1036,O6Na2In2,True,True,False,True,True,True,True,True,True,True,False,False,False,False,verified
SUN_protect_MSUN_rollback,H1A2_1200:1050,1038,Mn2As6Y2,True,True,False,True,True,True,True,True,True,True,False,True,False,True,verified
SUN_protect_MSUN_rollback,H1A2_1200:1051,1039,O6Fe4,True,True,False,True,True,True,True,True,True,True,False,False,False,False,verified
SUN_protect_MSUN_rollback,H1A2_1200:1052,1040,F12Pd2Cs2,False,False,False,True,False,True,True,True,False,False,False,True,False,True,verified
SUN_protect_MSUN_rollback,H1A2_1200:1053,1041,Cu4Sb4Tm2,True,True,False,True,True,True,True,True,True,True,False,True,False,True,verified
SUN_protect_MSUN_rollback,H1A2_1200:1054,1042,S4In2La2,True,True,False,True,True,True,True,True,True,True,False,True,False,True,verified
SUN_protect_MSUN_rollback,H1A2_1200:1055,1043,Zn3Ge4Pr3,True,True,False,True,True,True,True,True,True,True,False,True,False,True,verified
SUN_protect_MSUN_rollback,H1A2_1200:1056,1044,Ni2YIn,True,True,False,True,True,True,True,True,True,True,False,True,False,True,verified
SUN_protect_MSUN_rollback,H1A2_1200:1057,1045,Y4Ir6,True,True,False,True,True,True,True,True,True,True,False,False,False,False,verified
SUN_protect_MSUN_rollback,H1A2_1200:1058,1046,Mg4Cd2,True,True,False,True,True,True,True,True,True,True,False,True,False,True,verified
SUN_protect_MSUN_rollback,H1A2_1200:1059,1047,H4Li4O8Mn2,True,True,False,True,True,True,True,True,True,True,False,False,False,False,verified
SUN_protect_MSUN_rollback,H1A2_1200:1060,1048,Mg3Ag,True,True,False,True,True,True,True,True,True,True,False,True,False,True,verified
SUN_protect_MSUN_rollback,H1A2_1200:1061,1049,B2C2La2,True,True,False,True,True,True,True,True,True,True,False,False,False,False,verified
SUN_protect_no_rollback,H1A2_1200:0000,0,Sn,True,True,False,True,True,True,False,False,False,False,False,True,False,False,verified
SUN_protect_no_rollback,H1A2_1200:0001,1,Se12Ba4Pr2Tm2,False,False,False,True,False,True,True,True,False,False,False,True,False,True,verified
SUN_protect_no_rollback,H1A2_1200:0002,2,Mn12Ge4,True,True,False,True,True,True,True,True,True,True,False,True,False,True,verified
SUN_protect_no_rollback,H1A2_1200:0003,3,O4Se2In2Bi2,True,True,False,True,True,True,True,True,True,True,False,True,False,True,verified
SUN_protect_no_rollback,H1A2_1200:0004,4,Cu2Ge4Nd2,True,True,False,True,True,True,True,True,True,True,False,True,False,True,verified
SUN_protect_no_rollback,H1A2_1200:0005,5,MgRh,True,True,False,True,True,True,False,False,False,False,True,True,False,False,verified
SUN_protect_no_rollback,H1A2_1200:0006,6,Ti2Co2As4,True,True,False,True,True,True,True,True,True,True,False,True,False,True,verified
SUN_protect_no_rollback,H1A2_1200:0007,7,O12Na2Sr2Tm2W2,True,True,False,True,True,True,True,True,True,True,False,True,False,True,verified
SUN_protect_no_rollback,H1A2_1200:0008,8,O6TiSr2Sb,True,True,False,True,True,True,True,True,True,True,False,True,False,True,verified
SUN_protect_no_rollback,H1A2_1200:0009,9,P4K4,True,True,False,True,True,True,True,True,True,True,False,False,False,False,verified
SUN_protect_no_rollback,H1A2_1200:0011,10,Li2F8V2,True,True,False,True,True,True,True,True,True,True,False,True,False,True,verified
SUN_protect_no_rollback,H1A2_1200:0012,11,O10Sr2Y2Ba2Bi2,True,True,False,True,True,True,True,True,True,True,False,False,False,False,verified
SUN_protect_no_rollback,H1A2_1200:0013,12,H6O6Ca2Rb2,True,True,False,True,True,True,True,True,True,True,False,True,False,True,verified
SUN_protect_no_rollback,H1A2_1200:0014,13,O8NaY4Tl,True,True,False,True,True,True,True,True,True,True,False,False,False,False,verified
SUN_protect_no_rollback,H1A2_1200:0015,14,YAg3,True,True,False,True,True,True,True,True,True,True,False,True,False,True,verified
SUN_protect_no_rollback,H1A2_1200:0016,15,Ti3Ge6Tm6,True,True,False,True,True,True,True,True,True,True,False,True,False,True,verified
SUN_protect_no_rollback,H1A2_1200:0017,16,O6Cs3Nd,True,True,False,True,True,True,True,True,True,True,False,False,False,False,verified
SUN_protect_no_rollback,H1A2_1200:0018,17,As2Eu4Au2,True,True,False,True,True,True,True,True,True,True,False,True,False,True,verified
SUN_protect_no_rollback,H1A2_1200:0019,18,F6NaCs2Pb,True,True,False,True,True,True,False,False,False,False,True,True,False,False,verified
SUN_protect_no_rollback,H1A2_1200:0020,19,H10Al4K2,False,False,False,True,False,True,True,True,False,False,False,False,False,False,verified
SUN_protect_no_rollback,H1A2_1200:0021,20,B2Rh3,False,False,False,True,False,True,True,True,False,False,False,True,False,True,verified
SUN_protect_no_rollback,H1A2_1200:0022,21,K2As4Ag6,True,True,False,True,True,True,True,True,True,True,False,True,False,True,verified
SUN_protect_no_rollback,H1A2_1200:0023,22,O6Ba2TbU,True,True,False,True,True,True,True,True,True,True,True,True,True,True,verified
SUN_protect_no_rollback,H1A2_1200:0024,23,Li2O4F6V2,True,True,False,True,True,True,True,True,True,True,False,False,False,False,verified
SUN_protect_no_rollback,H1A2_1200:0025,24,Li4F8V2,True,True,False,True,True,True,True,True,True,True,False,True,False,True,verified
SUN_protect_no_rollback,H1A2_1200:0026,25,Pd2Ag2,True,True,False,True,True,True,True,True,True,True,True,True,True,True,verified
SUN_protect_no_rollback,H1A2_1200:0027,26,O6NbBa2Tb,True,True,False,True,True,True,True,True,True,True,False,True,False,True,verified
SUN_protect_no_rollback,H1A2_1200:0028,27,O8YMo2,True,True,False,True,True,True,True,True,True,True,False,False,False,False,verified
SUN_protect_no_rollback,H1A2_1200:0029,28,Si2Fe2Dy,True,True,False,True,True,True,True,True,True,True,False,False,False,False,verified
SUN_protect_no_rollback,H1A2_1200:0030,29,Cl6Rb2Ir,True,True,False,True,True,True,True,True,True,True,True,True,True,True,verified
SUN_protect_no_rollback,H1A2_1200:0031,30,O12Fe4Zr2,True,True,False,True,True,True,True,True,True,True,False,False,False,False,verified
SUN_protect_no_rollback,H1A2_1200:0032,31,O4S4Mo2Te4,True,True,False,True,True,True,True,True,True,True,False,False,False,False,verified
SUN_protect_no_rollback,H1A2_1200:0033,32,LiBr3Cs,False,False,False,True,False,True,True,True,False,False,False,False,False,False,verified
SUN_protect_no_rollback,H1A2_1200:0034,33,Si3CaAg,False,False,False,True,False,True,True,True,False,False,False,False,False,False,verified
SUN_protect_no_rollback,H1A2_1200:0035,34,O4S8Ta4,True,True,False,True,True,True,True,True,True,True,False,False,False,False,verified
SUN_protect_no_rollback,H1A2_1200:0036,35,Ge2Rh4Hf4,True,True,False,True,True,True,True,True,True,True,False,True,False,True,verified
SUN_protect_no_rollback,H1A2_1200:0037,36,Mg2Ag2Cd2,True,True,False,True,True,True,True,True,True,True,False,True,False,True,verified
SUN_protect_no_rollback,H1A2_1200:0038,37,Sc2CdPb,True,True,False,True,True,True,True,True,True,True,False,True,False,True,verified
SUN_protect_no_rollback,H1A2_1200:0039,38,Ti5Cu6Ge4,True,True,False,True,True,True,True,True,True,True,False,False,False,False,verified
SUN_protect_no_rollback,H1A2_1200:0040,39,Mg6As8,False,False,False,True,False,True,True,True,False,False,False,False,False,False,verified
SUN_protect_no_rollback,H1A2_1200:0041,40,CaCd2In,True,True,False,True,True,True,True,True,True,True,False,True,False,True,verified
SUN_protect_no_rollback,H1A2_1200:0042,41,O4Sb2,True,True,False,True,True,True,True,True,True,True,False,False,False,False,verified
SUN_protect_no_rollback,H1A2_1200:0043,42,H4O10K2Co3,True,True,False,True,True,True,True,True,True,True,False,False,False,False,verified
SUN_protect_no_rollback,H1A2_1200:0044,43,Ag3In3Sm3,True,True,False,True,True,True,True,True,True,True,False,True,False,True,verified
SUN_protect_no_rollback,H1A2_1200:0045,44,LiCl6Cs2La,True,True,False,True,True,True,True,True,True,True,False,True,False,True,verified
SUN_protect_no_rollback,H1A2_1200:0046,45,ZnRh2Sb,True,True,False,True,True,True,True,True,True,True,False,True,False,True,verified
SUN_protect_no_rollback,H1A2_1200:0047,46,O6K2Cu2La2,True,True,False,True,True,True,True,True,True,True,False,False,False,False,verified
SUN_protect_no_rollback,H1A2_1200:0048,47,CuPdSb,True,True,False,True,True,True,True,True,True,True,False,True,False,True,verified
SUN_protect_no_rollback,H1A2_1200:0049,48,O8K2Nb2In,True,True,False,True,True,True,True,True,True,True,False,False,False,False,verified
SUN_protect_no_rollback,H1A2_1200:0051,50,O7As2Rb2,False,False,False,True,False,True,True,True,False,False,True,True,True,True,verified
SUN_protect_no_rollback,H1A2_1200:0052,51,O8Ni4Rb4,True,True,False,True,True,True,True,True,True,True,False,False,False,False,verified
SUN_protect_no_rollback,H1A2_1200:0053,52,O12Co4Tb4,True,True,False,True,True,True,True,True,True,True,False,False,False,False,verified
SUN_protect_no_rollback,H1A2_1200:0054,53,Al5Ge5Ho,True,True,False,True,True,True,True,True,True,True,False,False,False,False,verified
SUN_protect_no_rollback,H1A2_1200:0055,54,Li2F2Mg,False,False,False,True,False,True,True,True,False,False,False,False,False,False,verified
SUN_protect_no_rollback,H1A2_1200:0056,55,CoZr6Te8,True,True,False,True,True,True,True,True,True,True,False,True,False,True,verified
SUN_protect_no_rollback,H1A2_1200:0057,56,Ga4Ag4Te8,True,True,False,True,True,True,True,True,True,True,False,True,False,True,verified
SUN_protect_no_rollback,H1A2_1200:0058,57,Cl4Pd4,True,True,False,True,True,True,True,True,True,True,False,False,False,False,verified
SUN_protect_no_rollback,H1A2_1200:0059,58,TiCr2Te4,True,True,False,True,True,True,True,True,True,True,False,True,False,True,verified
SUN_protect_no_rollback,H1A2_1200:0060,59,Cu4Ge6Er8,True,True,False,True,True,True,True,True,True,True,False,False,False,False,verified
SUN_protect_no_rollback,H1A2_1200:0061,60,Ge4Sb4Te10,True,True,False,True,True,True,True,True,True,True,False,True,False,True,verified
SUN_protect_no_rollback,H1A2_1200:0062,61,Li2O2F8Mn4,True,True,False,True,True,True,True,True,True,True,False,True,False,True,verified
SUN_protect_no_rollback,H1A2_1200:0063,62,InLaHg2,True,True,False,True,True,True,True,True,True,True,False,True,False,True,verified
SUN_protect_no_rollback,H1A2_1200:0064,63,AlCo2Sm2,True,True,False,True,True,True,True,True,True,True,False,False,False,False,verified
SUN_protect_no_rollback,H1A2_1200:0065,64,O12Ga4Hf4,True,True,False,True,True,True,True,True,True,True,False,False,False,False,verified
SUN_protect_no_rollback,H1A2_1200:0066,65,O3SrTa,True,True,False,True,True,True,False,False,False,False,False,True,False,False,verified
SUN_protect_no_rollback,H1A2_1200:0067,66,Ge6Rh6Ce4,True,True,False,True,True,True,True,True,True,True,False,True,False,True,verified
SUN_protect_no_rollback,H1A2_1200:0068,67,O8Sr4Pt4,True,True,False,True,True,True,True,True,True,True,False,False,False,False,verified
SUN_protect_no_rollback,H1A2_1200:0070,69,O8Al2Ni2,True,True,False,True,True,True,True,True,True,True,False,False,False,False,verified
SUN_protect_no_rollback,H1A2_1200:0071,70,O7Ge4Cs2,True,True,False,True,True,True,True,True,True,True,True,True,True,True,verified
SUN_protect_no_rollback,H1A2_1200:0072,71,K4I12Hg4,True,True,False,True,True,True,True,True,True,True,False,True,False,True,verified
SUN_protect_no_rollback,H1A2_1200:0073,72,H3Np,True,True,False,True,True,True,False,False,False,False,False,True,False,False,verified
SUN_protect_no_rollback,H1A2_1200:0074,73,AgSn3Pt4,True,True,False,True,True,True,True,True,True,True,False,True,False,True,verified
SUN_protect_no_rollback,H1A2_1200:0075,74,Sc2As2,True,True,False,True,True,True,True,True,True,True,False,True,False,True,verified
SUN_protect_no_rollback,H1A2_1200:0076,75,O8Nb2Lu2,True,True,False,True,True,True,True,True,True,True,False,False,False,False,verified
SUN_protect_no_rollback,H1A2_1200:0077,76,Li2O4Mn2,True,True,False,True,True,True,True,True,True,True,False,False,False,False,verified
SUN_protect_no_rollback,H1A2_1200:0078,77,Pd4Sb4Pr4,True,True,False,True,True,True,True,True,True,True,False,False,False,False,verified
SUN_protect_no_rollback,H1A2_1200:0079,78,O6Ba2TaBi,True,True,False,True,True,True,True,True,True,True,False,False,False,False,verified
SUN_protect_no_rollback,H1A2_1200:0080,79,Zn2Se8Cs4,True,True,False,True,True,True,True,True,True,True,False,True,False,True,verified
SUN_protect_no_rollback,H1A2_1200:0081,80,Mg6Ge10Pr4,True,True,False,True,True,True,True,True,True,True,False,True,False,True,verified
SUN_protect_no_rollback,H1A2_1200:0082,81,C4O12Sm4,True,True,False,True,True,True,True,True,True,True,False,False,False,False,verified
SUN_protect_no_rollback,H1A2_1200:0085,84,Ag4Ce2,True,True,False,True,True,True,True,True,True,True,False,True,False,True,verified
SUN_protect_no_rollback,H1A2_1200:0086,85,O6FeBa2Bi,True,True,False,True,True,True,True,True,True,True,True,True,True,True,verified
SUN_protect_no_rollback,H1A2_1200:0087,86,Sc2ZnIr,True,True,False,True,True,True,True,True,True,True,False,True,False,True,verified
SUN_protect_no_rollback,H1A2_1200:0088,87,F12CaV2Zn2,True,True,False,True,True,True,True,True,True,True,False,True,False,True,verified
SUN_protect_no_rollback,H1A2_1200:0089,88,Cd3Pr3Au3,True,True,False,True,True,True,True,True,True,True,False,True,False,True,verified
SUN_protect_no_rollback,H1A2_1200:0090,89,O12W4,True,True,False,True,True,True,True,True,True,True,False,False,False,False,verified
SUN_protect_no_rollback,H1A2_1200:0091,90,P8Ge4Ba4,True,True,False,True,True,True,True,True,True,True,False,True,False,True,verified
SUN_protect_no_rollback,H1A2_1200:0092,91,Sc2CuIr,True,True,False,True,True,True,True,True,True,True,False,True,False,True,verified
SUN_protect_no_rollback,H1A2_1200:0093,92,Ca2Ag2In2,True,True,False,True,True,True,True,True,True,True,True,True,True,True,verified
SUN_protect_no_rollback,H1A2_1200:0094,93,O8Cr2Ba2La,True,True,False,True,True,True,True,True,True,True,False,False,False,False,verified
SUN_protect_no_rollback,H1A2_1200:0095,94,B6Pd12Ce,False,False,False,True,False,True,True,True,False,False,False,False,False,False,verified
SUN_protect_no_rollback,H1A2_1200:0096,95,S2Se4Ag4In2,True,True,False,True,True,True,True,True,True,True,False,False,False,False,verified
SUN_protect_no_rollback,H1A2_1200:0097,96,Si2Fe10Pr,False,False,False,True,False,True,True,True,False,False,False,True,False,True,verified
SUN_protect_no_rollback,H1A2_1200:0098,97,C2Mo2Hf2,True,True,False,True,True,True,True,True,True,True,False,False,False,False,verified
SUN_protect_no_rollback,H1A2_1200:0099,98,Zn2As2,True,True,False,True,True,True,True,True,True,True,False,True,False,True,verified
SUN_protect_no_rollback,H1A2_1200:0100,99,O8Pd2In4,True,True,False,True,True,True,True,True,True,True,False,False,False,False,verified
SUN_protect_no_rollback,H1A2_1200:0101,100,NaCl6Cs2Tm,True,True,False,True,True,True,True,True,True,True,True,True,True,True,verified
SUN_protect_no_rollback,H1A2_1200:0102,101,ZnInNd2,True,True,False,True,True,True,True,True,True,True,True,True,True,True,verified
SUN_protect_no_rollback,H1A2_1200:0103,102,Si4Fe6,True,True,False,True,True,True,True,True,True,True,False,True,False,True,verified
SUN_protect_no_rollback,H1A2_1200:0104,103,Ga7Sm10,True,True,False,True,True,True,True,True,True,True,False,True,False,True,verified
SUN_protect_no_rollback,H1A2_1200:0105,104,O2F10Mn6,True,True,False,True,True,True,True,True,True,True,False,True,False,True,verified
SUN_protect_no_rollback,H1A2_1200:0106,105,TiMn2Ge,True,True,False,True,True,True,True,True,True,True,False,True,False,True,verified
SUN_protect_no_rollback,H1A2_1200:0107,106,O4F2Rb4,False,False,False,True,False,True,True,True,False,False,False,True,False,True,verified
SUN_protect_no_rollback,H1A2_1200:0108,107,O3NiBa,True,True,False,True,True,True,True,True,True,True,False,False,False,False,verified
SUN_protect_no_rollback,H1A2_1200:0109,108,Li2O8Ti2Co2,True,True,False,True,True,True,True,True,True,True,False,False,False,False,verified
SUN_protect_no_rollback,H1A2_1200:0110,109,O8Ca2Ba2Tb2,True,True,False,True,True,True,True,True,True,True,False,False,False,False,verified
SUN_protect_no_rollback,H1A2_1200:0111,110,Ga2Ba2,True,True,False,True,True,True,True,True,True,True,False,True,False,True,verified
SUN_protect_no_rollback,H1A2_1200:0112,111,O8F4V6,True,True,False,True,True,True,True,True,True,True,False,False,False,False,verified
SUN_protect_no_rollback,H1A2_1200:0113,112,O6Ba2EuPa,True,True,False,True,True,True,True,True,True,True,True,True,True,True,verified
SUN_protect_no_rollback,H1A2_1200:0114,113,LiO8V7,True,True,False,True,True,True,True,True,True,True,False,True,False,True,verified
SUN_protect_no_rollback,H1A2_1200:0115,114,Si3Ni3Ta3,False,False,False,True,False,True,True,True,False,False,False,False,False,False,verified
SUN_protect_no_rollback,H1A2_1200:0116,115,H12Ba4,False,False,False,True,False,True,True,True,False,False,False,True,False,True,verified
SUN_protect_no_rollback,H1A2_1200:0117,116,O4F2Y2,True,True,False,True,True,True,True,True,True,True,False,False,False,False,verified
SUN_protect_no_rollback,H1A2_1200:0118,117,O2SbGd,True,True,False,True,True,True,True,True,True,True,False,False,False,False,verified
SUN_protect_no_rollback,H1A2_1200:0119,118,Li2O12Si4Nb2,True,True,False,True,True,True,True,True,True,True,False,False,False,False,verified
SUN_protect_no_rollback,H1A2_1200:0120,119,Zn2CeTb,True,True,False,True,True,True,True,True,True,True,False,True,False,True,verified
SUN_protect_no_rollback,H1A2_1200:0121,120,C2O6F2Rb4,True,True,False,True,True,True,True,True,True,True,False,False,False,False,verified
SUN_protect_no_rollback,H1A2_1200:0122,121,Sn4Lu4Pt4,True,True,False,True,True,True,True,True,True,True,False,True,False,True,verified
SUN_protect_no_rollback,H1A2_1200:0123,122,Ga4Pd4Eu4,True,True,False,True,True,True,True,True,True,True,True,True,True,True,verified
SUN_protect_no_rollback,H1A2_1200:0124,123,O12Mn2Cu2Ba2Pr2,True,True,False,True,True,True,True,True,True,True,False,True,False,True,verified
SUN_protect_no_rollback,H1A2_1200:0125,124,O8Co2Ni2,True,True,False,True,True,True,True,True,True,True,False,False,False,False,verified
SUN_protect_no_rollback,H1A2_1200:0126,125,Si4La2,True,True,False,True,True,True,False,False,False,False,False,True,False,False,verified
SUN_protect_no_rollback,H1A2_1200:0127,126,S8Se2Ag4Sb2,True,True,False,True,True,True,True,True,True,True,False,False,False,False,verified
SUN_protect_no_rollback,H1A2_1200:0128,127,Si2Cu2Gd2,False,False,False,True,False,True,True,True,False,False,False,True,False,True,verified
SUN_protect_no_rollback,H1A2_1200:0129,128,Ni6Ge6Dy,True,True,False,True,True,True,True,True,True,True,False,False,False,False,verified
SUN_protect_no_rollback,H1A2_1200:0130,129,MgCa3,True,True,False,True,True,True,True,True,True,True,False,True,False,True,verified
SUN_protect_no_rollback,H1A2_1200:0131,130,S6Rb3Ta,True,True,False,True,True,True,True,True,True,True,False,True,False,True,verified
SUN_protect_no_rollback,H1A2_1200:0132,131,Al4NdAu,True,True,False,True,True,True,True,True,True,True,True,True,True,True,verified
SUN_protect_no_rollback,H1A2_1200:0133,132,O8KCr4,False,True,True,True,True,True,True,True,True,False,False,False,False,False,verified
SUN_protect_no_rollback,H1A2_1200:0134,133,Zn4Sn4Tb3,True,True,False,True,True,True,True,True,True,True,False,True,False,True,verified
SUN_protect_no_rollback,H1A2_1200:0135,134,MnRh2Sn,True,True,False,True,True,True,True,True,True,True,False,True,False,True,verified
SUN_protect_no_rollback,H1A2_1200:0136,135,O10Sc2Mo2La2,True,True,False,True,True,True,True,True,True,True,False,False,False,False,verified
SUN_protect_no_rollback,H1A2_1200:0137,136,Mg2Pd,True,True,False,True,True,True,True,True,True,True,True,True,True,True,verified
SUN_protect_no_rollback,H1A2_1200:0138,137,O7P2Br3In3,True,True,False,True,True,True,True,True,True,True,False,False,False,False,verified
SUN_protect_no_rollback,H1A2_1200:0139,138,F6V2,True,True,False,True,True,True,True,True,True,True,False,False,False,False,verified
SUN_protect_no_rollback,H1A2_1200:0140,139,Si2Ca2Pd2,False,False,False,True,False,True,True,True,False,False,False,True,False,True,verified
SUN_protect_no_rollback,H1A2_1200:0141,140,SiCu5Ta,False,False,False,True,False,True,True,True,False,False,False,False,False,False,verified
SUN_protect_no_rollback,H1A2_1200:0142,141,O7Ba2Ce2W,True,True,False,True,True,True,True,True,True,True,False,False,False,False,verified
SUN_protect_no_rollback,H1A2_1200:0143,142,O12Al2Sc2Sb2Ba2,True,True,False,True,True,True,True,True,True,True,False,False,False,False,verified
SUN_protect_no_rollback,H1A2_1200:0144,143,Sc4Ni2Sb4,True,True,False,True,True,True,True,True,True,True,False,True,False,True,verified
SUN_protect_no_rollback,H1A2_1200:0145,144,O4Cu2Sb2,True,True,False,True,True,True,True,True,True,True,False,False,False,False,verified
SUN_protect_no_rollback,H1A2_1200:0146,145,S4Cl4Nb2,True,True,False,True,True,True,True,True,True,True,False,False,False,False,verified
SUN_protect_no_rollback,H1A2_1200:0147,146,YPdSb,True,True,False,True,True,True,False,False,False,False,False,True,False,False,verified
SUN_protect_no_rollback,H1A2_1200:0148,147,Y2Pm6,False,False,False,True,False,True,True,True,False,False,False,True,False,True,verified
SUN_protect_no_rollback,H1A2_1200:0149,148,Cu4Se8Sb2,True,True,False,True,True,True,True,True,True,True,False,True,False,True,verified
SUN_protect_no_rollback,H1A2_1200:0150,149,Mg4Sc6,True,True,False,True,True,True,True,True,True,True,False,True,False,True,verified
SUN_protect_no_rollback,H1A2_1200:0151,150,Ge2ZrRh3,True,True,False,True,True,True,True,True,True,True,False,True,False,True,verified
SUN_protect_no_rollback,H1A2_1200:0152,151,Cu3Ga3Te6,True,True,False,True,True,True,True,True,True,True,False,False,False,False,verified
SUN_protect_no_rollback,H1A2_1200:0153,152,Cd2Sb2La,True,True,False,True,True,True,True,True,True,True,True,True,True,True,verified
SUN_protect_no_rollback,H1A2_1200:0154,153,Li2F8Mn2,True,True,False,True,True,True,True,True,True,True,False,True,False,True,verified
SUN_protect_no_rollback,H1A2_1200:0155,154,Cl12Rb2Pr2,False,False,False,True,False,True,True,True,False,False,False,True,False,True,verified
SUN_protect_no_rollback,H1A2_1200:0156,155,SnHf2Ir,True,True,False,True,True,True,True,True,True,True,False,True,False,True,verified
SUN_protect_no_rollback,H1A2_1200:0157,156,Si6La6Ir4,False,False,False,True,False,True,True,True,False,False,False,True,False,True,verified
SUN_protect_no_rollback,H1A2_1200:0158,157,Pd3Eu,True,True,False,True,True,True,True,True,True,True,True,True,True,True,verified
SUN_protect_no_rollback,H1A2_1200:0159,158,S4Pb2Bi2,True,True,False,True,True,True,True,True,True,True,False,True,False,True,verified
SUN_protect_no_rollback,H1A2_1200:0160,159,Li3O12As2Tl2,False,False,False,True,False,True,True,True,False,False,False,False,False,False,verified
SUN_protect_no_rollback,H1A2_1200:0161,160,S4Mo2Te2W,True,True,False,True,True,True,True,True,True,True,False,False,False,False,verified
SUN_protect_no_rollback,H1A2_1200:0162,161,Sn6Pr10,True,True,False,True,True,True,True,True,True,True,False,True,False,True,verified
SUN_protect_no_rollback,H1A2_1200:0163,162,MgGeEu2,True,True,False,True,True,True,True,True,True,True,False,False,False,False,verified
SUN_protect_no_rollback,H1A2_1200:0164,163,Y4Pd4Cd2,True,True,False,True,True,True,True,True,True,True,True,True,True,True,verified
SUN_protect_no_rollback,H1A2_1200:0165,164,CuGeLa,True,True,False,True,True,True,True,True,True,True,True,True,True,True,verified
SUN_protect_no_rollback,H1A2_1200:0166,165,O8S2Pb4,True,True,False,True,True,True,True,True,True,True,False,False,False,False,verified
SUN_protect_no_rollback,H1A2_1200:0167,166,C2SrOs,True,True,False,True,True,True,True,True,True,True,False,True,False,True,verified
SUN_protect_no_rollback,H1A2_1200:0168,167,Cu2Se3Dy2,True,True,False,True,True,True,True,True,True,True,False,False,False,False,verified
SUN_protect_no_rollback,H1A2_1200:0169,168,S2Pb2Bi2,True,True,False,True,True,True,True,True,True,True,False,False,False,False,verified
SUN_protect_no_rollback,H1A2_1200:0170,169,B4Rh8Pr4,True,True,False,True,True,True,True,True,True,True,False,True,False,True,verified
SUN_protect_no_rollback,H1A2_1200:0171,170,F12Sb2Cs2,True,True,False,True,True,True,True,True,True,True,False,True,False,True,verified
SUN_protect_no_rollback,H1A2_1200:0172,171,Mg2S4,True,True,False,True,True,True,True,True,True,True,False,False,False,False,verified
SUN_protect_no_rollback,H1A2_1200:0173,172,AgInLu2,True,True,False,True,True,True,True,True,True,True,False,True,False,True,verified
SUN_protect_no_rollback,H1A2_1200:0174,173,O2F4P2,True,True,False,True,True,True,True,True,True,True,False,True,False,True,verified
SUN_protect_no_rollback,H1A2_1200:0175,174,B2Fe4Ho,True,True,False,True,True,True,True,True,True,True,False,False,False,False,verified
SUN_protect_no_rollback,H1A2_1200:0176,175,S12Sr4Ta4,True,True,False,True,True,True,True,True,True,True,False,False,False,False,verified
SUN_protect_no_rollback,H1A2_1200:0177,176,O12Fe4Sm4,True,True,False,True,True,True,True,True,True,True,False,True,False,True,verified
SUN_protect_no_rollback,H1A2_1200:0178,177,Ge4Y2Ru4,True,True,False,True,True,True,True,True,True,True,False,True,False,True,verified
SUN_protect_no_rollback,H1A2_1200:0179,178,Ca4Sb4Ba4,True,True,False,True,True,True,True,True,True,True,False,True,False,True,verified
SUN_protect_no_rollback,H1A2_1200:0181,179,C12Ti4Cr4,True,True,False,True,True,True,True,True,True,True,False,False,False,False,verified
SUN_protect_no_rollback,H1A2_1200:0182,180,AgCdTm2,True,True,False,True,True,True,True,True,True,True,False,True,False,True,verified
SUN_protect_no_rollback,H1A2_1200:0183,181,Fe12Y4,True,True,False,True,True,True,True,True,True,True,False,False,False,False,verified
SUN_protect_no_rollback,H1A2_1200:0184,182,Ge4Te6,True,True,False,True,True,True,True,True,True,True,True,True,True,True,verified
SUN_protect_no_rollback,H1A2_1200:0185,183,Ga5Ta6,True,True,False,True,True,True,True,True,True,True,False,True,False,True,verified
SUN_protect_no_rollback,H1A2_1200:0186,184,LiF6FeCs2,True,True,False,True,True,True,True,True,True,True,False,True,False,True,verified
SUN_protect_no_rollback,H1A2_1200:0187,185,Ga4In2,True,True,False,True,True,True,True,True,True,True,False,True,False,True,verified
SUN_protect_no_rollback,H1A2_1200:0188,186,H8O4F4Zn4,False,False,False,True,False,True,True,True,False,False,False,False,False,False,verified
SUN_protect_no_rollback,H1A2_1200:0189,187,Ge4Cd2La2,True,True,False,True,True,True,True,True,True,True,False,True,False,True,verified
SUN_protect_no_rollback,H1A2_1200:0190,188,Zn8Ce2,True,True,False,True,True,True,True,True,True,True,False,True,False,True,verified
SUN_protect_no_rollback,H1A2_1200:0191,189,N4Sr4Te2,True,True,False,True,True,True,True,True,True,True,False,False,False,False,verified
SUN_protect_no_rollback,H1A2_1200:0192,190,F8Cr2Rb2,True,True,False,True,True,True,True,True,True,True,False,True,False,True,verified
SUN_protect_no_rollback,H1A2_1200:0194,192,O6K4Ag2,True,True,False,True,True,True,True,True,True,True,False,True,False,True,verified
SUN_protect_no_rollback,H1A2_1200:0196,193,F14Co4Cs2,True,True,False,True,True,True,True,True,True,True,False,True,False,True,verified
SUN_protect_no_rollback,H1A2_1200:0197,194,O12Na4Ti4,True,True,False,True,True,True,True,True,True,True,False,False,False,False,verified
SUN_protect_no_rollback,H1A2_1200:0198,195,O6F6Fe4,True,True,False,True,True,True,True,True,True,True,False,False,False,False,verified
SUN_protect_no_rollback,H1A2_1200:0199,196,Co2Ge2Tm,True,True,False,True,True,True,True,True,True,True,False,True,False,True,verified
SUN_protect_no_rollback,H1A2_1200:0200,197,Co2ZnHf,True,True,False,True,True,True,True,True,True,True,True,True,True,True,verified
SUN_protect_no_rollback,H1A2_1200:0201,198,Si6Co2Ta6,True,True,False,True,True,True,True,True,True,True,False,False,False,False,verified
SUN_protect_no_rollback,H1A2_1200:0202,199,Pd8,True,True,False,True,True,True,True,True,True,True,True,True,True,True,verified
SUN_protect_no_rollback,H1A2_1200:0204,201,O12Al4Si4,True,True,False,True,True,True,True,True,True,True,False,False,False,False,verified
SUN_protect_no_rollback,H1A2_1200:0205,202,S2Se2Nd2,True,True,False,True,True,True,True,True,True,True,False,False,False,False,verified
SUN_protect_no_rollback,H1A2_1200:0206,203,Co2GaTe4,True,True,False,True,True,True,True,True,True,True,False,False,False,False,verified
SUN_protect_no_rollback,H1A2_1200:0207,204,O2F10Ni6,True,True,False,True,True,True,True,True,True,True,False,False,False,False,verified
SUN_protect_no_rollback,H1A2_1200:0208,205,Sn3Pm,False,False,False,True,False,True,True,True,False,False,False,True,False,True,verified
SUN_protect_no_rollback,H1A2_1200:0209,206,Ni4In2Pr4,True,True,False,True,True,True,True,True,True,True,True,True,True,True,verified
SUN_protect_no_rollback,H1A2_1200:0211,208,LiS2Pr,True,True,False,True,True,True,True,True,True,True,False,True,False,True,verified
SUN_protect_no_rollback,H1A2_1200:0212,209,Li2O8MnCo3,True,True,False,True,True,True,True,True,True,True,False,False,False,False,verified
SUN_protect_no_rollback,H1A2_1200:0213,210,O2TiTl,True,True,False,True,True,True,True,True,True,True,False,False,False,False,invalid_terminal
SUN_protect_no_rollback,H1A2_1200:0214,211,S2Cl6Tl2,True,True,False,True,True,True,True,True,True,True,False,False,False,False,verified
SUN_protect_no_rollback,H1A2_1200:0215,212,S8Cr4Cu2,True,True,False,True,True,True,True,True,True,True,False,False,False,False,verified
SUN_protect_no_rollback,H1A2_1200:0216,213,Al12SmEr,True,True,False,True,True,True,True,True,True,True,False,True,False,True,verified
SUN_protect_no_rollback,H1A2_1200:0217,214,ZnAu2Th,True,True,False,True,True,True,True,True,True,True,True,True,True,True,verified
SUN_protect_no_rollback,H1A2_1200:0218,215,N4Ca2Co2,True,True,False,True,True,True,True,True,True,True,False,False,False,False,verified
SUN_protect_no_rollback,H1A2_1200:0219,216,O8Na4Cl2La2,True,True,False,True,True,True,True,True,True,True,False,False,False,False,verified
SUN_protect_no_rollback,H1A2_1200:0220,217,O8V2La2,True,True,False,True,True,True,True,True,True,True,False,True,False,True,verified
SUN_protect_no_rollback,H1A2_1200:0221,218,Cl6CuCs2Tl,True,True,False,True,True,True,True,True,True,True,False,True,False,True,verified
SUN_protect_no_rollback,H1A2_1200:0223,220,MgGa3,True,True,False,True,True,True,True,True,True,True,False,True,False,True,verified
SUN_protect_no_rollback,H1A2_1200:0224,221,H6O6Ca2Mn,True,True,False,True,True,True,True,True,True,True,False,True,False,True,verified
SUN_protect_no_rollback,H1A2_1200:0225,222,LiMn2Sb,True,True,False,True,True,True,True,True,True,True,False,False,False,False,verified
SUN_protect_no_rollback,H1A2_1200:0226,223,O8S2Zn4,True,True,False,True,True,True,True,True,True,True,False,False,False,False,verified
SUN_protect_no_rollback,H1A2_1200:0227,224,Ag2CdHg,True,True,False,True,True,True,True,True,True,True,False,True,False,True,verified
SUN_protect_no_rollback,H1A2_1200:0229,226,F6CoRb3,True,True,False,True,True,True,True,True,True,True,True,True,True,True,verified
SUN_protect_no_rollback,H1A2_1200:0230,227,O8Na4Mn3,True,True,False,True,True,True,True,True,True,True,False,True,False,True,verified
SUN_protect_no_rollback,H1A2_1200:0231,228,Cd2ErTm,True,True,False,True,True,True,True,True,True,True,False,True,False,True,verified
SUN_protect_no_rollback,H1A2_1200:0232,229,Sc6Hf2,True,True,False,True,True,True,True,True,True,True,False,True,False,True,verified
SUN_protect_no_rollback,H1A2_1200:0234,231,C2O6Fe,True,True,False,True,True,True,True,True,True,True,False,False,False,False,verified
SUN_protect_no_rollback,H1A2_1200:0235,232,S8Cr4Fe,True,True,False,True,True,True,True,True,True,True,False,False,False,False,verified
SUN_protect_no_rollback,H1A2_1200:0236,233,B3Fe9Ta3,False,False,False,True,False,True,True,True,False,False,False,False,False,False,verified
SUN_protect_no_rollback,H1A2_1200:0237,234,N2O2P2,True,True,False,True,True,True,False,False,False,False,True,True,False,False,verified
SUN_protect_no_rollback,H1A2_1200:0238,235,NaPd2,True,True,False,True,True,True,True,True,True,True,True,True,True,True,verified
SUN_protect_no_rollback,H1A2_1200:0239,236,O12Y2La2Ir2,True,True,False,True,True,True,True,True,True,True,True,True,True,True,verified
SUN_protect_no_rollback,H1A2_1200:0240,237,K3Br6Cs,False,False,False,True,False,True,True,True,False,False,False,False,False,False,verified
SUN_protect_no_rollback,H1A2_1200:0241,238,Se10Nb3,False,True,True,True,True,True,True,True,True,False,False,True,False,True,verified
SUN_protect_no_rollback,H1A2_1200:0242,239,As2Rb3Au,True,True,False,True,True,True,True,True,True,True,True,True,True,True,verified
SUN_protect_no_rollback,H1A2_1200:0243,240,O6SbCs2Sm,True,True,False,True,True,True,True,True,True,True,False,False,False,False,verified
SUN_protect_no_rollback,H1A2_1200:0244,241,B4Ca2Mn8,True,True,False,True,True,True,True,True,True,True,False,False,False,False,verified
SUN_protect_no_rollback,H1A2_1200:0245,242,O12Ge2Ba2La4,True,True,False,True,True,True,True,True,True,True,False,True,False,True,verified
SUN_protect_no_rollback,H1A2_1200:0246,243,Ga9Ag3Lu3,True,True,False,True,True,True,True,True,True,True,False,True,False,True,verified
SUN_protect_no_rollback,H1A2_1200:0247,244,Mn2Br6Pb,True,True,False,True,True,True,True,True,True,True,False,True,False,True,verified
SUN_protect_no_rollback,H1A2_1200:0248,245,O2F6K2Mn4,True,True,False,True,True,True,True,True,True,True,False,False,False,False,verified
SUN_protect_no_rollback,H1A2_1200:0249,246,O12Ti4Rh4,True,True,False,True,True,True,True,True,True,True,False,False,False,False,verified
SUN_protect_no_rollback,H1A2_1200:0250,247,O8Na2As2,True,True,False,True,True,True,True,True,True,True,False,False,False,False,verified
SUN_protect_no_rollback,H1A2_1200:0251,248,B2C2Al3Sm,True,True,False,True,True,True,True,True,True,True,False,False,False,False,verified
SUN_protect_no_rollback,H1A2_1200:0252,249,Al12Ga4,True,True,False,True,True,True,True,True,True,True,False,True,False,True,verified
SUN_protect_no_rollback,H1A2_1200:0253,250,O4Ni5Cd2,False,False,False,True,False,True,True,True,False,False,False,False,False,False,verified
SUN_protect_no_rollback,H1A2_1200:0254,251,RhHf2Ir,True,True,False,True,True,True,True,True,True,True,True,True,True,True,verified
SUN_protect_no_rollback,H1A2_1200:0255,252,Ti2Ge2Ce,True,True,False,True,True,True,True,True,True,True,False,False,False,False,verified
SUN_protect_no_rollback,H1A2_1200:0256,253,O6Sr2Pr2,True,True,False,True,True,True,True,True,True,True,False,False,False,False,verified
SUN_protect_no_rollback,H1A2_1200:0257,254,O6Na2TiCuLa,True,True,False,True,True,True,True,True,True,True,False,False,False,False,verified
SUN_protect_no_rollback,H1A2_1200:0258,255,O4F12Nb4,True,True,False,True,True,True,True,True,True,True,False,True,False,True,verified
SUN_protect_no_rollback,H1A2_1200:0260,256,In2EuTm,True,True,False,True,True,True,True,True,True,True,True,True,True,True,verified
SUN_protect_no_rollback,H1A2_1200:0261,257,Sb6La2Au2,True,True,False,True,True,True,True,True,True,True,True,True,True,True,verified
SUN_protect_no_rollback,H1A2_1200:0262,258,O6KIn2Th,True,True,False,True,True,True,True,True,True,True,False,False,False,False,verified
SUN_protect_no_rollback,H1A2_1200:0263,259,F12V4,True,True,False,True,True,True,True,True,True,True,False,True,False,True,verified
SUN_protect_no_rollback,H1A2_1200:0264,260,Li8O6F4,False,False,False,True,False,True,True,True,False,False,False,False,False,False,verified
SUN_protect_no_rollback,H1A2_1200:0265,261,Al12Nb4,True,True,False,True,True,True,True,True,True,True,False,False,False,False,verified
SUN_protect_no_rollback,H1A2_1200:0266,262,LiGaIr2,True,True,False,True,True,True,True,True,True,True,True,True,True,True,verified
SUN_protect_no_rollback,H1A2_1200:0267,263,O4Fe2Sr2,True,True,False,True,True,True,True,True,True,True,False,False,False,False,verified
SUN_protect_no_rollback,H1A2_1200:0268,264,Ni4ZnEr,True,True,False,True,True,True,True,True,True,True,True,True,True,True,verified
SUN_protect_no_rollback,H1A2_1200:0269,265,S2Se2Ho4,True,True,False,True,True,True,True,True,True,True,False,False,False,False,verified
SUN_protect_no_rollback,H1A2_1200:0270,266,O4Mg4I4,True,True,False,True,True,True,True,True,True,True,False,False,False,False,verified
SUN_protect_no_rollback,H1A2_1200:0271,267,F12K4As2,True,True,False,True,True,True,True,True,True,True,True,True,True,True,verified
SUN_protect_no_rollback,H1A2_1200:0272,268,P6Pd6,False,False,False,True,False,True,True,True,False,False,False,True,False,True,verified
SUN_protect_no_rollback,H1A2_1200:0273,269,Sn12Ho4,True,True,False,True,True,True,True,True,True,True,False,True,False,True,verified
SUN_protect_no_rollback,H1A2_1200:0274,270,Na3Cl6La,True,True,False,True,True,True,True,True,True,True,False,True,False,True,verified
SUN_protect_no_rollback,H1A2_1200:0275,271,Na2P4Cu4Se6,True,True,False,True,True,True,True,True,True,True,False,True,False,True,verified
SUN_protect_no_rollback,H1A2_1200:0276,272,Mg2P4Mn2,True,True,False,True,True,True,True,True,True,True,False,False,False,False,verified
SUN_protect_no_rollback,H1A2_1200:0277,273,CuZn3,True,True,False,True,True,True,True,True,True,True,False,True,False,True,verified
SUN_protect_no_rollback,H1A2_1200:0278,274,Sn6Tb10,True,True,False,True,True,True,True,True,True,True,False,True,False,True,verified
SUN_protect_no_rollback,H1A2_1200:0279,275,O12Mo4Te2,True,True,False,True,True,True,True,True,True,True,False,False,False,False,verified
SUN_protect_no_rollback,H1A2_1200:0280,276,Cu2I4Au,True,True,False,True,True,True,True,True,True,True,True,True,True,True,verified
SUN_protect_no_rollback,H1A2_1200:0281,277,O12V4Cr2,True,True,False,True,True,True,True,True,True,True,False,False,False,False,verified
SUN_protect_no_rollback,H1A2_1200:0282,278,H10K6Co2,True,True,False,True,True,True,True,True,True,True,True,True,True,True,verified
SUN_protect_no_rollback,H1A2_1200:0283,279,Cl6CrRb2Ag,True,True,False,True,True,True,True,True,True,True,True,True,True,True,verified
SUN_protect_no_rollback,H1A2_1200:0285,281,Al3S8Tb2,False,False,False,True,False,True,True,True,False,False,False,False,False,False,verified
SUN_protect_no_rollback,H1A2_1200:0286,282,Se8Tb4,True,True,False,True,True,True,True,True,True,True,False,False,False,False,verified
SUN_protect_no_rollback,H1A2_1200:0287,283,C2Fe2U2,True,True,False,True,True,True,True,True,True,True,False,True,False,True,verified
SUN_protect_no_rollback,H1A2_1200:0288,284,Ge3CeIr,True,True,False,True,True,True,False,False,False,False,False,True,False,False,verified
SUN_protect_no_rollback,H1A2_1200:0289,285,H2C2N2O2Cl2Cs2,True,True,False,True,True,True,True,True,True,True,False,False,False,False,verified
SUN_protect_no_rollback,H1A2_1200:0290,286,Ag3Ac,True,True,False,True,True,True,True,True,True,True,False,True,False,True,verified
SUN_protect_no_rollback,H1A2_1200:0291,287,F14Mg2Pd2Nd2,True,True,False,True,True,True,True,True,True,True,False,False,False,False,verified
SUN_protect_no_rollback,H1A2_1200:0292,288,O2F4Cu4,True,True,False,True,True,True,True,True,True,True,False,False,False,False,verified
SUN_protect_no_rollback,H1A2_1200:0293,289,S4Mn2Zn2,True,True,False,True,True,True,True,True,True,True,False,True,False,True,verified
SUN_protect_no_rollback,H1A2_1200:0294,290,LiS2AgIn,True,True,False,True,True,True,True,True,True,True,False,False,False,False,verified
SUN_protect_no_rollback,H1A2_1200:0295,291,Rh2InEr,True,True,False,True,True,True,False,False,False,False,False,True,False,False,verified
SUN_protect_no_rollback,H1A2_1200:0296,292,TiCu8Ge4,True,True,False,True,True,True,True,True,True,True,False,False,False,False,verified
SUN_protect_no_rollback,H1A2_1200:0297,293,S8Nd4Er2,True,True,False,True,True,True,True,True,True,True,False,True,False,True,verified
SUN_protect_no_rollback,H1A2_1200:0298,294,Sn2Sm,True,True,False,True,True,True,True,True,True,True,False,False,False,False,invalid_terminal
SUN_protect_no_rollback,H1A2_1200:0300,296,O8Ti2Mn2,True,True,False,True,True,True,True,True,True,True,False,True,False,True,verified
SUN_protect_no_rollback,H1A2_1200:0301,297,O8Ca2Sr2Gd2,True,True,False,True,True,True,True,True,True,True,False,False,False,False,verified
SUN_protect_no_rollback,H1A2_1200:0302,298,Ge4Tb4Ir4,True,True,False,True,True,True,True,True,True,True,True,True,True,True,verified
SUN_protect_no_rollback,H1A2_1200:0303,299,O7Ni2La2,True,True,False,True,True,True,True,True,True,True,False,False,False,False,verified
SUN_protect_no_rollback,H1A2_1200:0304,300,Li6Ge6Pm2,False,False,False,True,False,True,True,True,False,False,True,True,True,True,verified
SUN_protect_no_rollback,H1A2_1200:0305,301,H4,True,True,False,True,True,True,False,False,False,False,False,True,False,False,verified
SUN_protect_no_rollback,H1A2_1200:0306,302,Mg2S8CrIn2,True,True,False,True,True,True,True,True,True,True,False,False,False,False,verified
SUN_protect_no_rollback,H1A2_1200:0307,303,Si6Ni3Dy10,False,False,False,True,False,True,True,True,False,False,False,True,False,True,verified
SUN_protect_no_rollback,H1A2_1200:0308,304,O12Ca4Y2Ce2,True,True,False,True,True,True,True,True,True,True,False,True,False,True,verified
SUN_protect_no_rollback,H1A2_1200:0309,305,NaTl3,True,True,False,True,True,True,True,True,True,True,False,True,False,True,verified
SUN_protect_no_rollback,H1A2_1200:0310,306,O10P2Sb2Cs2,True,True,False,True,True,True,True,True,True,True,False,False,False,False,verified
SUN_protect_no_rollback,H1A2_1200:0311,307,O2F10Cu6,True,True,False,True,True,True,True,True,True,True,False,True,False,True,verified
SUN_protect_no_rollback,H1A2_1200:0312,308,O8Fe4Sr2,True,True,False,True,True,True,True,True,True,True,False,False,False,False,verified
SUN_protect_no_rollback,H1A2_1200:0314,310,O6Na2Ti2Rb4,True,True,False,True,True,True,True,True,True,True,False,False,False,False,verified
SUN_protect_no_rollback,H1A2_1200:0315,311,Se3MoTe2W,True,True,False,True,True,True,True,True,True,True,False,False,False,False,verified
SUN_protect_no_rollback,H1A2_1200:0316,312,F6Ga2Ag,True,True,False,True,True,True,True,True,True,True,False,False,False,False,verified
SUN_protect_no_rollback,H1A2_1200:0317,313,Li4O8P2Cu2,True,True,False,True,True,True,False,False,False,False,False,True,False,False,verified
SUN_protect_no_rollback,H1A2_1200:0318,314,O8K4Nb2,True,True,False,True,True,True,True,True,True,True,False,False,False,False,verified
SUN_protect_no_rollback,H1A2_1200:0319,315,O12Cu4Sr2W2,True,True,False,True,True,True,True,True,True,True,False,False,False,False,verified
SUN_protect_no_rollback,H1A2_1200:0320,316,Sb4,True,True,False,True,True,True,True,True,True,True,False,True,False,True,verified
SUN_protect_no_rollback,H1A2_1200:0321,317,O8Zn3Sb2,True,True,False,True,True,True,True,True,True,True,False,False,False,False,verified
SUN_protect_no_rollback,H1A2_1200:0322,318,O12Sr4La2Ta2,True,True,False,True,True,True,True,True,True,True,False,False,False,False,verified
SUN_protect_no_rollback,H1A2_1200:0324,319,Si2Pt2U,False,False,False,True,False,True,True,True,False,False,False,True,False,True,verified
SUN_protect_no_rollback,H1A2_1200:0325,320,Li2O4SeTe,True,True,False,True,True,True,True,True,True,True,False,False,False,False,verified
SUN_protect_no_rollback,H1A2_1200:0326,321,MgGa3,True,True,False,True,True,True,True,True,True,True,False,True,False,True,verified
SUN_protect_no_rollback,H1A2_1200:0327,322,Li2O6V3Mn,True,True,False,True,True,True,True,True,True,True,False,True,False,True,verified
SUN_protect_no_rollback,H1A2_1200:0328,323,Co2Ge2Dy,True,True,False,True,True,True,True,True,True,True,False,False,False,False,verified
SUN_protect_no_rollback,H1A2_1200:0329,324,Si8Tb8Re4,False,False,False,True,False,True,True,True,False,False,False,False,False,False,verified
SUN_protect_no_rollback,H1A2_1200:0330,325,Co4Ni4Ce4,True,True,False,True,True,True,True,True,True,True,False,False,False,False,verified
SUN_protect_no_rollback,H1A2_1200:0331,326,Cu2Ge2Sm,True,True,False,True,True,True,True,True,True,True,False,True,False,True,verified
SUN_protect_no_rollback,H1A2_1200:0332,327,S4Ti2Rb2,True,True,False,True,True,True,True,True,True,True,False,False,False,False,verified
SUN_protect_no_rollback,H1A2_1200:0333,328,O6K2MnCuW,True,True,False,True,True,True,True,True,True,True,False,False,False,False,verified
SUN_protect_no_rollback,H1A2_1200:0335,330,Ge4Ru2Tb2,True,True,False,True,True,True,True,True,True,True,False,True,False,True,verified
SUN_protect_no_rollback,H1A2_1200:0336,331,NaCu2ZnSe4,True,True,False,True,True,True,True,True,True,True,False,True,False,True,verified
SUN_protect_no_rollback,H1A2_1200:0337,332,Co4Ga12Ce2,True,True,False,True,True,True,True,True,True,True,False,True,False,True,verified
SUN_protect_no_rollback,H1A2_1200:0338,333,Mg2Rh3,True,True,False,True,True,True,True,True,True,True,False,True,False,True,verified
SUN_protect_no_rollback,H1A2_1200:0339,334,O8P2KCu3,True,True,False,True,True,True,True,True,True,True,False,True,False,True,verified
SUN_protect_no_rollback,H1A2_1200:0340,335,O4K2Ag2,True,True,False,True,True,True,True,True,True,True,False,False,False,False,verified
SUN_protect_no_rollback,H1A2_1200:0341,336,PdSnPr2,True,True,False,True,True,True,True,True,True,True,False,True,False,True,verified
SUN_protect_no_rollback,H1A2_1200:0342,337,H8N2F6K2,True,True,False,True,True,True,True,True,True,True,False,False,False,False,verified
SUN_protect_no_rollback,H1A2_1200:0343,338,YRh3,True,True,False,True,True,True,True,True,True,True,False,True,False,True,verified
SUN_protect_no_rollback,H1A2_1200:0344,339,Ge12Nd4,True,True,False,True,True,True,True,True,True,True,False,True,False,True,verified
SUN_protect_no_rollback,H1A2_1200:0345,340,O4Mg4,True,True,False,True,True,True,False,False,False,False,False,True,False,False,verified
SUN_protect_no_rollback,H1A2_1200:0346,341,O12Na4P2Ag2,True,True,False,True,True,True,True,True,True,True,False,False,False,False,verified
SUN_protect_no_rollback,H1A2_1200:0347,342,MgCd2Ho,True,True,False,True,True,True,False,False,False,False,False,True,False,False,verified
SUN_protect_no_rollback,H1A2_1200:0348,343,Se8Sn4Cs4,True,True,False,True,True,True,True,True,True,True,False,True,False,True,verified
SUN_protect_no_rollback,H1A2_1200:0349,344,Ge10Pr6,True,True,False,True,True,True,True,True,True,True,False,True,False,True,verified
SUN_protect_no_rollback,H1A2_1200:0350,345,Ge4La3Ir4,True,True,False,True,True,True,True,True,True,True,False,False,False,False,verified
SUN_protect_no_rollback,H1A2_1200:0351,346,Co2Ga3Ho,True,True,False,True,True,True,True,True,True,True,False,True,False,True,verified
SUN_protect_no_rollback,H1A2_1200:0352,347,Mg2Sm4,True,True,False,True,True,True,False,False,False,False,False,True,False,False,verified
SUN_protect_no_rollback,H1A2_1200:0353,348,B4Al2Tb2,True,True,False,True,True,True,True,True,True,True,False,False,False,False,verified
SUN_protect_no_rollback,H1A2_1200:0354,349,O8Cu2Rb4,True,True,False,True,True,True,True,True,True,True,False,False,False,False,verified
SUN_protect_no_rollback,H1A2_1200:0355,350,As4Sr2Sn2,True,True,False,True,True,True,True,True,True,True,False,True,False,True,verified
SUN_protect_no_rollback,H1A2_1200:0356,351,Cl6K2RbSb,True,True,False,True,True,True,True,True,True,True,False,True,False,True,verified
SUN_protect_no_rollback,H1A2_1200:0357,352,MgNi4Hf,True,True,False,True,True,True,True,True,True,True,False,True,False,True,verified
SUN_protect_no_rollback,H1A2_1200:0358,353,B2O6La2,True,True,False,True,True,True,True,True,True,True,False,True,False,True,verified
SUN_protect_no_rollback,H1A2_1200:0360,355,B4Fe5Zr3,True,True,False,True,True,True,True,True,True,True,False,False,False,False,verified
SUN_protect_no_rollback,H1A2_1200:0361,356,Si2Sc2Tb,True,True,False,True,True,True,True,True,True,True,False,False,False,False,verified
SUN_protect_no_rollback,H1A2_1200:0362,357,O12Co2W4,True,True,False,True,True,True,True,True,True,True,False,True,False,True,verified
SUN_protect_no_rollback,H1A2_1200:0363,358,O4Sc2Cs2,True,True,False,True,True,True,True,True,True,True,True,True,True,True,verified
SUN_protect_no_rollback,H1A2_1200:0364,359,Li2O4Y2,True,True,False,True,True,True,True,True,True,True,False,True,False,True,verified
SUN_protect_no_rollback,H1A2_1200:0365,360,Li4O8Ti2Fe2,True,True,False,True,True,True,True,True,True,True,False,True,False,True,verified
SUN_protect_no_rollback,H1A2_1200:0366,361,CdGd2Ir,True,True,False,True,True,True,True,True,True,True,True,True,True,True,verified
SUN_protect_no_rollback,H1A2_1200:0367,362,Al2S8Nb4,False,True,True,True,True,True,True,True,True,False,False,True,False,True,verified
SUN_protect_no_rollback,H1A2_1200:0368,363,LiO6La2Bi,True,True,False,True,True,True,True,True,True,True,False,True,False,True,verified
SUN_protect_no_rollback,H1A2_1200:0369,364,C2Ru2Er2,True,True,False,True,True,True,True,True,True,True,True,True,True,True,verified
SUN_protect_no_rollback,H1A2_1200:0370,365,Ge4Th2,True,True,False,True,True,True,True,True,True,True,False,False,False,False,verified
SUN_protect_no_rollback,H1A2_1200:0372,367,O4Cl2Mn2,True,True,False,True,True,True,True,True,True,True,False,False,False,False,verified
SUN_protect_no_rollback,H1A2_1200:0373,368,Cu4Sn4Ce3,True,True,False,True,True,True,True,True,True,True,False,True,False,True,verified
SUN_protect_no_rollback,H1A2_1200:0374,369,Ge4Ru4Dy4,True,True,False,True,True,True,True,True,True,True,False,True,False,True,verified
SUN_protect_no_rollback,H1A2_1200:0375,370,O4P2Ag2,True,True,False,True,True,True,True,True,True,True,False,False,False,False,verified
SUN_protect_no_rollback,H1A2_1200:0376,371,Si4Co4Sm4,True,True,False,True,True,True,True,True,True,True,False,False,False,False,verified
SUN_protect_no_rollback,H1A2_1200:0377,372,O2BrTl,True,True,False,True,True,True,True,True,True,True,False,False,False,False,verified
SUN_protect_no_rollback,H1A2_1200:0378,373,Li5O6Ge,False,False,False,True,False,True,True,True,False,False,False,True,False,True,verified
SUN_protect_no_rollback,H1A2_1200:0379,374,S4Br4Cd4,True,True,False,True,True,True,True,True,True,True,False,False,False,False,verified
SUN_protect_no_rollback,H1A2_1200:0381,376,S4Se4Mo3W,True,True,False,True,True,True,True,True,True,True,False,False,False,False,verified
SUN_protect_no_rollback,H1A2_1200:0382,377,F6Al2,True,True,False,True,True,True,True,True,True,True,False,False,False,False,verified
SUN_protect_no_rollback,H1A2_1200:0383,378,AgEu,True,True,False,True,True,True,True,True,True,True,True,True,True,True,verified
SUN_protect_no_rollback,H1A2_1200:0384,379,O6Ba2SmTb,False,False,False,True,False,True,True,True,False,False,False,False,False,False,verified
SUN_protect_no_rollback,H1A2_1200:0386,381,Cd4In2Ba2,True,True,False,True,True,True,True,True,True,True,False,True,False,True,verified
SUN_protect_no_rollback,H1A2_1200:0387,382,CuGe4La2,True,True,False,True,True,True,True,True,True,True,False,True,False,True,verified
SUN_protect_no_rollback,H1A2_1200:0388,383,O8Cr2Sr2,True,True,False,True,True,True,True,True,True,True,False,True,False,True,verified
SUN_protect_no_rollback,H1A2_1200:0389,384,LiPdIn2,True,True,False,True,True,True,True,True,True,True,False,True,False,True,verified
SUN_protect_no_rollback,H1A2_1200:0390,385,S8Zr2Nb3,True,True,False,True,True,True,True,True,True,True,False,False,False,False,verified
SUN_protect_no_rollback,H1A2_1200:0391,386,O12Mn2Fe2Er4,True,True,False,True,True,True,True,True,True,True,False,True,False,True,verified
SUN_protect_no_rollback,H1A2_1200:0393,388,Li4O8Fe2Ni2,True,True,False,True,True,True,True,True,True,True,False,False,False,False,verified
SUN_protect_no_rollback,H1A2_1200:0395,389,O4Cu3Bi,True,True,False,True,True,True,True,True,True,True,False,False,False,False,verified
SUN_protect_no_rollback,H1A2_1200:0396,390,O12Ca4Bi4,True,True,False,True,True,True,True,True,True,True,False,True,False,True,verified
SUN_protect_no_rollback,H1A2_1200:0397,391,O6FeSr2Sb,True,True,False,True,True,True,True,True,True,True,False,True,False,True,verified
SUN_protect_no_rollback,H1A2_1200:0398,392,Co4Ta12,True,True,False,True,True,True,True,True,True,True,False,False,False,False,verified
SUN_protect_no_rollback,H1A2_1200:0399,393,S2KAg,True,True,False,True,True,True,True,True,True,True,False,True,False,True,verified
SUN_protect_no_rollback,H1A2_1200:0400,394,S2SnLa2,True,True,False,True,True,True,True,True,True,True,False,True,False,True,verified
SUN_protect_no_rollback,H1A2_1200:0401,395,S4Ag4,True,True,False,True,True,True,True,True,True,True,False,False,False,False,verified
SUN_protect_no_rollback,H1A2_1200:0402,396,O12Ca2Ti3Sr2La,True,True,False,True,True,True,True,True,True,True,False,True,False,True,verified
SUN_protect_no_rollback,H1A2_1200:0403,397,Hf2OsIr,True,True,False,True,True,True,True,True,True,True,False,False,False,False,invalid_terminal
SUN_protect_no_rollback,H1A2_1200:0404,398,S2Se4W3,True,True,False,True,True,True,True,True,True,True,False,False,False,False,verified
SUN_protect_no_rollback,H1A2_1200:0405,399,O10V4,True,True,False,True,True,True,True,True,True,True,False,False,False,False,verified
SUN_protect_no_rollback,H1A2_1200:0406,400,S12Sc2Ba4Hf2,False,False,False,True,False,True,True,True,False,False,False,False,False,False,verified
SUN_protect_no_rollback,H1A2_1200:0407,401,F12Na3Ti2Cs2,False,True,True,True,True,True,True,True,True,False,False,False,False,False,verified
SUN_protect_no_rollback,H1A2_1200:0408,402,B4O9Ce3,True,True,False,True,True,True,True,True,True,True,False,False,False,False,verified
SUN_protect_no_rollback,H1A2_1200:0409,403,O12Mn4Fe2Sn2,True,True,False,True,True,True,True,True,True,True,False,False,False,False,verified
SUN_protect_no_rollback,H1A2_1200:0410,404,B8Fe4Tm8,True,True,False,True,True,True,True,True,True,True,False,False,False,False,verified
SUN_protect_no_rollback,H1A2_1200:0411,405,Pd2CdBi,True,True,False,True,True,True,True,True,True,True,False,True,False,True,verified
SUN_protect_no_rollback,H1A2_1200:0412,406,Si4Pd4Nd3,False,False,False,True,False,True,True,True,False,False,False,True,False,True,verified
SUN_protect_no_rollback,H1A2_1200:0413,407,B6Ca2Rh12,False,False,False,True,False,True,True,True,False,False,False,True,False,True,verified
SUN_protect_no_rollback,H1A2_1200:0414,408,Pd6Sn8,True,True,False,True,True,True,True,True,True,True,False,True,False,True,verified
SUN_protect_no_rollback,H1A2_1200:0415,409,Pd2Ho6,True,True,False,True,True,True,True,True,True,True,False,True,False,True,verified
SUN_protect_no_rollback,H1A2_1200:0416,410,As4In4Eu4,True,True,False,True,True,True,True,True,True,True,False,True,False,True,verified
SUN_protect_no_rollback,H1A2_1200:0417,411,S6Cr2Ba2,True,True,False,True,True,True,True,True,True,True,False,False,False,False,verified
SUN_protect_no_rollback,H1A2_1200:0418,412,CuIn4Ho2,True,True,False,True,True,True,True,True,True,True,False,False,False,False,verified
SUN_protect_no_rollback,H1A2_1200:0420,413,S6K2Mo2Tl2,True,True,False,True,True,True,True,True,True,True,False,True,False,True,verified
SUN_protect_no_rollback,H1A2_1200:0421,414,O4Ti2,True,True,False,True,True,True,True,True,True,True,False,False,False,False,verified
SUN_protect_no_rollback,H1A2_1200:0422,415,Al4Co4Hf4,True,True,False,True,True,True,True,True,True,True,False,True,False,True,verified
SUN_protect_no_rollback,H1A2_1200:0423,416,N6Zn4Mo2,True,True,False,True,True,True,True,True,True,True,False,False,False,False,verified
SUN_protect_no_rollback,H1A2_1200:0424,417,Na3Sb,True,True,False,True,True,True,True,True,True,True,False,True,False,True,verified
SUN_protect_no_rollback,H1A2_1200:0425,418,Mg2GaPd,True,True,False,True,True,True,False,False,False,False,True,True,False,False,verified
SUN_protect_no_rollback,H1A2_1200:0426,419,Al4Ga4Nb4,True,True,False,True,True,True,True,True,True,True,False,True,False,True,verified
SUN_protect_no_rollback,H1A2_1200:0427,420,Sb8Nd6,True,True,False,True,True,True,True,True,True,True,False,True,False,True,verified
SUN_protect_no_rollback,H1A2_1200:0428,421,S8Cu2Ba4Bi2,True,True,False,True,True,True,True,True,True,True,False,True,False,True,verified
SUN_protect_no_rollback,H1A2_1200:0429,422,Li2S8V3Rb2,True,True,False,True,True,True,True,True,True,True,False,True,False,True,verified
SUN_protect_no_rollback,H1A2_1200:0430,423,F12K4Mo2,True,True,False,True,True,True,True,True,True,True,True,True,True,True,verified
SUN_protect_no_rollback,H1A2_1200:0431,424,N2O2Ga2,True,True,False,True,True,True,True,True,True,True,False,False,False,False,verified
SUN_protect_no_rollback,H1A2_1200:0432,425,LiCl6Cs2Ce,True,True,False,True,True,True,True,True,True,True,True,True,True,True,verified
SUN_protect_no_rollback,H1A2_1200:0433,426,Ni4Y4Sn2,True,True,False,True,True,True,True,True,True,True,True,True,True,True,verified
SUN_protect_no_rollback,H1A2_1200:0434,427,Si8Pd6U3,False,False,False,True,False,True,True,True,False,False,False,False,False,False,verified
SUN_protect_no_rollback,H1A2_1200:0435,428,O12Ca2Sr2Ru4,True,True,False,True,True,True,True,True,True,True,False,False,False,False,verified
SUN_protect_no_rollback,H1A2_1200:0436,429,B2Mo4,True,True,False,True,True,True,True,True,True,True,False,False,False,False,verified
SUN_protect_no_rollback,H1A2_1200:0437,430,K4Br12Pb2,True,True,False,True,True,True,True,True,True,True,True,True,True,True,verified
SUN_protect_no_rollback,H1A2_1200:0438,431,P12Ni2Tm6,True,True,False,True,True,True,True,True,True,True,False,False,False,False,verified
SUN_protect_no_rollback,H1A2_1200:0439,432,Cl6Cs2Er,True,True,False,True,True,True,True,True,True,True,True,True,True,True,verified
SUN_protect_no_rollback,H1A2_1200:0440,433,O2F10Mn6,True,True,False,True,True,True,True,True,True,True,False,True,False,True,verified
SUN_protect_no_rollback,H1A2_1200:0441,434,O8Ca2Ti2Zn2,True,True,False,True,True,True,True,True,True,True,False,False,False,False,verified
SUN_protect_no_rollback,H1A2_1200:0442,435,Li4O8MnCo3,True,True,False,True,True,True,True,True,True,True,False,False,False,False,verified
SUN_protect_no_rollback,H1A2_1200:0443,436,Al2Cu2Tm,True,True,False,True,True,True,True,True,True,True,False,True,False,True,verified
SUN_protect_no_rollback,H1A2_1200:0444,437,AgNd,True,True,False,True,True,True,False,False,False,False,True,True,False,False,verified
SUN_protect_no_rollback,H1A2_1200:0445,438,Co2GaHo,True,True,False,True,True,True,True,True,True,True,False,True,False,True,verified
SUN_protect_no_rollback,H1A2_1200:0446,439,H8P2Ca2,True,True,False,True,True,True,True,True,True,True,False,True,False,True,verified
SUN_protect_no_rollback,H1A2_1200:0447,440,F6AlCs2,False,False,False,True,False,True,True,True,False,False,True,True,True,True,verified
SUN_protect_no_rollback,H1A2_1200:0448,441,Li2O8Ti2Fe2,True,True,False,True,True,True,True,True,True,True,False,False,False,False,verified
SUN_protect_no_rollback,H1A2_1200:0449,442,O8P2Bi2,True,True,False,True,True,True,True,True,True,True,False,True,False,True,verified
SUN_protect_no_rollback,H1A2_1200:0450,443,Sc2AgTl,True,True,False,True,True,True,True,True,True,True,False,True,False,True,verified
SUN_protect_no_rollback,H1A2_1200:0451,444,Se8Ag2Er4,True,True,False,True,True,True,True,True,True,True,True,True,True,True,verified
SUN_protect_no_rollback,H1A2_1200:0452,445,Ca12,True,True,False,True,True,True,True,True,True,True,False,True,False,True,verified
SUN_protect_no_rollback,H1A2_1200:0453,446,O6Al2Ba2,False,False,False,True,False,True,True,True,False,False,False,False,False,False,verified
SUN_protect_no_rollback,H1A2_1200:0454,447,Li2F10Fe4,True,True,False,True,True,True,True,True,True,True,False,False,False,False,verified
SUN_protect_no_rollback,H1A2_1200:0455,448,Se2Mo6Te6,False,False,False,True,False,True,True,True,False,False,True,True,True,True,verified
SUN_protect_no_rollback,H1A2_1200:0456,449,O12P4Y2,True,True,False,True,True,True,True,True,True,True,False,False,False,False,verified
SUN_protect_no_rollback,H1A2_1200:0457,450,CuGa8La2,True,True,False,True,True,True,True,True,True,True,True,True,True,True,verified
SUN_protect_no_rollback,H1A2_1200:0458,451,Na6Br12Sn2,True,True,False,True,True,True,True,True,True,True,False,True,False,True,verified
SUN_protect_no_rollback,H1A2_1200:0459,452,Li2Pd,True,True,False,True,True,True,True,True,True,True,False,False,False,False,verified
SUN_protect_no_rollback,H1A2_1200:0460,453,O12Sr2Nd2Gd2Bi2,True,True,False,True,True,True,True,True,True,True,False,False,False,False,verified
SUN_protect_no_rollback,H1A2_1200:0461,454,Li2F6V,True,True,False,True,True,True,True,True,True,True,False,True,False,True,verified
SUN_protect_no_rollback,H1A2_1200:0462,455,Se2Ag2Sb2,True,True,False,True,True,True,True,True,True,True,False,True,False,True,verified
SUN_protect_no_rollback,H1A2_1200:0463,456,O12Si4Co2,True,True,False,True,True,True,True,True,True,True,False,False,False,False,verified
SUN_protect_no_rollback,H1A2_1200:0465,457,Co2Zn2Y,True,True,False,True,True,True,True,True,True,True,False,True,False,True,verified
SUN_protect_no_rollback,H1A2_1200:0466,458,O8Na2Si2Zn2,True,True,False,True,True,True,True,True,True,True,False,False,False,False,verified
SUN_protect_no_rollback,H1A2_1200:0467,459,O2Ag2Cd2,False,False,False,True,False,True,True,True,False,False,False,False,False,False,verified
SUN_protect_no_rollback,H1A2_1200:0468,460,O8Zn2W2,True,True,False,True,True,True,True,True,True,True,False,False,False,False,verified
SUN_protect_no_rollback,H1A2_1200:0469,461,CoNiTe2,True,True,False,True,True,True,True,True,True,True,False,True,False,True,verified
SUN_protect_no_rollback,H1A2_1200:0470,462,Li2O6MnCu3,True,True,False,True,True,True,True,True,True,True,False,False,False,False,verified
SUN_protect_no_rollback,H1A2_1200:0471,463,Cl6K2Tb,True,True,False,True,True,True,True,True,True,True,True,True,True,True,verified
SUN_protect_no_rollback,H1A2_1200:0472,464,LiS2Tb,True,True,False,True,True,True,True,True,True,True,False,True,False,True,verified
SUN_protect_no_rollback,H1A2_1200:0473,465,K3Te4Tl,True,True,False,True,True,True,True,True,True,True,False,True,False,True,verified
SUN_protect_no_rollback,H1A2_1200:0474,466,O4F4V4,True,True,False,True,True,True,True,True,True,True,False,False,False,False,verified
SUN_protect_no_rollback,H1A2_1200:0475,467,Cu2ZnAu,True,True,False,True,True,True,True,True,True,True,False,True,False,True,verified
SUN_protect_no_rollback,H1A2_1200:0476,468,Ni2Sn2Eu,True,True,False,True,True,True,True,True,True,True,True,True,True,True,verified
SUN_protect_no_rollback,H1A2_1200:0477,469,O8Na8P2,True,True,False,True,True,True,True,True,True,True,False,False,False,False,verified
SUN_protect_no_rollback,H1A2_1200:0478,470,S6V3Cu4Se2,True,True,False,True,True,True,True,True,True,True,False,False,False,False,verified
SUN_protect_no_rollback,H1A2_1200:0479,471,H2O2Cl2Ca2,True,True,False,True,True,True,True,True,True,True,True,True,True,True,verified
SUN_protect_no_rollback,H1A2_1200:0480,472,Li4F12Mn4,True,True,False,True,True,True,True,True,True,True,False,True,False,True,verified
SUN_protect_no_rollback,H1A2_1200:0481,473,O6MoBa2Pr,True,True,False,True,True,True,True,True,True,True,True,True,True,True,verified
SUN_protect_no_rollback,H1A2_1200:0482,474,O6Ba2W2,True,True,False,True,True,True,True,True,True,True,False,False,False,False,verified
SUN_protect_no_rollback,H1A2_1200:0483,475,O12Ba4Er2Hf2,True,True,False,True,True,True,True,True,True,True,False,False,False,False,verified
SUN_protect_no_rollback,H1A2_1200:0484,476,Cl6GaRb2Ag,True,True,False,True,True,True,False,False,False,False,False,True,False,False,verified
SUN_protect_no_rollback,H1A2_1200:0485,477,B4Ru3Lu3,False,False,False,True,False,True,True,True,False,False,False,True,False,True,verified
SUN_protect_no_rollback,H1A2_1200:0486,478,Si2Cu2Y2,False,False,False,True,False,True,False,False,False,False,True,True,False,False,verified
SUN_protect_no_rollback,H1A2_1200:0487,479,C2N4Cl2Zr2,True,True,False,True,True,True,True,True,True,True,False,False,False,False,verified
SUN_protect_no_rollback,H1A2_1200:0488,480,Li3Mg3,True,True,False,True,True,True,True,True,True,True,False,True,False,True,verified
SUN_protect_no_rollback,H1A2_1200:0489,481,Li2F12Mn2,True,True,False,True,True,True,True,True,True,True,False,False,False,False,verified
SUN_protect_no_rollback,H1A2_1200:0490,482,Li4O8Ni3As,True,True,False,True,True,True,True,True,True,True,False,True,False,True,verified
SUN_protect_no_rollback,H1A2_1200:0492,484,O6WPb2,True,True,False,True,True,True,True,True,True,True,False,False,False,False,verified
SUN_protect_no_rollback,H1A2_1200:0493,485,Ge6Tm2Ir4,True,True,False,True,True,True,True,True,True,True,False,True,False,True,verified
SUN_protect_no_rollback,H1A2_1200:0494,486,O12Fe4Cu4,True,True,False,True,True,True,True,True,True,True,False,False,False,False,verified
SUN_protect_no_rollback,H1A2_1200:0495,487,C8GdTb4,True,True,False,True,True,True,True,True,True,True,False,False,False,False,invalid_terminal
SUN_protect_no_rollback,H1A2_1200:0496,488,O12Fe4Ce4,True,True,False,True,True,True,True,True,True,True,False,False,False,False,verified
SUN_protect_no_rollback,H1A2_1200:0497,489,P2S6V2,True,True,False,True,True,True,True,True,True,True,False,True,False,True,verified
SUN_protect_no_rollback,H1A2_1200:0498,490,N6Ca2Nb4,True,True,False,True,True,True,True,True,True,True,False,False,False,False,verified
SUN_protect_no_rollback,H1A2_1200:0499,491,MgCd,True,True,False,True,True,True,True,True,True,True,False,True,False,True,verified
SUN_protect_no_rollback,H1A2_1200:0500,492,Mg2LaLu,True,True,False,True,True,True,True,True,True,True,False,True,False,True,verified
SUN_protect_no_rollback,H1A2_1200:0501,493,O8MgV2Zn,True,True,False,True,True,True,True,True,True,True,False,False,False,False,verified
SUN_protect_no_rollback,H1A2_1200:0502,494,Cl6K2RbBi,True,True,False,True,True,True,True,True,True,True,True,True,True,True,verified
SUN_protect_no_rollback,H1A2_1200:0503,495,O10Mn2Sr2Ba2EuTa,True,True,False,True,True,True,True,True,True,True,False,False,False,False,verified
SUN_protect_no_rollback,H1A2_1200:0504,496,O8Co4Cd2,True,True,False,True,True,True,True,True,True,True,False,False,False,False,verified
SUN_protect_no_rollback,H1A2_1200:0505,497,O2F10Co6,True,True,False,True,True,True,True,True,True,True,False,False,False,False,verified
SUN_protect_no_rollback,H1A2_1200:0506,498,LiGaIr2,True,True,False,True,True,True,True,True,True,True,True,True,True,True,verified
SUN_protect_no_rollback,H1A2_1200:0507,499,Cu2Ge2Ho2,True,True,False,True,True,True,True,True,True,True,False,True,False,True,verified
SUN_protect_no_rollback,H1A2_1200:0508,500,O4Cu2Ba2,True,True,False,True,True,True,True,True,True,True,False,False,False,False,verified
SUN_protect_no_rollback,H1A2_1200:0509,501,Se8Nb3Sn3,False,True,True,True,True,True,True,True,True,False,False,False,False,False,verified
SUN_protect_no_rollback,H1A2_1200:0510,502,Li2O8Ni5,False,True,True,True,True,True,True,True,True,False,False,True,False,True,verified
SUN_protect_no_rollback,H1A2_1200:0511,503,Li4O8V2Cr2,True,True,False,True,True,True,True,True,True,True,False,True,False,True,verified
SUN_protect_no_rollback,H1A2_1200:0512,504,Si2Ni2Tb2,False,False,False,True,False,True,True,True,False,False,False,True,False,True,verified
SUN_protect_no_rollback,H1A2_1200:0513,505,Ge4Se8Sm4,True,True,False,True,True,True,True,True,True,True,False,False,False,False,verified
SUN_protect_no_rollback,H1A2_1200:0514,506,O8Na4S2Cu2,True,True,False,True,True,True,True,True,True,True,False,False,False,False,verified
SUN_protect_no_rollback,H1A2_1200:0515,507,O8Cu3Y2Ba,True,True,False,True,True,True,True,True,True,True,False,False,False,False,verified
SUN_protect_no_rollback,H1A2_1200:0516,508,Zn4Tb4Pt4,True,True,False,True,True,True,True,True,True,True,False,False,False,False,verified
SUN_protect_no_rollback,H1A2_1200:0517,509,Li2O12Nb4Ba2,False,True,True,True,True,True,True,True,True,False,False,False,False,False,verified
SUN_protect_no_rollback,H1A2_1200:0518,510,Li2F8V2,True,True,False,True,True,True,True,True,True,True,False,False,False,False,verified
SUN_protect_no_rollback,H1A2_1200:0519,511,S4Se4Mo3W,True,True,False,True,True,True,True,True,True,True,False,False,False,False,verified
SUN_protect_no_rollback,H1A2_1200:0520,512,O6CaFeSr2Bi,True,True,False,True,True,True,True,True,True,True,False,False,False,False,verified
SUN_protect_no_rollback,H1A2_1200:0521,513,Si2Co2Tb2,True,True,False,True,True,True,True,True,True,True,False,True,False,True,verified
SUN_protect_no_rollback,H1A2_1200:0522,514,Li2Si2,True,True,False,True,True,True,True,True,True,True,False,False,False,False,verified
SUN_protect_no_rollback,H1A2_1200:0523,515,O12Ca4Zr2W2,True,True,False,True,True,True,True,True,True,True,False,True,False,True,verified
SUN_protect_no_rollback,H1A2_1200:0524,516,Ni4As4,True,True,False,True,True,True,True,True,True,True,True,True,True,True,verified
SUN_protect_no_rollback,H1A2_1200:0525,517,Li2O8CrNi3,True,True,False,True,True,True,True,True,True,True,False,False,False,False,verified
SUN_protect_no_rollback,H1A2_1200:0526,518,Li2F12Mn2,True,True,False,True,True,True,True,True,True,True,False,True,False,True,verified
SUN_protect_no_rollback,H1A2_1200:0527,519,F6Cs2Bi,True,True,False,True,True,True,True,True,True,True,True,True,True,True,verified
SUN_protect_no_rollback,H1A2_1200:0528,520,S8Zr2Ba4,True,True,False,True,True,True,True,True,True,True,False,True,False,True,verified
SUN_protect_no_rollback,H1A2_1200:0529,521,Ca4Ag4In4,True,True,False,True,True,True,True,True,True,True,False,True,False,True,verified
SUN_protect_no_rollback,H1A2_1200:0531,523,Sn3Te2,True,True,False,True,True,True,True,True,True,True,False,True,False,True,verified
SUN_protect_no_rollback,H1A2_1200:0532,524,C4AlFe10Y2,False,True,True,True,True,True,True,True,True,False,False,False,False,False,verified
SUN_protect_no_rollback,H1A2_1200:0533,525,O8Fe4Ba2,True,True,False,True,True,True,True,True,True,True,False,True,False,True,verified
SUN_protect_no_rollback,H1A2_1200:0534,526,CuI6Cs2Tl,True,True,False,True,True,True,True,True,True,True,False,True,False,True,verified
SUN_protect_no_rollback,H1A2_1200:0535,527,F12Zn4Cs4,True,True,False,True,True,True,True,True,True,True,False,True,False,True,verified
SUN_protect_no_rollback,H1A2_1200:0536,528,Si2FeTh2,True,True,False,True,True,True,True,True,True,True,False,True,False,True,verified
SUN_protect_no_rollback,H1A2_1200:0537,529,O12Na4P4,True,True,False,True,True,True,True,True,True,True,False,True,False,True,verified
SUN_protect_no_rollback,H1A2_1200:0538,530,F6KCs2Hg,False,False,False,True,False,True,True,True,False,False,True,True,True,True,verified
SUN_protect_no_rollback,H1A2_1200:0539,531,As2Pd2Er2,False,False,False,True,False,True,True,True,False,False,False,True,False,True,verified
SUN_protect_no_rollback,H1A2_1200:0540,532,NaCaRh2,True,True,False,True,True,True,True,True,True,True,False,False,False,False,verified
SUN_protect_no_rollback,H1A2_1200:0541,533,Ga2Au4,True,True,False,True,True,True,True,True,True,True,False,True,False,True,verified
SUN_protect_no_rollback,H1A2_1200:0542,534,Zn2GaAgTe4,True,True,False,True,True,True,True,True,True,True,False,True,False,True,verified
SUN_protect_no_rollback,H1A2_1200:0543,535,Li8N6Mn2,True,True,False,True,True,True,True,True,True,True,False,False,False,False,verified
SUN_protect_no_rollback,H1A2_1200:0544,536,H10Na4Ca4,False,False,False,True,False,True,True,True,False,False,False,True,False,True,verified
SUN_protect_no_rollback,H1A2_1200:0545,537,Li8O6Pd,True,True,False,True,True,True,True,True,True,True,False,False,False,False,verified
SUN_protect_no_rollback,H1A2_1200:0547,539,Ge6Tb10,True,True,False,True,True,True,True,True,True,True,False,True,False,True,verified
SUN_protect_no_rollback,H1A2_1200:0548,540,Sn3Ce,True,True,False,True,True,True,True,True,True,True,False,True,False,True,verified
SUN_protect_no_rollback,H1A2_1200:0549,541,Fe4Te4I4,True,True,False,True,True,True,True,True,True,True,False,False,False,False,verified
SUN_protect_no_rollback,H1A2_1200:0550,542,Zn3Pd3Er3,True,True,False,True,True,True,True,True,True,True,False,True,False,True,verified
SUN_protect_no_rollback,H1A2_1200:0551,543,O8NaV4,False,True,True,True,True,True,True,True,True,False,False,True,False,True,verified
SUN_protect_no_rollback,H1A2_1200:0552,544,O4Sr4,True,True,False,True,True,True,True,True,True,True,False,True,False,True,verified
SUN_protect_no_rollback,H1A2_1200:0553,545,Zn2Gd2Pt2,True,True,False,True,True,True,True,True,True,True,True,True,True,True,verified
SUN_protect_no_rollback,H1A2_1200:0554,546,Cu3Cd,True,True,False,True,True,True,True,True,True,True,False,True,False,True,verified
SUN_protect_no_rollback,H1A2_1200:0555,547,ZnRh2Pr,True,True,False,True,True,True,True,True,True,True,False,True,False,True,verified
SUN_protect_no_rollback,H1A2_1200:0556,548,Zn2As2La,True,True,False,True,True,True,True,True,True,True,False,True,False,True,verified
SUN_protect_no_rollback,H1A2_1200:0557,549,O4Cu2Se6,True,True,False,True,True,True,True,True,True,True,False,False,False,False,verified
SUN_protect_no_rollback,H1A2_1200:0558,550,Sc2Co4Sn4,True,True,False,True,True,True,True,True,True,True,False,True,False,True,verified
SUN_protect_no_rollback,H1A2_1200:0559,551,O12Ca2Mn2Tb4,True,True,False,True,True,True,True,True,True,True,False,True,False,True,verified
SUN_protect_no_rollback,H1A2_1200:0560,552,Ni4Sn8Nd4,True,True,False,True,True,True,True,True,True,True,False,True,False,True,verified
SUN_protect_no_rollback,H1A2_1200:0561,553,O10Zn2Ga2La4,True,True,False,True,True,True,True,True,True,True,False,False,False,False,verified
SUN_protect_no_rollback,H1A2_1200:0562,554,O6ScInBa2,True,True,False,True,True,True,True,True,True,True,False,False,False,False,verified
SUN_protect_no_rollback,H1A2_1200:0563,555,P2Pd2,False,False,False,True,False,True,True,True,False,False,False,True,False,True,verified
SUN_protect_no_rollback,H1A2_1200:0564,556,O8F4V6,True,True,False,True,True,True,True,True,True,True,False,True,False,True,verified
SUN_protect_no_rollback,H1A2_1200:0565,557,Li4O8K2Nb2,True,True,False,True,True,True,True,True,True,True,False,True,False,True,verified
SUN_protect_no_rollback,H1A2_1200:0566,558,F6SbCs2,True,True,False,True,True,True,True,True,True,True,True,True,True,True,verified
SUN_protect_no_rollback,H1A2_1200:0567,559,O10Ca2Fe2Sr4,True,True,False,True,True,True,True,True,True,True,False,False,False,False,verified
SUN_protect_no_rollback,H1A2_1200:0568,560,Li2O4Pd2,True,True,False,True,True,True,True,True,True,True,False,False,False,False,verified
SUN_protect_no_rollback,H1A2_1200:0569,561,O8Mg4Sn4,True,True,False,True,True,True,True,True,True,True,False,False,False,False,verified
SUN_protect_no_rollback,H1A2_1200:0570,562,Mn4Ge6,True,True,False,True,True,True,True,True,True,True,False,True,False,True,verified
SUN_protect_no_rollback,H1A2_1200:0571,563,Li2F8Mn2,True,True,False,True,True,True,True,True,True,True,False,True,False,True,verified
SUN_protect_no_rollback,H1A2_1200:0572,564,Li2O4Ni2,True,True,False,True,True,True,True,True,True,True,False,False,False,False,verified
SUN_protect_no_rollback,H1A2_1200:0573,565,O8Na2Ti2Ta2,True,True,False,True,True,True,True,True,True,True,False,False,False,False,verified
SUN_protect_no_rollback,H1A2_1200:0574,566,O3BaHf,True,True,False,True,True,True,True,True,True,True,False,True,False,True,verified
SUN_protect_no_rollback,H1A2_1200:0575,567,O12W2U2,True,True,False,True,True,True,True,True,True,True,False,True,False,True,verified
SUN_protect_no_rollback,H1A2_1200:0576,568,O6Ba2BiU,True,True,False,True,True,True,True,True,True,True,False,True,False,True,verified
SUN_protect_no_rollback,H1A2_1200:0577,569,O4ZrPb,True,True,False,True,True,True,True,True,True,True,False,False,False,False,verified
SUN_protect_no_rollback,H1A2_1200:0578,570,O4ClY2,False,False,False,True,False,True,True,True,False,False,False,False,False,False,verified
SUN_protect_no_rollback,H1A2_1200:0579,571,O2ZnCd,True,True,False,True,True,True,True,True,True,True,False,False,False,False,verified
SUN_protect_no_rollback,H1A2_1200:0580,572,NiCu2Se4Tl,True,True,False,True,True,True,True,True,True,True,False,False,False,False,verified
SUN_protect_no_rollback,H1A2_1200:0581,573,As3Ag3La3,True,True,False,True,True,True,True,True,True,True,False,False,False,False,verified
SUN_protect_no_rollback,H1A2_1200:0582,574,O10As2Ba2Ta2,True,True,False,True,True,True,True,True,True,True,False,False,False,False,verified
SUN_protect_no_rollback,H1A2_1200:0584,576,Li5O10Mn4,False,True,True,True,True,True,True,True,True,False,False,False,False,False,verified
SUN_protect_no_rollback,H1A2_1200:0585,577,O8Nb2Sb2,True,True,False,True,True,True,True,True,True,True,False,False,False,False,verified
SUN_protect_no_rollback,H1A2_1200:0586,578,O8Fe4YBa2,True,True,False,True,True,True,True,True,True,True,False,False,False,False,verified
SUN_protect_no_rollback,H1A2_1200:0587,579,O12Nb2La4Tb2,True,True,False,True,True,True,True,True,True,True,False,False,False,False,verified
SUN_protect_no_rollback,H1A2_1200:0588,580,In2PrPb,True,True,False,True,True,True,True,True,True,True,False,True,False,True,verified
SUN_protect_no_rollback,H1A2_1200:0589,581,C2ScCo3,True,True,False,True,True,True,True,True,True,True,False,False,False,False,verified
SUN_protect_no_rollback,H1A2_1200:0590,582,O8Pd3SnPb2,True,True,False,True,True,True,True,True,True,True,False,False,False,False,verified
SUN_protect_no_rollback,H1A2_1200:0591,583,Li2O12Fe5Cs,False,True,True,True,True,True,True,True,True,False,False,False,False,False,verified
SUN_protect_no_rollback,H1A2_1200:0592,584,Li2S8Cr4,False,True,True,True,True,True,False,False,False,False,False,True,False,False,verified
SUN_protect_no_rollback,H1A2_1200:0593,585,N6Na2Mg2V4,True,True,False,True,True,True,True,True,True,True,False,False,False,False,verified
SUN_protect_no_rollback,H1A2_1200:0594,586,S6V2Cu2Rb4,True,True,False,True,True,True,True,True,True,True,False,True,False,True,verified
SUN_protect_no_rollback,H1A2_1200:0595,587,S4Rb2Ag2,True,True,False,True,True,True,True,True,True,True,False,True,False,True,verified
SUN_protect_no_rollback,H1A2_1200:0596,588,Y4Pd4Sb4,True,True,False,True,True,True,True,True,True,True,False,False,False,False,verified
SUN_protect_no_rollback,H1A2_1200:0597,589,Ca2Pt4,True,True,False,True,True,True,True,True,True,True,False,False,False,False,verified
SUN_protect_no_rollback,H1A2_1200:0598,590,PdIn5La2,True,True,False,True,True,True,True,True,True,True,False,False,False,False,verified
SUN_protect_no_rollback,H1A2_1200:0599,591,O6MgAgLa2,True,True,False,True,True,True,True,True,True,True,False,False,False,False,verified
SUN_protect_no_rollback,H1A2_1200:0600,592,O10Sr2Nb2Nd2,True,True,False,True,True,True,True,True,True,True,False,False,False,False,verified
SUN_protect_no_rollback,H1A2_1200:0601,593,O10S2Ba2,True,True,False,True,True,True,True,True,True,True,False,False,False,False,verified
SUN_protect_no_rollback,H1A2_1200:0602,594,ScGeTb2,True,True,False,True,True,True,True,True,True,True,False,False,False,False,verified
SUN_protect_no_rollback,H1A2_1200:0603,595,Si3Fe2Co,True,True,False,True,True,True,True,True,True,True,False,True,False,True,verified
SUN_protect_no_rollback,H1A2_1200:0604,596,Mn2Pd4Eu4,True,True,False,True,True,True,True,True,True,True,False,False,False,False,verified
SUN_protect_no_rollback,H1A2_1200:0605,597,O7Cu2Ba2CeTl,True,True,False,True,True,True,True,True,True,True,False,True,False,True,verified
SUN_protect_no_rollback,H1A2_1200:0606,598,O2S2Mo2,True,True,False,True,True,True,True,True,True,True,False,False,False,False,verified
SUN_protect_no_rollback,H1A2_1200:0608,600,O8CaV3,True,True,False,True,True,True,True,True,True,True,False,True,False,True,verified
SUN_protect_no_rollback,H1A2_1200:0609,601,O10Mg4Mn2,True,True,False,True,True,True,True,True,True,True,False,False,False,False,verified
SUN_protect_no_rollback,H1A2_1200:0610,602,AlTiRu2,True,True,False,True,True,True,False,False,False,False,False,True,False,False,verified
SUN_protect_no_rollback,H1A2_1200:0611,603,K4Ca4Br12,True,True,False,True,True,True,True,True,True,True,False,True,False,True,verified
SUN_protect_no_rollback,H1A2_1200:0612,604,Fe2As4Sr4,True,True,False,True,True,True,True,True,True,True,False,False,False,False,verified
SUN_protect_no_rollback,H1A2_1200:0613,605,O6Al2In2,True,True,False,True,True,True,True,True,True,True,False,False,False,False,verified
SUN_protect_no_rollback,H1A2_1200:0615,607,ScGa,True,True,False,True,True,True,True,True,True,True,True,True,True,True,verified
SUN_protect_no_rollback,H1A2_1200:0616,608,In4Pr2,True,True,False,True,True,True,True,True,True,True,False,False,False,False,invalid_terminal
SUN_protect_no_rollback,H1A2_1200:0617,609,S2MoTe6W3,True,True,False,True,True,True,True,True,True,True,True,True,True,True,verified
SUN_protect_no_rollback,H1A2_1200:0618,610,S8La4Lu2,True,True,False,True,True,True,True,True,True,True,True,True,True,True,verified
SUN_protect_no_rollback,H1A2_1200:0619,611,Ni2In2La,True,True,False,True,True,True,True,True,True,True,False,True,False,True,verified
SUN_protect_no_rollback,H1A2_1200:0620,612,Pd6Cd10,True,True,False,True,True,True,True,True,True,True,False,True,False,True,verified
SUN_protect_no_rollback,H1A2_1200:0621,613,K2Pd2Tl2,True,True,False,True,True,True,True,True,True,True,True,True,True,True,verified
SUN_protect_no_rollback,H1A2_1200:0622,614,Mg2S8Cr4,True,True,False,True,True,True,True,True,True,True,False,False,False,False,verified
SUN_protect_no_rollback,H1A2_1200:0623,615,Li4F10Ag4,False,True,True,True,True,True,True,True,True,False,False,True,False,True,verified
SUN_protect_no_rollback,H1A2_1200:0624,616,P3Cr3As3,True,True,False,True,True,True,True,True,True,True,False,True,False,True,verified
SUN_protect_no_rollback,H1A2_1200:0625,617,Si4Hf8,True,True,False,True,True,True,True,True,True,True,False,True,False,True,verified
SUN_protect_no_rollback,H1A2_1200:0626,618,K5Se4I3,False,False,False,True,False,True,True,True,False,False,False,True,False,True,verified
SUN_protect_no_rollback,H1A2_1200:0627,619,As2Ag2Ho2,True,True,False,True,True,True,True,True,True,True,False,False,False,False,verified
SUN_protect_no_rollback,H1A2_1200:0629,621,O12Sr2Ba2W2Bi2,True,True,False,True,True,True,True,True,True,True,False,True,False,True,verified
SUN_protect_no_rollback,H1A2_1200:0631,623,PmErTl2,False,False,False,True,False,True,True,True,False,False,True,True,True,True,verified
SUN_protect_no_rollback,H1A2_1200:0632,624,O6SbBa2La,True,True,False,True,True,True,True,True,True,True,False,True,False,True,verified
SUN_protect_no_rollback,H1A2_1200:0633,625,B2Fe10Y,False,False,False,True,False,True,True,True,False,False,False,False,False,False,verified
SUN_protect_no_rollback,H1A2_1200:0634,626,O12Sr4Dy2Re2,True,True,False,True,True,True,True,True,True,True,False,True,False,True,verified
SUN_protect_no_rollback,H1A2_1200:0635,627,As2I2Tl2,True,True,False,True,True,True,True,True,True,True,False,False,False,False,verified
SUN_protect_no_rollback,H1A2_1200:0636,628,Li4O8MnFe3,True,True,False,True,True,True,False,False,False,False,False,True,False,False,verified
SUN_protect_no_rollback,H1A2_1200:0638,629,Li2Sn4Pt4,True,True,False,True,True,True,True,True,True,True,False,True,False,True,verified
SUN_protect_no_rollback,H1A2_1200:0639,630,Cu2Br6Rb2,True,True,False,True,True,True,True,True,True,True,True,True,True,True,verified
SUN_protect_no_rollback,H1A2_1200:0640,631,Ti4Co2Ru2,True,True,False,True,True,True,True,True,True,True,False,True,False,True,verified
SUN_protect_no_rollback,H1A2_1200:0641,632,ScZn2Se4,True,True,False,True,True,True,True,True,True,True,False,True,False,True,verified
SUN_protect_no_rollback,H1A2_1200:0642,633,S6Co5Cu3,False,True,True,True,True,True,True,True,True,False,False,False,False,False,verified
SUN_protect_no_rollback,H1A2_1200:0643,634,AgCd,True,True,False,True,True,True,False,False,False,False,False,True,False,False,verified
SUN_protect_no_rollback,H1A2_1200:0644,635,O12Mo2W2,True,True,False,True,True,True,True,True,True,True,False,True,False,True,verified
SUN_protect_no_rollback,H1A2_1200:0645,636,F2Rb2Pb2,False,False,False,True,False,True,True,True,False,False,False,False,False,False,verified
SUN_protect_no_rollback,H1A2_1200:0646,637,AgCdPt2,True,True,False,True,True,True,True,True,True,True,False,False,False,False,verified
SUN_protect_no_rollback,H1A2_1200:0647,638,Mn2Zn4Sn2,True,True,False,True,True,True,True,True,True,True,False,False,False,False,verified
SUN_protect_no_rollback,H1A2_1200:0648,639,O8V2Ag2,True,True,False,True,True,True,True,True,True,True,False,False,False,False,verified
SUN_protect_no_rollback,H1A2_1200:0649,640,FeNiPt2,True,True,False,True,True,True,True,True,True,True,False,False,False,False,verified
SUN_protect_no_rollback,H1A2_1200:0650,641,Ge4Se2Ba2,False,False,False,True,False,True,True,True,False,False,False,False,False,False,verified
SUN_protect_no_rollback,H1A2_1200:0651,642,O12V4Zn4,True,True,False,True,True,True,True,True,True,True,False,False,False,False,verified
SUN_protect_no_rollback,H1A2_1200:0652,643,Mg2Ge4Pr2,True,True,False,True,True,True,True,True,True,True,False,True,False,True,verified
SUN_protect_no_rollback,H1A2_1200:0653,644,B2P2S12V2,True,True,False,True,True,True,True,True,True,True,False,True,False,True,verified
SUN_protect_no_rollback,H1A2_1200:0654,645,O12Ge4Sm4,True,True,False,True,True,True,True,True,True,True,False,False,False,False,verified
SUN_protect_no_rollback,H1A2_1200:0655,646,Li2O4V2,True,True,False,True,True,True,True,True,True,True,False,False,False,False,verified
SUN_protect_no_rollback,H1A2_1200:0656,647,Li2O4W,True,True,False,True,True,True,True,True,True,True,False,False,False,False,invalid_terminal
SUN_protect_no_rollback,H1A2_1200:0657,648,O12Co2Ni2Sb4,True,True,False,True,True,True,True,True,True,True,False,False,False,False,verified
SUN_protect_no_rollback,H1A2_1200:0658,649,O4Br8U6,True,True,False,True,True,True,True,True,True,True,False,False,False,False,verified
SUN_protect_no_rollback,H1A2_1200:0659,650,Ca3Ga,True,True,False,True,True,True,True,True,True,True,False,True,False,True,verified
SUN_protect_no_rollback,H1A2_1200:0660,651,S12Lu2Ta6,True,True,False,True,True,True,True,True,True,True,False,False,False,False,invalid_terminal
SUN_protect_no_rollback,H1A2_1200:0661,652,Li2O4F2Cr2,True,True,False,True,True,True,True,True,True,True,False,False,False,False,verified
SUN_protect_no_rollback,H1A2_1200:0662,653,O12Ca2Sr4Mo2,True,True,False,True,True,True,True,True,True,True,False,True,False,True,verified
SUN_protect_no_rollback,H1A2_1200:0663,654,O10Na2Ti4,True,True,False,True,True,True,True,True,True,True,False,False,False,False,verified
SUN_protect_no_rollback,H1A2_1200:0665,656,Si2Ni2Tb,False,False,False,True,False,True,False,False,False,False,False,True,False,False,verified
SUN_protect_no_rollback,H1A2_1200:0666,657,Ge4Ru4Hf4,True,True,False,True,True,True,True,True,True,True,False,True,False,True,verified
SUN_protect_no_rollback,H1A2_1200:0668,659,F6Rb2Pd,True,True,False,True,True,True,True,True,True,True,False,False,False,False,verified
SUN_protect_no_rollback,H1A2_1200:0669,660,O8Mg2S2,True,True,False,True,True,True,True,True,True,True,False,False,False,False,verified
SUN_protect_no_rollback,H1A2_1200:0670,661,O6AlBa2Bi,True,True,False,True,True,True,True,True,True,True,False,True,False,True,verified
SUN_protect_no_rollback,H1A2_1200:0671,662,O12Sr2In2Sm4,True,True,False,True,True,True,True,True,True,True,False,False,False,False,verified
SUN_protect_no_rollback,H1A2_1200:0672,663,N2KCa,False,False,False,True,False,True,True,True,False,False,False,False,False,False,verified
SUN_protect_no_rollback,H1A2_1200:0673,664,Ge6Ho10,True,True,False,True,True,True,True,True,True,True,False,True,False,True,verified
SUN_protect_no_rollback,H1A2_1200:0674,665,Li2O8Mn2Co2,True,True,False,True,True,True,True,True,True,True,False,True,False,True,verified
SUN_protect_no_rollback,H1A2_1200:0675,666,AlCu6Zr,True,True,False,True,True,True,True,True,True,True,False,True,False,True,verified
SUN_protect_no_rollback,H1A2_1200:0676,667,Se2Zr4,True,True,False,True,True,True,True,True,True,True,False,False,False,False,verified
SUN_protect_no_rollback,H1A2_1200:0677,668,Cu4As8Tb6,True,True,False,True,True,True,True,True,True,True,False,False,False,False,verified
SUN_protect_no_rollback,H1A2_1200:0678,669,Sc6Co2Sn6,True,True,False,True,True,True,True,True,True,True,False,True,False,True,verified
SUN_protect_no_rollback,H1A2_1200:0679,670,Ge4Pr2Au4,True,True,False,True,True,True,True,True,True,True,True,True,True,True,verified
SUN_protect_no_rollback,H1A2_1200:0680,671,S2Ti2,True,True,False,True,True,True,True,True,True,True,False,False,False,False,verified
SUN_protect_no_rollback,H1A2_1200:0681,672,Al6Co6U,True,True,False,True,True,True,True,True,True,True,False,False,False,False,verified
SUN_protect_no_rollback,H1A2_1200:0682,673,O6YBa2La,True,True,False,True,True,True,True,True,True,True,False,False,False,False,verified
SUN_protect_no_rollback,H1A2_1200:0683,674,H2Tc,True,True,False,True,True,True,True,True,True,True,True,True,True,True,verified
SUN_protect_no_rollback,H1A2_1200:0684,675,S2Se2Mo4Te4,True,True,False,True,True,True,True,True,True,True,False,False,False,False,verified
SUN_protect_no_rollback,H1A2_1200:0685,676,F12Co2Ni2,True,True,False,True,True,True,True,True,True,True,False,False,False,False,verified
SUN_protect_no_rollback,H1A2_1200:0686,677,LiO8Mn2Cu3,True,True,False,True,True,True,True,True,True,True,False,True,False,True,verified
SUN_protect_no_rollback,H1A2_1200:0687,678,O8Al2V2,True,True,False,True,True,True,True,True,True,True,False,True,False,True,verified
SUN_protect_no_rollback,H1A2_1200:0688,679,GaTbHg2,True,True,False,True,True,True,True,True,True,True,False,False,False,False,verified
SUN_protect_no_rollback,H1A2_1200:0689,680,O8Co4Rb2,False,True,True,True,True,True,True,True,True,False,False,True,False,True,verified
SUN_protect_no_rollback,H1A2_1200:0691,682,F6K2Co,True,True,False,True,True,True,True,True,True,True,False,True,False,True,verified
SUN_protect_no_rollback,H1A2_1200:0692,683,Ga6Y2Ru4,True,True,False,True,True,True,True,True,True,True,True,True,True,True,verified
SUN_protect_no_rollback,H1A2_1200:0693,684,O6F6K2Fe4,True,True,False,True,True,True,True,True,True,True,False,False,False,False,verified
SUN_protect_no_rollback,H1A2_1200:0694,685,Li4F10Ni2,True,True,False,True,True,True,True,True,True,True,False,True,False,True,verified
SUN_protect_no_rollback,H1A2_1200:0695,686,Ni2Se4,True,True,False,True,True,True,True,True,True,True,False,True,False,True,verified
SUN_protect_no_rollback,H1A2_1200:0696,687,Br6AgInCs2,True,True,False,True,True,True,True,True,True,True,True,True,True,True,verified
SUN_protect_no_rollback,H1A2_1200:0697,688,Rh2InTb,True,True,False,True,True,True,True,True,True,True,False,True,False,True,verified
SUN_protect_no_rollback,H1A2_1200:0698,689,Se8Gd4Tl2,True,True,False,True,True,True,True,True,True,True,False,True,False,True,verified
SUN_protect_no_rollback,H1A2_1200:0699,690,S12La8,True,True,False,True,True,True,True,True,True,True,False,False,False,False,verified
SUN_protect_no_rollback,H1A2_1200:0700,691,Li2N2Ce2,True,True,False,True,True,True,True,True,True,True,False,False,False,False,verified
SUN_protect_no_rollback,H1A2_1200:0701,692,Na8Zn8,True,True,False,True,True,True,True,True,True,True,False,True,False,True,verified
SUN_protect_no_rollback,H1A2_1200:0702,693,SnTh,True,True,False,True,True,True,True,True,True,True,True,True,True,True,verified
SUN_protect_no_rollback,H1A2_1200:0703,694,B6Pr,False,False,False,True,False,True,True,True,False,False,True,True,True,True,verified
SUN_protect_no_rollback,H1A2_1200:0704,695,Li2O12CrFeNb3,True,True,False,True,True,True,True,True,True,True,False,True,False,True,verified
SUN_protect_no_rollback,H1A2_1200:0705,696,Ga2RhNd,True,True,False,True,True,True,True,True,True,True,False,True,False,True,verified
SUN_protect_no_rollback,H1A2_1200:0706,697,O6FeSr2Nd,True,True,False,True,True,True,True,True,True,True,False,False,False,False,verified
SUN_protect_no_rollback,H1A2_1200:0707,698,F6CoRb2,True,True,False,True,True,True,True,True,True,True,True,True,True,True,verified
SUN_protect_no_rollback,H1A2_1200:0708,699,O8Ca2Ge2Ba2,True,True,False,True,True,True,True,True,True,True,False,True,False,True,verified
SUN_protect_no_rollback,H1A2_1200:0709,700,Li3O8Mn2Co2,False,True,True,True,True,True,True,True,True,False,False,False,False,False,verified
SUN_protect_no_rollback,H1A2_1200:0710,701,B6CaZr2,True,True,False,True,True,True,True,True,True,True,False,False,False,False,verified
SUN_protect_no_rollback,H1A2_1200:0711,702,N2Mn4Fe2As4,True,True,False,True,True,True,True,True,True,True,False,False,False,False,verified
SUN_protect_no_rollback,H1A2_1200:0712,703,Ni3Sb4Tb2,True,True,False,True,True,True,True,True,True,True,False,True,False,True,verified
SUN_protect_no_rollback,H1A2_1200:0713,704,O3BaTb,True,True,False,True,True,True,True,True,True,True,False,False,False,False,verified
SUN_protect_no_rollback,H1A2_1200:0714,705,F3AgTl,True,True,False,True,True,True,True,True,True,True,False,True,False,True,verified
SUN_protect_no_rollback,H1A2_1200:0715,706,O6NaCu3Ba2,False,True,True,True,True,True,True,True,True,False,False,False,False,False,verified
SUN_protect_no_rollback,H1A2_1200:0716,707,O12Ca4Mn4,True,True,False,True,True,True,True,True,True,True,False,False,False,False,verified
SUN_protect_no_rollback,H1A2_1200:0717,708,AlSc3Rh3Sn3,True,True,False,True,True,True,True,True,True,True,False,True,False,True,verified
SUN_protect_no_rollback,H1A2_1200:0718,709,O3MnHf,True,True,False,True,True,True,True,True,True,True,False,False,False,False,verified
SUN_protect_no_rollback,H1A2_1200:0719,710,Cu2Se4Pr2,True,True,False,True,True,True,True,True,True,True,False,True,False,True,verified
SUN_protect_no_rollback,H1A2_1200:0720,711,B4Rh3Gd2,False,False,False,True,False,True,True,True,False,False,False,False,False,False,verified
SUN_protect_no_rollback,H1A2_1200:0721,712,H2O12Na2Te2,True,True,False,True,True,True,True,True,True,True,False,False,False,False,verified
SUN_protect_no_rollback,H1A2_1200:0722,713,F12Sr2Tl4,True,True,False,True,True,True,True,True,True,True,False,True,False,True,verified
SUN_protect_no_rollback,H1A2_1200:0723,714,Al4SrPr,True,True,False,True,True,True,True,True,True,True,False,True,False,True,verified
SUN_protect_no_rollback,H1A2_1200:0724,715,S2CuSe2Sn2,True,True,False,True,True,True,True,True,True,True,False,False,False,False,verified
SUN_protect_no_rollback,H1A2_1200:0725,716,O4Co2,True,True,False,True,True,True,True,True,True,True,False,False,False,False,verified
SUN_protect_no_rollback,H1A2_1200:0726,717,O8S2V2,True,True,False,True,True,True,True,True,True,True,False,False,False,False,verified
SUN_protect_no_rollback,H1A2_1200:0727,718,Cl6CuCs2Tl,True,True,False,True,True,True,True,True,True,True,False,True,False,True,verified
SUN_protect_no_rollback,H1A2_1200:0728,719,CuInTe2,True,True,False,True,True,True,True,True,True,True,False,False,False,False,verified
SUN_protect_no_rollback,H1A2_1200:0729,720,In2La2Pt4,True,True,False,True,True,True,True,True,True,True,False,True,False,True,verified
SUN_protect_no_rollback,H1A2_1200:0730,721,Cd6I8,False,False,False,True,False,True,True,True,False,False,False,True,False,True,verified
SUN_protect_no_rollback,H1A2_1200:0731,722,P4Fe4As4,True,True,False,True,True,True,True,True,True,True,False,True,False,True,verified
SUN_protect_no_rollback,H1A2_1200:0733,723,N4Fe2Ba2,True,True,False,True,True,True,True,True,True,True,False,False,False,False,verified
SUN_protect_no_rollback,H1A2_1200:0734,724,H6O6Ce2,True,True,False,True,True,True,True,True,True,True,False,False,False,False,verified
SUN_protect_no_rollback,H1A2_1200:0735,725,O7F5V6,True,True,False,True,True,True,True,True,True,True,False,True,False,True,verified
SUN_protect_no_rollback,H1A2_1200:0736,726,MgInTm2,True,True,False,True,True,True,False,False,False,False,True,True,False,False,verified
SUN_protect_no_rollback,H1A2_1200:0737,727,Mg2I8Pr2,True,True,False,True,True,True,True,True,True,True,False,True,False,True,verified
SUN_protect_no_rollback,H1A2_1200:0738,728,Hg8,True,True,False,True,True,True,True,True,True,True,False,True,False,True,verified
SUN_protect_no_rollback,H1A2_1200:0739,729,P4Fe12,True,True,False,True,True,True,True,True,True,True,False,True,False,True,verified
SUN_protect_no_rollback,H1A2_1200:0740,730,O10Mn4Y2,True,True,False,True,True,True,True,True,True,True,False,False,False,False,verified
SUN_protect_no_rollback,H1A2_1200:0741,731,Y10Hg6,True,True,False,True,True,True,True,True,True,True,False,False,False,False,verified
SUN_protect_no_rollback,H1A2_1200:0742,732,Ni2GaCe2,True,True,False,True,True,True,True,True,True,True,False,True,False,True,verified
SUN_protect_no_rollback,H1A2_1200:0743,733,As8Hf6,True,True,False,True,True,True,True,True,True,True,True,True,True,True,verified
SUN_protect_no_rollback,H1A2_1200:0744,734,Mg2NdLu,True,True,False,True,True,True,True,True,True,True,False,True,False,True,verified
SUN_protect_no_rollback,H1A2_1200:0745,735,Mg4CaSm,True,True,False,True,True,True,True,True,True,True,False,True,False,True,verified
SUN_protect_no_rollback,H1A2_1200:0746,736,Mg4P4Co4,True,True,False,True,True,True,True,True,True,True,False,False,False,False,verified
SUN_protect_no_rollback,H1A2_1200:0747,737,O6K4Pb2,True,True,False,True,True,True,True,True,True,True,False,True,False,True,verified
SUN_protect_no_rollback,H1A2_1200:0750,740,P3Mo5,False,True,True,True,True,True,True,True,True,False,False,True,False,True,verified
SUN_protect_no_rollback,H1A2_1200:0751,741,Li2Mg4,True,True,False,True,True,True,True,True,True,True,False,True,False,True,verified
SUN_protect_no_rollback,H1A2_1200:0752,742,Li2O10Co5Ni,True,True,False,True,True,True,True,True,True,True,False,False,False,False,verified
SUN_protect_no_rollback,H1A2_1200:0753,743,O6Mn2Sr2Zr,True,True,False,True,True,True,True,True,True,True,False,False,False,False,verified
SUN_protect_no_rollback,H1A2_1200:0754,744,O2F10V4,True,True,False,True,True,True,True,True,True,True,False,False,False,False,verified
SUN_protect_no_rollback,H1A2_1200:0755,745,O10Ga2Sr2Tb2W2,True,True,False,True,True,True,True,True,True,True,False,False,False,False,verified
SUN_protect_no_rollback,H1A2_1200:0756,746,Al4Sn4Ir4,True,True,False,True,True,True,True,True,True,True,False,False,False,False,verified
SUN_protect_no_rollback,H1A2_1200:0757,747,Li2AgTl,True,True,False,True,True,True,True,True,True,True,False,True,False,True,verified
SUN_protect_no_rollback,H1A2_1200:0758,748,S4Ga2Hg4,True,True,False,True,True,True,True,True,True,True,False,False,False,False,verified
SUN_protect_no_rollback,H1A2_1200:0759,749,O6Fe2Bi2,True,True,False,True,True,True,False,False,False,False,False,True,False,False,verified
SUN_protect_no_rollback,H1A2_1200:0760,750,O8V4,True,True,False,True,True,True,True,True,True,True,False,False,False,False,verified
SUN_protect_no_rollback,H1A2_1200:0761,751,NaS2Cr,True,True,False,True,True,True,True,True,True,True,False,False,False,False,verified
SUN_protect_no_rollback,H1A2_1200:0762,752,O12Sr4Bi2U2,True,True,False,True,True,True,True,True,True,True,False,True,False,True,verified
SUN_protect_no_rollback,H1A2_1200:0763,753,C4Al2Cr2Y2,True,True,False,True,True,True,True,True,True,True,False,True,False,True,verified
SUN_protect_no_rollback,H1A2_1200:0764,754,Li5O10Co2Ni3,True,True,False,True,True,True,True,True,True,True,False,False,False,False,invalid_terminal
SUN_protect_no_rollback,H1A2_1200:0765,755,Pd4Sn2Gd4,True,True,False,True,True,True,True,True,True,True,True,True,True,True,verified
SUN_protect_no_rollback,H1A2_1200:0766,756,O12Ca4Pr4,True,True,False,True,True,True,True,True,True,True,False,False,False,False,verified
SUN_protect_no_rollback,H1A2_1200:0767,757,KBr6Cs2Nd,True,True,False,True,True,True,True,True,True,True,True,True,True,True,verified
SUN_protect_no_rollback,H1A2_1200:0768,758,Li2Br4,False,False,False,True,False,True,True,True,False,False,False,False,False,False,verified
SUN_protect_no_rollback,H1A2_1200:0769,759,Cl6Rb2,False,False,False,True,False,True,True,True,False,False,False,False,False,False,verified
SUN_protect_no_rollback,H1A2_1200:0770,760,Mn2RuRe,True,True,False,True,True,True,True,True,True,True,False,True,False,True,verified
SUN_protect_no_rollback,H1A2_1200:0771,761,Ge4Ru4Lu4,True,True,False,True,True,True,True,True,True,True,True,True,True,True,verified
SUN_protect_no_rollback,H1A2_1200:0772,762,Mn4Sn4Er4,True,True,False,True,True,True,True,True,True,True,False,False,False,False,verified
SUN_protect_no_rollback,H1A2_1200:0773,763,Si2Fe2Er,True,True,False,True,True,True,True,True,True,True,True,True,True,True,verified
SUN_protect_no_rollback,H1A2_1200:0774,764,Si6Y6Ag6,False,False,False,True,False,True,True,True,False,False,False,False,False,False,verified
SUN_protect_no_rollback,H1A2_1200:0775,765,O12Co4Ba2U2,True,True,False,True,True,True,True,True,True,True,False,False,False,False,verified
SUN_protect_no_rollback,H1A2_1200:0776,766,O6Sr2Sm2,True,True,False,True,True,True,True,True,True,True,False,False,False,False,verified
SUN_protect_no_rollback,H1A2_1200:0777,767,O12CaSr3La3Pb,True,True,False,True,True,True,True,True,True,True,False,True,False,True,verified
SUN_protect_no_rollback,H1A2_1200:0778,768,O4Na2Cd2,False,False,False,True,False,True,True,True,False,False,False,False,False,False,verified
SUN_protect_no_rollback,H1A2_1200:0779,769,Mg2Cd4,True,True,False,True,True,True,True,True,True,True,False,False,False,False,verified
SUN_protect_no_rollback,H1A2_1200:0780,770,N2O2S2Tm2,True,True,False,True,True,True,True,True,True,True,False,False,False,False,verified
SUN_protect_no_rollback,H1A2_1200:0781,771,O7Co2Sr2Hf,True,True,False,True,True,True,True,True,True,True,False,False,False,False,verified
SUN_protect_no_rollback,H1A2_1200:0782,772,O12Ni4Te4,True,True,False,True,True,True,True,True,True,True,False,True,False,True,verified
SUN_protect_no_rollback,H1A2_1200:0783,773,Sn5Tb3,True,True,False,True,True,True,True,True,True,True,False,True,False,True,verified
SUN_protect_no_rollback,H1A2_1200:0784,774,Cd3Er3Pb3,True,True,False,True,True,True,True,True,True,True,True,True,True,True,verified
SUN_protect_no_rollback,H1A2_1200:0785,775,O2Cl2Hg2,True,True,False,True,True,True,True,True,True,True,False,False,False,False,verified
SUN_protect_no_rollback,H1A2_1200:0786,776,O2SePr2,True,True,False,True,True,True,True,True,True,True,True,True,True,True,verified
SUN_protect_no_rollback,H1A2_1200:0787,777,Li4O8W2,True,True,False,True,True,True,True,True,True,True,False,False,False,False,verified
SUN_protect_no_rollback,H1A2_1200:0788,778,Mg3Ga3Pt3,True,True,False,True,True,True,True,True,True,True,True,True,True,True,verified
SUN_protect_no_rollback,H1A2_1200:0789,779,F14Ca2Cu4,False,True,True,True,True,True,True,True,True,False,False,True,False,True,verified
SUN_protect_no_rollback,H1A2_1200:0790,780,H2Li2O8Re2,True,True,False,True,True,True,True,True,True,True,False,False,False,False,invalid_terminal
SUN_protect_no_rollback,H1A2_1200:0792,782,MgCdLa2,True,True,False,True,True,True,True,True,True,True,False,True,False,True,verified
SUN_protect_no_rollback,H1A2_1200:0793,783,O6Ca2Sr2Sb2,True,True,False,True,True,True,True,True,True,True,False,False,False,False,verified
SUN_protect_no_rollback,H1A2_1200:0794,784,S8V4Ni,True,True,False,True,True,True,True,True,True,True,False,False,False,False,verified
SUN_protect_no_rollback,H1A2_1200:0795,785,Sc4Co4As4,True,True,False,True,True,True,True,True,True,True,False,False,False,False,verified
SUN_protect_no_rollback,H1A2_1200:0796,786,Ti4Ni4Ga4,True,True,False,True,True,True,True,True,True,True,False,False,False,False,verified
SUN_protect_no_rollback,H1A2_1200:0797,787,Y6Pt2,True,True,False,True,True,True,True,True,True,True,False,True,False,True,verified
SUN_protect_no_rollback,H1A2_1200:0798,788,Cl6AgTl3,True,True,False,True,True,True,True,True,True,True,False,True,False,True,verified
SUN_protect_no_rollback,H1A2_1200:0799,789,Ge6Tb2Au2,True,True,False,True,True,True,True,True,True,True,False,False,False,False,verified
SUN_protect_no_rollback,H1A2_1200:0800,790,CoGe4Sm2,True,True,False,True,True,True,True,True,True,True,False,False,False,False,verified
SUN_protect_no_rollback,H1A2_1200:0801,791,Mg2Se8Gd4,True,True,False,True,True,True,True,True,True,True,False,True,False,True,verified
SUN_protect_no_rollback,H1A2_1200:0802,792,MnNi4,True,True,False,True,True,True,True,True,True,True,False,False,False,False,verified
SUN_protect_no_rollback,H1A2_1200:0803,793,O6Na2Sb2,True,True,False,True,True,True,True,True,True,True,False,False,False,False,verified
SUN_protect_no_rollback,H1A2_1200:0804,794,In2NdTl,True,True,False,True,True,True,True,True,True,True,False,False,False,False,verified
SUN_protect_no_rollback,H1A2_1200:0805,795,Li2O8Si2Ca2,False,False,False,True,False,True,True,True,False,False,False,False,False,False,verified
SUN_protect_no_rollback,H1A2_1200:0806,796,O2F10Fe6,True,True,False,True,True,True,True,True,True,True,False,False,False,False,verified
SUN_protect_no_rollback,H1A2_1200:0807,797,S4Se2Nb3,True,True,False,True,True,True,True,True,True,True,False,False,False,False,verified
SUN_protect_no_rollback,H1A2_1200:0808,798,Sc2Co6Sn6,True,True,False,True,True,True,True,True,True,True,False,True,False,True,verified
SUN_protect_no_rollback,H1A2_1200:0809,799,Mg2TmLu,True,True,False,True,True,True,True,True,True,True,True,True,True,True,verified
SUN_protect_no_rollback,H1A2_1200:0810,800,PmPt2Bi,False,False,False,True,False,True,True,True,False,False,True,True,True,True,verified
SUN_protect_no_rollback,H1A2_1200:0811,801,O7Cs2U2,True,True,False,True,True,True,True,True,True,True,False,True,False,True,verified
SUN_protect_no_rollback,H1A2_1200:0812,802,Rh3Sn3Hf3,True,True,False,True,True,True,True,True,True,True,True,True,True,True,verified
SUN_protect_no_rollback,H1A2_1200:0813,803,Al4Zr4Pd4,True,True,False,True,True,True,True,True,True,True,True,True,True,True,verified
SUN_protect_no_rollback,H1A2_1200:0814,804,Co2MoW,True,True,False,True,True,True,True,True,True,True,False,False,False,False,verified
SUN_protect_no_rollback,H1A2_1200:0815,805,O8Si2Cu4,True,True,False,True,True,True,True,True,True,True,False,False,False,False,verified
SUN_protect_no_rollback,H1A2_1200:0816,806,O6SbBa2Sm,True,True,False,True,True,True,True,True,True,True,False,True,False,True,verified
SUN_protect_no_rollback,H1A2_1200:0817,807,Fe16Y2,True,True,False,True,True,True,True,True,True,True,False,True,False,True,verified
SUN_protect_no_rollback,H1A2_1200:0818,808,MnCo3Zr6,True,True,False,True,True,True,True,True,True,True,False,True,False,True,verified
SUN_protect_no_rollback,H1A2_1200:0819,809,O6Na6,True,True,False,True,True,True,True,True,True,True,False,False,False,False,verified
SUN_protect_no_rollback,H1A2_1200:0820,810,Si6Ru6Nd2,False,False,False,True,False,True,True,True,False,False,False,False,False,False,verified
SUN_protect_no_rollback,H1A2_1200:0821,811,In6Gd2,True,True,False,True,True,True,True,True,True,True,False,True,False,True,verified
SUN_protect_no_rollback,H1A2_1200:0822,812,B6YRh10,True,True,False,True,True,True,True,True,True,True,False,True,False,True,verified
SUN_protect_no_rollback,H1A2_1200:0823,813,Al2TiFe12Ge4,True,True,False,True,True,True,True,True,True,True,False,False,False,False,verified
SUN_protect_no_rollback,H1A2_1200:0825,815,O2Na2Zn2,False,False,False,True,False,True,True,True,False,False,False,False,False,False,verified
SUN_protect_no_rollback,H1A2_1200:0827,816,B4O12Mn3Y,True,True,False,True,True,True,True,True,True,True,False,False,False,False,verified
SUN_protect_no_rollback,H1A2_1200:0828,817,Fe2As2Lu,True,True,False,True,True,True,True,True,True,True,False,True,False,True,verified
SUN_protect_no_rollback,H1A2_1200:0829,818,N4O4P4,True,True,False,True,True,True,True,True,True,True,False,True,False,True,verified
SUN_protect_no_rollback,H1A2_1200:0830,819,Li6O10Ti2Co2,True,True,False,True,True,True,True,True,True,True,False,False,False,False,verified
SUN_protect_no_rollback,H1A2_1200:0831,820,In4Pm2,False,False,False,True,False,True,True,True,False,False,True,True,True,True,verified
SUN_protect_no_rollback,H1A2_1200:0832,821,Li4OF11Mn3,True,True,False,True,True,True,True,True,True,True,False,True,False,True,verified
SUN_protect_no_rollback,H1A2_1200:0833,822,SnCe3,True,True,False,True,True,True,True,True,True,True,False,True,False,True,verified
SUN_protect_no_rollback,H1A2_1200:0834,823,B6Nb12,True,True,False,True,True,True,True,True,True,True,False,False,False,False,verified
SUN_protect_no_rollback,H1A2_1200:0835,824,Cd2In2Dy2,True,True,False,True,True,True,True,True,True,True,False,True,False,True,verified
SUN_protect_no_rollback,H1A2_1200:0836,825,Al2S8Cu4,False,True,True,True,True,True,True,True,True,False,False,False,False,False,verified
SUN_protect_no_rollback,H1A2_1200:0837,826,Se8Lu4,True,True,False,True,True,True,True,True,True,True,False,True,False,True,verified
SUN_protect_no_rollback,H1A2_1200:0838,827,Si4Sr8Pd4,False,False,False,True,False,True,True,True,False,False,False,True,False,True,verified
SUN_protect_no_rollback,H1A2_1200:0839,828,Ni2Ge2La,True,True,False,True,True,True,True,True,True,True,True,True,True,True,verified
SUN_protect_no_rollback,H1A2_1200:0840,829,Rh2InTh,True,True,False,True,True,True,True,True,True,True,True,True,True,True,verified
SUN_protect_no_rollback,H1A2_1200:0841,830,O8MgCu4,False,True,True,True,True,True,True,True,True,False,False,False,False,False,verified
SUN_protect_no_rollback,H1A2_1200:0842,831,Li2O8V6,True,True,False,True,True,True,False,False,False,False,False,True,False,False,verified
SUN_protect_no_rollback,H1A2_1200:0843,832,HgTl5,True,True,False,True,True,True,True,True,True,True,False,True,False,True,verified
SUN_protect_no_rollback,H1A2_1200:0844,833,Ga2Se6Hf4,True,True,False,True,True,True,True,True,True,True,False,False,False,False,verified
SUN_protect_no_rollback,H1A2_1200:0845,834,O6Ca2Co2,True,True,False,True,True,True,True,True,True,True,False,False,False,False,verified
SUN_protect_no_rollback,H1A2_1200:0846,835,Si2ScRh2,False,False,False,True,False,True,True,True,False,False,True,True,True,True,verified
SUN_protect_no_rollback,H1A2_1200:0847,836,O6Ba2ReU,True,True,False,True,True,True,True,True,True,True,False,False,False,False,verified
SUN_protect_no_rollback,H1A2_1200:0848,837,O6Na3NbEu,True,True,False,True,True,True,True,True,True,True,False,False,False,False,verified
SUN_protect_no_rollback,H1A2_1200:0850,839,O10Ca3Sn4,False,True,True,True,True,True,True,True,True,False,False,False,False,False,verified
SUN_protect_no_rollback,H1A2_1200:0851,840,O2F2Eu2,True,True,False,True,True,True,True,True,True,True,False,False,False,False,verified
SUN_protect_no_rollback,H1A2_1200:0852,841,O12P2K2Mn2Nd2,True,True,False,True,True,True,True,True,True,True,False,False,False,False,verified
SUN_protect_no_rollback,H1A2_1200:0853,842,P12Sm4,True,True,False,True,True,True,True,True,True,True,False,False,False,False,verified
SUN_protect_no_rollback,H1A2_1200:0854,843,O12Ti2V2La4,True,True,False,True,True,True,True,True,True,True,False,False,False,False,verified
SUN_protect_no_rollback,H1A2_1200:0855,844,Si6Ca4,False,False,False,True,False,True,True,True,False,False,False,True,False,True,verified
SUN_protect_no_rollback,H1A2_1200:0856,845,Li2O6V2Fe2,True,True,False,True,True,True,True,True,True,True,False,True,False,True,verified
SUN_protect_no_rollback,H1A2_1200:0857,846,Li4S8Co4,True,True,False,True,True,True,True,True,True,True,False,False,False,False,verified
SUN_protect_no_rollback,H1A2_1200:0858,847,S8As4Ag2,True,True,False,True,True,True,True,True,True,True,False,True,False,True,verified
SUN_protect_no_rollback,H1A2_1200:0859,848,O6K3PdSn,True,True,False,True,True,True,True,True,True,True,True,True,True,True,verified
SUN_protect_no_rollback,H1A2_1200:0860,849,N2O6K2Ba,True,True,False,True,True,True,True,True,True,True,False,False,False,False,verified
SUN_protect_no_rollback,H1A2_1200:0861,850,Li4F12Fe2,True,True,False,True,True,True,True,True,True,True,True,True,True,True,verified
SUN_protect_no_rollback,H1A2_1200:0862,851,P4Rh4,True,True,False,True,True,True,True,True,True,True,False,False,False,False,invalid_terminal
SUN_protect_no_rollback,H1A2_1200:0863,852,YPmTl2,False,False,False,True,False,True,True,True,False,False,True,True,True,True,verified
SUN_protect_no_rollback,H1A2_1200:0864,853,Ge2LaPt2,True,True,False,True,True,True,True,True,True,True,False,True,False,True,verified
SUN_protect_no_rollback,H1A2_1200:0865,854,As2Pd2Er,False,False,False,True,False,True,True,True,False,False,False,True,False,True,verified
SUN_protect_no_rollback,H1A2_1200:0866,855,S2Se6W3,False,True,True,True,True,True,True,True,True,False,False,False,False,False,invalid_terminal
SUN_protect_no_rollback,H1A2_1200:0867,856,O12V4Sn4,True,True,False,True,True,True,True,True,True,True,False,False,False,False,verified
SUN_protect_no_rollback,H1A2_1200:0868,857,Si4Ag8Er4,False,False,False,True,False,True,True,True,False,False,False,False,False,False,verified
SUN_protect_no_rollback,H1A2_1200:0870,859,O4YU,True,True,False,True,True,True,True,True,True,True,False,True,False,True,verified
SUN_protect_no_rollback,H1A2_1200:0871,860,O8Cu2Te2,True,True,False,True,True,True,True,True,True,True,False,True,False,True,verified
SUN_protect_no_rollback,H1A2_1200:0872,861,SiCo7Nd2,True,True,False,True,True,True,True,True,True,True,False,False,False,False,verified
SUN_protect_no_rollback,H1A2_1200:0873,862,K6Sn4Te10,False,True,True,True,True,True,True,True,True,False,False,True,False,True,verified
SUN_protect_no_rollback,H1A2_1200:0874,863,Li3O8F2Fe4,False,True,True,True,True,True,True,True,True,False,False,False,False,False,verified
SUN_protect_no_rollback,H1A2_1200:0875,864,Co9Ga4Ge2,True,True,False,True,True,True,True,True,True,True,False,True,False,True,verified
SUN_protect_no_rollback,H1A2_1200:0876,865,Sb6U4,True,True,False,True,True,True,True,True,True,True,False,True,False,True,verified
SUN_protect_no_rollback,H1A2_1200:0877,866,P2Ag2Tl2,True,True,False,True,True,True,True,True,True,True,False,False,False,False,verified
SUN_protect_no_rollback,H1A2_1200:0879,868,LiZn2Se4,False,False,False,True,False,True,True,True,False,False,False,False,False,False,verified
SUN_protect_no_rollback,H1A2_1200:0880,869,O3Cd2,False,False,False,True,False,True,True,True,False,False,False,False,False,False,verified
SUN_protect_no_rollback,H1A2_1200:0881,870,S8Ca4Tl4,True,True,False,True,True,True,True,True,True,True,False,True,False,True,verified
SUN_protect_no_rollback,H1A2_1200:0882,871,ScHf,True,True,False,True,True,True,False,False,False,False,False,True,False,False,verified
SUN_protect_no_rollback,H1A2_1200:0883,872,O12Cr4Sm4,True,True,False,True,True,True,True,True,True,True,False,True,False,True,verified
SUN_protect_no_rollback,H1A2_1200:0884,873,Cl4Cu2,True,True,False,True,True,True,True,True,True,True,False,False,False,False,verified
SUN_protect_no_rollback,H1A2_1200:0885,874,CCo9Ga,False,False,False,True,False,True,True,True,False,False,False,True,False,True,verified
SUN_protect_no_rollback,H1A2_1200:0887,876,Ca2Zr4,True,True,False,True,True,True,True,True,True,True,False,False,False,False,verified
SUN_protect_no_rollback,H1A2_1200:0888,877,Al4S12Sr4,False,False,False,True,False,True,True,True,False,False,False,False,False,False,verified
SUN_protect_no_rollback,H1A2_1200:0889,878,S10Ti2Sn4,True,True,False,True,True,True,True,True,True,True,False,True,False,True,verified
SUN_protect_no_rollback,H1A2_1200:0890,879,Al2Ge6Eu4,True,True,False,True,True,True,True,True,True,True,False,True,False,True,verified
SUN_protect_no_rollback,H1A2_1200:0891,880,Li2MgGe,True,True,False,True,True,True,True,True,True,True,False,True,False,True,verified
SUN_protect_no_rollback,H1A2_1200:0892,881,O4F8K4V2,True,True,False,True,True,True,True,True,True,True,False,True,False,True,verified
SUN_protect_no_rollback,H1A2_1200:0893,882,P4Ni4Pr4,True,True,False,True,True,True,True,True,True,True,False,False,False,False,verified
SUN_protect_no_rollback,H1A2_1200:0894,883,Ag3Lu,True,True,False,True,True,True,True,True,True,True,True,True,True,True,verified
SUN_protect_no_rollback,H1A2_1200:0895,884,InI6Cs2,False,False,False,True,False,True,True,True,False,False,True,True,True,True,verified
SUN_protect_no_rollback,H1A2_1200:0896,885,Li8P4,True,True,False,True,True,True,True,True,True,True,False,False,False,False,verified
SUN_protect_no_rollback,H1A2_1200:0897,886,O6SrBa2U,True,True,False,True,True,True,True,True,True,True,False,True,False,True,verified
SUN_protect_no_rollback,H1A2_1200:0898,887,Si8Ti2Co4,True,True,False,True,True,True,True,True,True,True,False,False,False,False,verified
SUN_protect_no_rollback,H1A2_1200:0899,888,O4Rb2Nd2,True,True,False,True,True,True,True,True,True,True,False,False,False,False,verified
SUN_protect_no_rollback,H1A2_1200:0900,889,O4Ti4,True,True,False,True,True,True,True,True,True,True,False,False,False,False,verified
SUN_protect_no_rollback,H1A2_1200:0901,890,Zn10As2,False,False,False,True,False,True,True,True,False,False,False,True,False,True,verified
SUN_protect_no_rollback,H1A2_1200:0902,891,O8F4V6,True,True,False,True,True,True,True,True,True,True,False,True,False,True,verified
SUN_protect_no_rollback,H1A2_1200:0903,892,O8K2Hf4,False,False,False,True,False,True,True,True,False,False,False,False,False,False,verified
SUN_protect_no_rollback,H1A2_1200:0904,893,Cu5YIn,True,True,False,True,True,True,True,True,True,True,False,True,False,True,verified
SUN_protect_no_rollback,H1A2_1200:0905,894,Li2F10Mn2,True,True,False,True,True,True,True,True,True,True,False,True,False,True,verified
SUN_protect_no_rollback,H1A2_1200:0906,895,Al4Mn4,True,True,False,True,True,True,True,True,True,True,False,False,False,False,verified
SUN_protect_no_rollback,H1A2_1200:0907,896,Li2O8Ti3Fe,True,True,False,True,True,True,True,True,True,True,False,False,False,False,verified
SUN_protect_no_rollback,H1A2_1200:0908,897,As4Ba2,True,True,False,True,True,True,True,True,True,True,False,True,False,True,verified
SUN_protect_no_rollback,H1A2_1200:0909,898,O12Fe2Cu2Ba2Nd2,True,True,False,True,True,True,True,True,True,True,False,False,False,False,verified
SUN_protect_no_rollback,H1A2_1200:0910,899,O4PdHf,True,True,False,True,True,True,True,True,True,True,False,True,False,True,verified
SUN_protect_no_rollback,H1A2_1200:0911,900,Mg2InCe,True,True,False,True,True,True,True,True,True,True,False,True,False,True,verified
SUN_protect_no_rollback,H1A2_1200:0912,901,O12Ti2Rh3U2,True,True,False,True,True,True,True,True,True,True,False,False,False,False,verified
SUN_protect_no_rollback,H1A2_1200:0913,902,O4F8Fe4,True,True,False,True,True,True,True,True,True,True,False,False,False,False,verified
SUN_protect_no_rollback,H1A2_1200:0914,903,MnNi,True,True,False,True,True,True,True,True,True,True,False,True,False,True,verified
SUN_protect_no_rollback,H1A2_1200:0915,904,Se2Sn2,True,True,False,True,True,True,True,True,True,True,False,True,False,True,verified
SUN_protect_no_rollback,H1A2_1200:0916,905,Al2Ce,True,True,False,True,True,True,True,True,True,True,False,True,False,True,verified
SUN_protect_no_rollback,H1A2_1200:0919,907,O10F2Mg2S2K4,True,True,False,True,True,True,True,True,True,True,False,False,False,False,verified
SUN_protect_no_rollback,H1A2_1200:0920,908,Si6Fe6Ho,False,True,True,True,True,True,True,True,True,False,False,False,False,False,verified
SUN_protect_no_rollback,H1A2_1200:0921,909,Ca3Cd3Tl3,True,True,False,True,True,True,True,True,True,True,False,True,False,True,verified
SUN_protect_no_rollback,H1A2_1200:0922,910,LiO8V6,False,True,True,True,True,True,True,True,True,False,False,True,False,True,verified
SUN_protect_no_rollback,H1A2_1200:0923,911,B6Mg2Pr,True,True,False,True,True,True,True,True,True,True,False,False,False,False,verified
SUN_protect_no_rollback,H1A2_1200:0924,912,Mg2Ca4,True,True,False,True,True,True,True,True,True,True,False,True,False,True,verified
SUN_protect_no_rollback,H1A2_1200:0925,913,Co9Ga6Hf3,True,True,False,True,True,True,True,True,True,True,False,False,False,False,verified
SUN_protect_no_rollback,H1A2_1200:0926,914,B6Co3Nb3,True,True,False,True,True,True,True,True,True,True,False,False,False,False,verified
SUN_protect_no_rollback,H1A2_1200:0927,915,Li4O6Ni3,False,True,True,True,True,True,True,True,True,False,False,False,False,False,verified
SUN_protect_no_rollback,H1A2_1200:0928,916,S8Ni4Zn2,True,True,False,True,True,True,True,True,True,True,False,False,False,False,verified
SUN_protect_no_rollback,H1A2_1200:0929,917,Cu2Sn4Nd2,True,True,False,True,True,True,True,True,True,True,False,False,False,False,invalid_terminal
SUN_protect_no_rollback,H1A2_1200:0930,918,Si6Co4La2,True,True,False,True,True,True,True,True,True,True,False,True,False,True,verified
SUN_protect_no_rollback,H1A2_1200:0932,920,O12Mn2Fe2Tm4,True,True,False,True,True,True,True,True,True,True,False,False,False,False,verified
SUN_protect_no_rollback,H1A2_1200:0933,921,Ge4Rh4Ho4,True,True,False,True,True,True,True,True,True,True,True,True,True,True,verified
SUN_protect_no_rollback,H1A2_1200:0934,922,Se6La2Lu2,True,True,False,True,True,True,True,True,True,True,False,True,False,True,verified
SUN_protect_no_rollback,H1A2_1200:0935,923,Mg2Ca4,True,True,False,True,True,True,True,True,True,True,False,True,False,True,verified
SUN_protect_no_rollback,H1A2_1200:0936,924,Ga4Pd8Eu4,True,True,False,True,True,True,True,True,True,True,False,True,False,True,verified
SUN_protect_no_rollback,H1A2_1200:0937,925,InNd2Hg,True,True,False,True,True,True,True,True,True,True,True,True,True,True,verified
SUN_protect_no_rollback,H1A2_1200:0938,926,O8Al2Si2K2,True,True,False,True,True,True,True,True,True,True,False,False,False,False,verified
SUN_protect_no_rollback,H1A2_1200:0939,927,S8Fe4Co2,True,True,False,True,True,True,True,True,True,True,False,False,False,False,verified
SUN_protect_no_rollback,H1A2_1200:0940,928,B6Rh2Tm,False,False,False,True,False,True,True,True,False,False,False,False,False,False,verified
SUN_protect_no_rollback,H1A2_1200:0941,929,Al4Eu2,True,True,False,True,True,True,False,False,False,False,True,True,False,False,verified
SUN_protect_no_rollback,H1A2_1200:0942,930,C2Se8Tm6,True,True,False,True,True,True,True,True,True,True,False,False,False,False,verified
SUN_protect_no_rollback,H1A2_1200:0943,931,H8O4Tc2,False,False,False,True,False,True,True,True,False,False,False,False,False,False,verified
SUN_protect_no_rollback,H1A2_1200:0944,932,Sn6Lu10,True,True,False,True,True,True,True,True,True,True,False,True,False,True,verified
SUN_protect_no_rollback,H1A2_1200:0945,933,H6Li2O6K2,False,False,False,True,False,True,True,True,False,False,False,False,False,False,verified
SUN_protect_no_rollback,H1A2_1200:0946,934,O8Fe2YBa2,True,True,False,True,True,True,True,True,True,True,False,False,False,False,verified
SUN_protect_no_rollback,H1A2_1200:0947,935,Mg2I12Tl4,True,True,False,True,True,True,True,True,True,True,True,True,True,True,verified
SUN_protect_no_rollback,H1A2_1200:0948,936,O8Sc2Mo2,True,True,False,True,True,True,True,True,True,True,False,True,False,True,verified
SUN_protect_no_rollback,H1A2_1200:0949,937,O12Y4Dy4,True,True,False,True,True,True,True,True,True,True,False,False,False,False,verified
SUN_protect_no_rollback,H1A2_1200:0950,938,Cu4In2Ce4,True,True,False,True,True,True,True,True,True,True,False,False,False,False,verified
SUN_protect_no_rollback,H1A2_1200:0951,939,CdAu2,True,True,False,True,True,True,True,True,True,True,False,True,False,True,verified
SUN_protect_no_rollback,H1A2_1200:0952,940,Rh2SmTm,True,True,False,True,True,True,True,True,True,True,False,True,False,True,verified
SUN_protect_no_rollback,H1A2_1200:0953,941,Si2Ni6Sm2,False,False,False,True,False,True,True,True,False,False,False,True,False,True,verified
SUN_protect_no_rollback,H1A2_1200:0954,942,Mg4Zn2,True,True,False,True,True,True,True,True,True,True,False,True,False,True,verified
SUN_protect_no_rollback,H1A2_1200:0955,943,O4Sr2InBi,True,True,False,True,True,True,True,True,True,True,False,False,False,False,verified
SUN_protect_no_rollback,H1A2_1200:0956,944,CuAg2Eu,True,True,False,True,True,True,True,True,True,True,False,True,False,True,verified
SUN_protect_no_rollback,H1A2_1200:0957,945,S4Br2Ta2,True,True,False,True,True,True,True,True,True,True,False,True,False,True,verified
SUN_protect_no_rollback,H1A2_1200:0958,946,O8P2Fe2,True,True,False,True,True,True,True,True,True,True,False,False,False,False,verified
SUN_protect_no_rollback,H1A2_1200:0959,947,LiF6AgCs2,True,True,False,True,True,True,True,True,True,True,False,True,False,True,verified
SUN_protect_no_rollback,H1A2_1200:0960,948,Co8Ga4Sm2,True,True,False,True,True,True,True,True,True,True,False,True,False,True,verified
SUN_protect_no_rollback,H1A2_1200:0961,949,Ni3InTm2,True,True,False,True,True,True,True,True,True,True,False,True,False,True,verified
SUN_protect_no_rollback,H1A2_1200:0962,950,Cl6AgCs2Au,True,True,False,True,True,True,True,True,True,True,False,True,False,True,verified
SUN_protect_no_rollback,H1A2_1200:0963,951,Al6Mo2,True,True,False,True,True,True,True,True,True,True,False,True,False,True,verified
SUN_protect_no_rollback,H1A2_1200:0964,952,Na8Pd4,True,True,False,True,True,True,True,True,True,True,False,True,False,True,verified
SUN_protect_no_rollback,H1A2_1200:0965,953,Co4Nb4Lu4,True,True,False,True,True,True,True,True,True,True,False,True,False,True,verified
SUN_protect_no_rollback,H1A2_1200:0966,954,Li4O8Co4,True,True,False,True,True,True,True,True,True,True,False,False,False,False,verified
SUN_protect_no_rollback,H1A2_1200:0967,955,SiMn2Ir,False,False,False,True,False,True,True,True,False,False,False,False,False,False,invalid_terminal
SUN_protect_no_rollback,H1A2_1200:0968,956,O6Na4Cd2,False,False,False,True,False,True,True,True,False,False,False,False,False,False,verified
SUN_protect_no_rollback,H1A2_1200:0969,957,Cu4Sn4Sm2,True,True,False,True,True,True,True,True,True,True,False,True,False,True,verified
SUN_protect_no_rollback,H1A2_1200:0970,958,Si12NdU,False,False,False,True,False,True,True,True,False,False,False,False,False,False,verified
SUN_protect_no_rollback,H1A2_1200:0971,959,O12Ti4Ni4,True,True,False,True,True,True,True,True,True,True,False,False,False,False,verified
SUN_protect_no_rollback,H1A2_1200:0972,960,H8Y2,True,True,False,True,True,True,True,True,True,True,False,False,False,False,verified
SUN_protect_no_rollback,H1A2_1200:0973,961,H4O4Br4Cs4,True,True,False,True,True,True,True,True,True,True,False,False,False,False,invalid_terminal
SUN_protect_no_rollback,H1A2_1200:0974,962,Mg2SnTb,True,True,False,True,True,True,True,True,True,True,False,True,False,True,verified
SUN_protect_no_rollback,H1A2_1200:0976,964,B2O6Zr2,True,True,False,True,True,True,True,True,True,True,False,False,False,False,verified
SUN_protect_no_rollback,H1A2_1200:0977,965,O2Rb6Bi2,True,True,False,True,True,True,True,True,True,True,False,False,False,False,verified
SUN_protect_no_rollback,H1A2_1200:0978,966,MgNdAu2,True,True,False,True,True,True,True,True,True,True,True,True,True,True,verified
SUN_protect_no_rollback,H1A2_1200:0979,967,Al6Ce10,True,True,False,True,True,True,True,True,True,True,False,True,False,True,verified
SUN_protect_no_rollback,H1A2_1200:0980,968,K3CaI6Pr,False,False,False,True,False,True,True,True,False,False,False,True,False,True,verified
SUN_protect_no_rollback,H1A2_1200:0981,969,Mn6Ge2Sn4Er,True,True,False,True,True,True,True,True,True,True,False,True,False,True,verified
SUN_protect_no_rollback,H1A2_1200:0982,970,YRuTl2,True,True,False,True,True,True,True,True,True,True,False,False,False,False,verified
SUN_protect_no_rollback,H1A2_1200:0983,971,Al3Cu2Tb,True,True,False,True,True,True,True,True,True,True,False,True,False,True,verified
SUN_protect_no_rollback,H1A2_1200:0984,972,Sn6Ba10,True,True,False,True,True,True,True,True,True,True,False,False,False,False,verified
SUN_protect_no_rollback,H1A2_1200:0985,973,Si4Ti8,True,True,False,True,True,True,True,True,True,True,False,True,False,True,verified
SUN_protect_no_rollback,H1A2_1200:0986,974,Li6O10Mn4,True,True,False,True,True,True,True,True,True,True,False,False,False,False,verified
SUN_protect_no_rollback,H1A2_1200:0987,975,Al2Fe10Nd,True,True,False,True,True,True,True,True,True,True,False,True,False,True,verified
SUN_protect_no_rollback,H1A2_1200:0988,976,Ge6Tc4,True,True,False,True,True,True,True,True,True,True,True,True,True,True,verified
SUN_protect_no_rollback,H1A2_1200:0989,977,Li4O8Co3Te,True,True,False,True,True,True,True,True,True,True,False,True,False,True,verified
SUN_protect_no_rollback,H1A2_1200:0990,978,Li4OF11Mn3,True,True,False,True,True,True,True,True,True,True,False,True,False,True,verified
SUN_protect_no_rollback,H1A2_1200:0991,979,C4O12Sr4,True,True,False,True,True,True,True,True,True,True,False,True,False,True,verified
SUN_protect_no_rollback,H1A2_1200:0992,980,Li2GeSb,True,True,False,True,True,True,True,True,True,True,False,False,False,False,verified
SUN_protect_no_rollback,H1A2_1200:0993,981,Al2CdSm,True,True,False,True,True,True,True,True,True,True,False,False,False,False,verified
SUN_protect_no_rollback,H1A2_1200:0994,982,MnGa2Te4,True,True,False,True,True,True,True,True,True,True,True,True,True,True,verified
SUN_protect_no_rollback,H1A2_1200:0995,983,Fe17Tb2,True,True,False,True,True,True,True,True,True,True,False,True,False,True,verified
SUN_protect_no_rollback,H1A2_1200:0996,984,Fe4Ni2Gd12,True,True,False,True,True,True,True,True,True,True,False,True,False,True,verified
SUN_protect_no_rollback,H1A2_1200:0997,985,Li4OF11V3,True,True,False,True,True,True,True,True,True,True,False,False,False,False,verified
SUN_protect_no_rollback,H1A2_1200:0998,986,Mn12Co4,True,True,False,True,True,True,True,True,True,True,False,True,False,True,verified
SUN_protect_no_rollback,H1A2_1200:0999,987,O7Cr2Zn2,True,True,False,True,True,True,True,True,True,True,False,False,False,False,verified
SUN_protect_no_rollback,H1A2_1200:1000,988,O12Ca4Se4,True,True,False,True,True,True,True,True,True,True,False,True,False,True,verified
SUN_protect_no_rollback,H1A2_1200:1001,989,Li2Si4Hf4,False,False,False,True,False,True,True,True,False,False,False,False,False,False,verified
SUN_protect_no_rollback,H1A2_1200:1002,990,O7Zn2La2Os,True,True,False,True,True,True,True,True,True,True,False,False,False,False,verified
SUN_protect_no_rollback,H1A2_1200:1003,991,MgAl2Se4,True,True,False,True,True,True,True,True,True,True,False,True,False,True,verified
SUN_protect_no_rollback,H1A2_1200:1004,992,Ni2InDy2,True,True,False,True,True,True,True,True,True,True,False,True,False,True,verified
SUN_protect_no_rollback,H1A2_1200:1005,993,B4C4Al2Co6,True,True,False,True,True,True,True,True,True,True,False,False,False,False,verified
SUN_protect_no_rollback,H1A2_1200:1007,995,O6Ba2HfW,True,True,False,True,True,True,True,True,True,True,False,True,False,True,verified
SUN_protect_no_rollback,H1A2_1200:1008,996,Se6Rb2Mo6,False,True,True,True,True,True,True,True,True,False,False,False,False,False,verified
SUN_protect_no_rollback,H1A2_1200:1009,997,NaAs,True,True,False,True,True,True,True,True,True,True,False,False,False,False,verified
SUN_protect_no_rollback,H1A2_1200:1010,998,O2Te6Tm6,False,False,False,True,False,True,True,True,False,False,False,False,False,False,verified
SUN_protect_no_rollback,H1A2_1200:1011,999,N8Ca4U4,True,True,False,True,True,True,True,True,True,True,False,True,False,True,verified
SUN_protect_no_rollback,H1A2_1200:1012,1000,S2MoTe6W3,True,True,False,True,True,True,True,True,True,True,False,False,False,False,verified
SUN_protect_no_rollback,H1A2_1200:1013,1001,B2O6F6S2,True,True,False,True,True,True,True,True,True,True,False,True,False,True,verified
SUN_protect_no_rollback,H1A2_1200:1014,1002,F6K2Tb,True,True,False,True,True,True,True,True,True,True,False,True,False,True,verified
SUN_protect_no_rollback,H1A2_1200:1015,1003,O8Fe2Cu4,True,True,False,True,True,True,True,True,True,True,False,True,False,True,verified
SUN_protect_no_rollback,H1A2_1200:1016,1004,Ga10Pr4Ir4,True,True,False,True,True,True,True,True,True,True,True,True,True,True,verified
SUN_protect_no_rollback,H1A2_1200:1017,1005,N2Ru2La2,True,True,False,True,True,True,True,True,True,True,False,False,False,False,verified
SUN_protect_no_rollback,H1A2_1200:1018,1006,O12V4Mo2,True,True,False,True,True,True,True,True,True,True,False,False,False,False,verified
SUN_protect_no_rollback,H1A2_1200:1019,1007,K4Mn2Te4,True,True,False,True,True,True,True,True,True,True,False,True,False,True,verified
SUN_protect_no_rollback,H1A2_1200:1020,1008,Ag2Sn2Pr2,True,True,False,True,True,True,False,False,False,False,False,True,False,False,verified
SUN_protect_no_rollback,H1A2_1200:1021,1009,Al3Si3La3,True,True,False,True,True,True,True,True,True,True,False,True,False,True,verified
SUN_protect_no_rollback,H1A2_1200:1022,1010,Na10Sn8,True,True,False,True,True,True,True,True,True,True,False,True,False,True,verified
SUN_protect_no_rollback,H1A2_1200:1024,1012,ScRu2Te4,False,False,False,True,False,True,True,True,False,False,True,True,True,True,verified
SUN_protect_no_rollback,H1A2_1200:1025,1013,O6TiSrGdW,True,True,False,True,True,True,True,True,True,True,False,False,False,False,verified
SUN_protect_no_rollback,H1A2_1200:1026,1014,O8Co2Zn4,True,True,False,True,True,True,True,True,True,True,False,False,False,False,verified
SUN_protect_no_rollback,H1A2_1200:1027,1015,Ca2Cu2Ga2,True,True,False,True,True,True,True,True,True,True,True,True,True,True,verified
SUN_protect_no_rollback,H1A2_1200:1028,1016,O12Ca4Hf4,True,True,False,True,True,True,True,True,True,True,False,False,False,False,verified
SUN_protect_no_rollback,H1A2_1200:1029,1017,LiCl6Cs2Au,True,True,False,True,True,True,True,True,True,True,False,True,False,True,verified
SUN_protect_no_rollback,H1A2_1200:1030,1018,GeRh3Sm2,True,True,False,True,True,True,True,True,True,True,False,True,False,True,verified
SUN_protect_no_rollback,H1A2_1200:1031,1019,Li4O8Mn3Co,True,True,False,True,True,True,True,True,True,True,False,True,False,True,verified
SUN_protect_no_rollback,H1A2_1200:1032,1020,Si2Mn2,True,True,False,True,True,True,True,True,True,True,False,True,False,True,verified
SUN_protect_no_rollback,H1A2_1200:1033,1021,O6Na4Fe2,True,True,False,True,True,True,True,True,True,True,False,True,False,True,verified
SUN_protect_no_rollback,H1A2_1200:1034,1022,O12Ge2Ce4U2,True,True,False,True,True,True,True,True,True,True,False,False,False,False,verified
SUN_protect_no_rollback,H1A2_1200:1035,1023,O8Na2Si2Cu2,True,True,False,True,True,True,True,True,True,True,False,False,False,False,verified
SUN_protect_no_rollback,H1A2_1200:1036,1024,O8P2CaCu2,True,True,False,True,True,True,True,True,True,True,False,True,False,True,verified
SUN_protect_no_rollback,H1A2_1200:1037,1025,O4F2Ag4,False,True,True,True,True,True,True,True,True,False,False,True,False,True,verified
SUN_protect_no_rollback,H1A2_1200:1039,1027,O10V4Zn,True,True,False,True,True,True,True,True,True,True,False,False,False,False,verified
SUN_protect_no_rollback,H1A2_1200:1040,1028,O6NaZr2Tl,True,True,False,True,True,True,True,True,True,True,False,False,False,False,verified
SUN_protect_no_rollback,H1A2_1200:1041,1029,F4Cu3Se2,True,True,False,True,True,True,True,True,True,True,False,True,False,True,verified
SUN_protect_no_rollback,H1A2_1200:1042,1030,P8Sr8Pb4,True,True,False,True,True,True,True,True,True,True,False,False,False,False,verified
SUN_protect_no_rollback,H1A2_1200:1043,1031,O6Co2Ba2Sm,True,True,False,True,True,True,True,True,True,True,False,False,False,False,verified
SUN_protect_no_rollback,H1A2_1200:1044,1032,O10V4Y2,True,True,False,True,True,True,True,True,True,True,False,False,False,False,verified
SUN_protect_no_rollback,H1A2_1200:1045,1033,C2O10Na2Ba2,True,True,False,True,True,True,True,True,True,True,False,False,False,False,verified
SUN_protect_no_rollback,H1A2_1200:1046,1034,O12Sr4Tm4,True,True,False,True,True,True,True,True,True,True,False,False,False,False,verified
SUN_protect_no_rollback,H1A2_1200:1047,1035,ScAg2Cd,True,True,False,True,True,True,True,True,True,True,True,True,True,True,verified
SUN_protect_no_rollback,H1A2_1200:1048,1036,O6Na2In2,True,True,False,True,True,True,True,True,True,True,False,False,False,False,verified
SUN_protect_no_rollback,H1A2_1200:1050,1038,Mn2As6Y2,True,True,False,True,True,True,True,True,True,True,False,True,False,True,verified
SUN_protect_no_rollback,H1A2_1200:1051,1039,O6Fe4,True,True,False,True,True,True,True,True,True,True,False,False,False,False,verified
SUN_protect_no_rollback,H1A2_1200:1052,1040,F12Pd2Cs2,False,False,False,True,False,True,True,True,False,False,False,True,False,True,verified
SUN_protect_no_rollback,H1A2_1200:1053,1041,Cu4Sb4Tm2,True,True,False,True,True,True,True,True,True,True,False,True,False,True,verified
SUN_protect_no_rollback,H1A2_1200:1054,1042,S4In2La2,True,True,False,True,True,True,True,True,True,True,False,False,False,False,verified
SUN_protect_no_rollback,H1A2_1200:1055,1043,Zn3Ge4Pr3,True,True,False,True,True,True,True,True,True,True,False,False,False,False,verified
SUN_protect_no_rollback,H1A2_1200:1056,1044,Ni2YIn,True,True,False,True,True,True,True,True,True,True,False,True,False,True,verified
SUN_protect_no_rollback,H1A2_1200:1057,1045,Y4Ir6,True,True,False,True,True,True,True,True,True,True,False,False,False,False,verified
SUN_protect_no_rollback,H1A2_1200:1058,1046,Mg4Cd2,True,True,False,True,True,True,True,True,True,True,False,True,False,True,verified
SUN_protect_no_rollback,H1A2_1200:1059,1047,H4Li4O8Mn2,True,True,False,True,True,True,True,True,True,True,False,False,False,False,verified
SUN_protect_no_rollback,H1A2_1200:1060,1048,Mg3Ag,True,True,False,True,True,True,True,True,True,True,False,True,False,True,verified
SUN_protect_no_rollback,H1A2_1200:1061,1049,B2C2La2,True,True,False,True,True,True,True,True,True,True,False,False,False,False,verified
